imgid,timestamp_seconds,tx,ty,tz,qx,qy,qz,qw
1,7.009129,465666.057548,5247973.646622,469.019496,0.6242869001023085,-0.35234519067365855,0.48360530814456165,0.5022396229930461
31,7.988182,465665.957153,5247973.611734,469.70929,0.626489516623966,-0.3495040487273201,0.49526924801397665,0.48996548598360523
61,9.002265,465665.909026,5247973.676972,469.997052,0.6313491319297696,-0.342176106773426,0.5258917940146698,0.4557977693593281
91,9.998204,465665.829212,5247973.715876,470.127735,0.6360954917424222,-0.335176043022294,0.527281242001326,0.4527847583592258
121,10.997044,465665.782634,5247973.631864,470.199503,0.6373434150960526,-0.33312646040799226,0.5298269164373929,0.4495593077984116
151,11.98896,465665.595499,5247973.569697,470.621347,0.6413824254179619,-0.3267115452777747,0.5337403611428043,0.4438573841160356
181,12.990712,465665.469848,5247973.536518,470.943083,0.6427870302981152,-0.324176192776139,0.5374969156478316,0.4391260586514595
211,13.989764,465665.496991,5247973.448533,471.014317,0.6470528871758926,-0.31736713088977453,0.5425102490716187,0.43160548546141597
241,14.990721,465665.472788,5247973.300544,471.102999,0.6420083818073581,-0.3259377354445175,0.5205448854569359,0.4589366541550399
271,15.983557,465665.414829,5247973.240896,471.297857,0.6395253076153907,-0.3291981683505643,0.5060059267251626,0.4760188536109498
301,16.989655,465665.37755,5247973.39527,471.474089,0.6430156841626163,-0.3240152219516108,0.5171852974333736,0.46267087003969015
331,17.985701,465665.407641,5247973.568785,471.593648,0.6409174890322997,-0.32711026860499737,0.5167971014244526,0.4638366095781813
361,18.984784,465665.35783,5247973.66338,471.575413,0.6411864261555692,-0.32668810779260216,0.512632001994644,0.4683623358807807
391,19.983676,465665.311139,5247973.73119,471.555241,0.6429864309865626,-0.3237628296331878,0.5057583089368966,0.47534683406578443
421,20.996026,465665.225663,5247973.793967,471.530586,0.6412850888485973,-0.32617652818755205,0.5057988130039306,0.4759515395959724
451,21.988746,465665.297074,5247973.887483,471.546673,0.6384524528740992,-0.3299490013599682,0.5002966851218779,0.48292375047896186
481,22.986362,465665.390125,5247974.013123,471.570619,0.08473302531384419,-0.5964346150619921,-0.08624513770538375,0.7935035227389959
511,23.980061,465665.30685,5247974.177369,471.553097,0.06593766498783526,-0.5995135190662253,-0.10218116307555516,0.7910719150022388
541,24.99133,465665.251687,5247974.188836,471.566827,0.04553422037005578,-0.6023702499930232,-0.11931211044656398,0.787934855809426
571,25.988216,465665.088825,5247974.031113,471.56249,0.023112320383672003,-0.5932079580719833,-0.15276276416733423,0.7900846011728782
601,26.989146,465664.674506,5247973.960194,471.525364,0.07684131318023618,-0.5895004539206896,-0.10908615510687844,0.7966710978691494
631,27.987,465664.263487,5247973.865909,471.479137,0.23993959953461638,-0.6004061531907199,0.09559659966627643,0.7568373206430399
661,28.986773,465663.931917,5247973.628292,471.491279,0.5624601754640024,-0.42362476563799667,0.42674175704359946,0.5675139485074333
691,29.985701,465663.686244,5247973.384568,471.659159,0.5671152495668398,-0.41615007348309896,0.417963120386696,0.5748967211990068
721,30.994598,465663.638741,5247973.355554,471.710632,0.5605807846366464,-0.42508720911184145,0.42671032843028495,0.5683030390175526
751,31.984283,465663.579073,5247973.449049,471.70663,0.5504161438028198,-0.43804028332064887,0.4346725184203159,0.5623367145756532
781,32.988469,465663.523569,5247973.463732,471.698719,0.5564450790936476,-0.42978334268967433,0.42846209049233447,0.5675168625775738
811,33.990537,465663.486933,5247973.43749,471.684765,0.555127430698783,-0.432423293779319,0.43634081649847484,0.5607587025987708
841,34.996511,465663.353509,5247973.392721,471.908201,0.555883954363169,-0.4328052376066586,0.44503417408874435,0.5528265907813764
871,35.985152,465663.196314,5247973.303684,472.073158,0.5547115273006344,-0.4328236612868609,0.4368197554193681,0.5604884485744533
901,36.990143,465663.062035,5247973.146146,472.228222,0.5458603859284278,-0.44103205784067395,0.42654702059707206,0.5706003875311069
931,37.989044,465662.969994,5247972.9713,472.384702,0.5454245588773882,-0.44240880839316576,0.4316466796493001,0.5660986140040268
961,38.995498,465662.881827,5247972.85776,472.325269,0.5443150884167696,-0.4422307778826425,0.4236213310058994,0.5733218917257106
991,39.987301,465662.924803,5247972.880759,472.206854,0.5424425926502663,-0.44455789172407195,0.426426569576482,0.5712133536113625
1021,40.988166,465663.126758,5247973.04768,472.224943,0.5435125892373588,-0.44325425479403335,0.4267006661147667,0.5710046168681148
1051,41.985116,465663.328791,5247973.108067,472.348004,0.5376092234290101,-0.45005400691814185,0.42651902889335647,0.5714098631742809
1081,42.996139,465663.615615,5247973.074926,472.493132,0.5359458113352796,-0.45185391359312804,0.42621674798339404,0.5717774145777381
1111,43.990078,465663.848065,5247972.959125,472.653144,0.5454851101631701,-0.44170869713051397,0.4307205612022285,0.5672911242273895
1141,44.990278,465664.030846,5247972.868878,472.678681,0.5405147071223895,-0.4499828313884873,0.44707236294715463,0.5527075222292936
1171,45.989353,465664.077483,5247972.704337,472.645234,0.5489038002234454,-0.4417269782275416,0.45711944373901764,0.5427925100459253
1201,46.99123,465664.03277,5247972.414784,472.612101,0.5578595770633462,-0.4308185305048944,0.4540013860757588,0.5450420419505249
1231,47.990403,465664.081083,5247971.959472,472.593945,0.562125084112955,-0.42327414660354135,0.4382814544162788,0.5592528527802055
1261,48.991066,465664.128353,5247971.418148,472.573467,0.559847303117277,-0.42532877592916973,0.43501172036636526,0.5625222064086014
1291,49.985621,465664.198722,5247970.94701,472.454012,0.5595321791330937,-0.42512663867576683,0.43188979501959385,0.5653868468232602
1321,50.987603,465664.301125,5247970.528781,472.278771,0.561315812268627,-0.4219586717384168,0.4263933147285449,0.5701439988255307
1351,51.987067,465664.477817,5247970.103249,472.205338,0.5582702480035107,-0.4250753352869675,0.4234864478498423,0.5729786366107322
1381,52.996408,465664.864231,5247969.533564,472.301074,0.558648781384957,-0.4239102406705216,0.41951740723843894,0.5763825048834331
1411,53.987063,465665.369986,5247968.719927,472.47957,0.5494882661931098,-0.43519216276392536,0.42061418963438807,0.575981015540577
1441,54.988206,465665.661658,5247967.802949,472.485455,0.5466730679133319,-0.43770570956729776,0.4167931274436535,0.579522007818644
1471,55.989633,465665.829723,5247966.956482,472.504998,0.5362810712276358,-0.450316646582095,0.42083202427458266,0.5766436835680703
1501,56.99073,465666.003867,5247966.198347,472.514936,0.5321968520103882,-0.45403005848223016,0.4160075976107003,0.580999910012927
1531,57.987768,465666.086188,5247965.523712,472.500656,0.5320200950073798,-0.454141002549874,0.41567249642592147,0.5813148407071472
1561,59.000097,465666.261249,5247964.914525,472.432667,0.5322760530923214,-0.45231244069752025,0.4081509414016052,0.5877996838445015
1591,59.990803,465666.457996,5247964.287986,472.4187,0.5234986409491155,-0.4614102345415874,0.4045114894276014,0.5911177744796464
1621,60.98782,465666.627835,5247963.61565,472.356626,0.5162770992532144,-0.47022742264844214,0.40839683450336045,0.5878402447465849
1651,61.986624,465666.685631,5247962.953734,472.3237,0.5178436799537046,-0.46648821372326704,0.3986881117775486,0.596049040865375
1681,62.989481,465666.74326,5247962.338998,472.298479,0.5205244154091071,-0.46216335538407227,0.3929216282534599,0.6008926359623596
1711,63.986343,465666.831446,5247961.654929,472.267263,0.5198114999167963,-0.4636187491113397,0.39519692449865773,0.5988931882176398
1741,64.994689,465666.987233,5247960.856909,472.256034,0.5230747486798041,-0.4593581532828426,0.3924340679865416,0.6011475664008554
1771,65.990465,465667.155511,5247960.043497,472.282232,0.522522109266951,-0.45877111218284206,0.38782596109025286,0.6050543247165135
1801,66.990381,465667.426796,5247959.282904,472.332319,0.5159632827129279,-0.4655179265901073,0.38567935517350604,0.6068989915202491
1831,67.98807,465667.715606,5247958.497246,472.381611,0.5124728804364227,-0.4692408655237282,0.384646047539426,0.6076446124603065
1861,68.99519,465667.99334,5247957.718506,472.394831,0.519210709695582,-0.4619960697076063,0.38496365544152583,0.6072749414402281
1891,69.989999,465668.184598,5247956.992811,472.418322,0.519316988074159,-0.4619718340422671,0.38521795592285757,0.6070411986709165
1921,70.990095,465668.274677,5247956.293537,472.374027,0.5145618522136476,-0.4681534706543041,0.38886657883804454,0.6040208705198726
1951,71.989103,465668.287881,5247955.512363,472.393836,0.5139463018479896,-0.4681714802085945,0.38567535556065696,0.6065716643969034
1981,72.994975,465668.240305,5247954.639218,472.375383,0.516882980491182,-0.46414370822257167,0.3813580643194653,0.6098923096534855
2011,73.99058,465668.13455,5247953.829572,472.308824,0.5194107429080819,-0.4620882871993801,0.38408773304983856,0.6075882720275743
2041,75.00071,465668.133627,5247953.178164,472.285065,0.5122989501936327,-0.4678708849137198,0.37626763884962444,0.6140596751416617
2071,75.989663,465668.29163,5247952.585157,472.285649,0.5164948988238308,-0.462745001166446,0.3742209913266569,0.6156774586054946
2101,76.991726,465668.457255,5247951.975588,472.267146,0.5158779012401907,-0.4635184445798266,0.37375450699970947,0.6158962664635326
2131,77.996073,465668.52618,5247951.358508,472.331323,0.5129096820292048,-0.466662600005022,0.3733980236893792,0.6162171628104159
2161,79.000118,465668.687053,5247950.731803,472.411305,0.5269840006594798,-0.449336704595563,0.3662220567899335,0.6215028512184638
2191,79.992207,465668.922166,5247950.242739,472.422071,0.5269312259682627,-0.45021027095905414,0.3709168166635064,0.6181220835229634
2221,81.000374,465669.124911,5247949.854076,472.36045,0.5207496676335855,-0.4585131200142861,0.3768557619843584,0.6136491156136897
2251,81.991045,465669.215315,5247949.481769,472.228642,0.5173092907221127,-0.46345618093608343,0.381273219877008,0.6101067102477594
2281,82.992046,465669.269402,5247949.041253,472.095281,0.5159189871336438,-0.464330049499089,0.37777056995360414,0.6127924610535753
2311,83.989841,465669.379325,5247948.43129,472.050058,0.5128871544071026,-0.467762217825985,0.37821265333931847,0.612454458121364
2341,84.992067,465669.568193,5247947.61702,472.183103,0.5183603127689717,-0.4614782948994075,0.3761399359089332,0.613888522532563
2371,85.990138,465669.867298,5247946.819699,472.238948,0.5232055367007918,-0.45596355154683416,0.3754240746176515,0.6143370168107354
2401,87.001223,465670.125197,5247946.183102,472.234783,0.5176511618872487,-0.46253611312178483,0.3779153597410121,0.612599052828842
2431,88.00043,465670.340223,5247945.692682,472.391674,0.5141689561167118,-0.4658289510654246,0.3761391165447212,0.6141278677279624
2461,88.994146,465670.597957,5247945.27514,472.576764,0.5090529843214785,-0.4705285267108784,0.37281342995090877,0.6168290777459551
2491,89.991047,465670.835934,5247945.06063,472.677734,0.5085372027443965,-0.47042224585430636,0.37042402862915325,0.6187720606527443
2521,91.001091,465670.861544,5247945.155078,472.843606,0.5017703535689999,-0.4775555995042007,0.3707123669517512,0.6186594399590574
2551,91.995038,465670.805586,5247945.513965,473.003089,0.4925977704450745,-0.4860185760499811,0.3659837387042778,0.6222453561826954
2581,92.991947,465670.77871,5247945.857956,473.075739,0.48183951679723647,-0.49667609418888925,0.3638128202241844,0.6235252756339559
2611,93.988793,465670.754391,5247946.064116,472.935796,0.5003059737441045,-0.47810088344592505,0.36577105091165935,0.6223544136576601
2641,94.99071,465670.690166,5247946.104349,472.8166,0.5025347409889288,-0.47550668438639493,0.3641897751452216,0.6234725614513605
2671,95.990981,465670.681486,5247945.86881,472.710391,0.507616765401944,-0.4698938732073773,0.3625636575922679,0.6245578929117408
2701,96.996051,465670.735573,5247945.486816,472.549101,0.5100092123178501,-0.4663299293752573,0.35832532493343994,0.6277180591883095
2731,97.989612,465670.88766,5247944.802549,472.600566,0.5112914191381343,-0.4652104201067821,0.35839347880486416,0.6274667035707404
2761,98.992435,465671.113239,5247943.935207,472.898183,0.4964830255426947,-0.4806645200976617,0.3569411600357555,0.6285373757697993
2791,99.99452,465671.315385,5247943.034847,472.994008,0.5035840423153894,-0.47240296871053344,0.35413658914720203,0.6307343527238328
2821,100.998957,465671.437281,5247942.163725,473.048356,0.4950274743477307,-0.4810386306499339,0.35303687961510605,0.6315968627969684
2851,101.9915,465671.398187,5247941.31913,473.073188,0.49582201096906703,-0.4800703676450875,0.3519240506604026,0.6323309561570392
2881,102.999317,465671.14607,5247940.536924,473.004306,0.4948962961204514,-0.4817984989587485,0.3558877235932622,0.6295171091264804
2911,103.990109,465670.978821,5247939.816449,472.925542,0.4824535414177712,-0.49535336664458207,0.35915189024671407,0.6267962525889424
2941,104.996367,465670.815504,5247939.219367,472.832054,0.5032852415163334,-0.4730623536929217,0.35778678391317725,0.6284143477415393
2971,105.992047,465670.808923,5247938.838576,472.691937,0.49385789900633975,-0.4827896126142679,0.3573002303580488,0.6287727021165076
3001,106.990709,465670.875234,5247938.445678,472.640704,0.4976950437924478,-0.4772828077769685,0.3509776527990593,0.6334946345634113
3031,107.990602,465671.131077,5247937.934385,472.72788,0.5011702113593283,-0.47358207438916494,0.3506080475044311,0.6337368815908007
3061,108.995519,465671.404617,5247937.381885,472.740686,0.4969025974073303,-0.4780598744710438,0.35034875262322107,0.6338787870294535
3091,109.993408,465671.552718,5247936.835703,472.721199,0.4866688803873435,-0.48752454712867943,0.3457799178168362,0.637110245753502
3121,110.990173,465671.654266,5247936.185499,472.741795,0.49612185596121344,-0.47795531914797784,0.3459539992415785,0.636975389904911
3151,111.987977,465671.708128,5247935.536218,472.747013,0.493512577547191,-0.4804503380254877,0.34526813546501606,0.6374972338186525
3181,112.995073,465671.743383,5247934.894544,472.705076,0.4944138298100164,-0.4792253338683161,0.34397839513770667,0.6384175028536426
3211,113.991817,465671.819721,5247934.172172,472.603822,0.5066513439547257,-0.4649741969342699,0.3376510149691052,0.6427248275463882
3241,114.998782,465672.017062,5247933.477637,472.598213,0.5093511238134446,-0.46354271991820034,0.3441156556948336,0.6381802214002974
3271,115.993552,465672.254675,5247932.789523,472.654121,0.4940441295394332,-0.479801055162173,0.34392798738389535,0.6382984294410824
3301,116.997391,465672.542042,5247932.043611,472.726008,0.500692172570227,-0.4721443003708656,0.3410246673081937,0.6403821392274677
3331,117.996429,465672.864339,5247931.341767,472.785012,0.5068437918745919,-0.46552065542220133,0.34052904568828524,0.6406558038885585
3361,119.000177,465673.282429,5247930.67921,472.830454,0.50395926894303,-0.46849487052191274,0.3400789612244671,0.6410022711921934
3391,119.992133,465673.700018,5247929.974768,472.885458,0.4749775949208378,-0.49785835013845336,0.33803099204876313,0.6420813000977076
3421,120.993081,465674.011608,5247929.196064,472.918298,0.49424738215955794,-0.47910948069553094,0.3414070844794933,0.6400115884914074
3451,121.995711,465674.087836,5247928.36812,473.011451,0.4867211749743063,-0.486693430346099,0.3401676962243301,0.6407167401707322
3481,123.001768,465674.093458,5247927.610274,472.962691,0.49243988096003066,-0.4809908471104334,0.340661140638165,0.6403910960461294
3511,123.991598,465673.961025,5247926.886746,472.895355,0.4932094253059409,-0.4796939609769796,0.33859316340112244,0.6418666810869843
3541,124.998818,465673.90281,5247926.21781,472.856816,0.4903754093468098,-0.4819467193197094,0.3358891659572014,0.6437684256295068
3571,125.993836,465674.008379,5247925.529122,472.780571,0.49407709217195583,-0.4779595299109261,0.3348953258511435,0.6444281460964345
3601,126.997959,465674.183093,5247924.878859,472.698057,0.4918616755788648,-0.4801884848381356,0.3345158102013455,0.644662922658768
3631,127.992701,465674.38115,5247924.248058,472.575445,0.4921074499582689,-0.4794266402791302,0.332229049212648,0.6462230366874082
3661,128.992435,465674.567003,5247923.563276,472.476749,0.49506142129991904,-0.4763259915941677,0.33188484173159993,0.6464365326164108
3691,129.991502,465674.799659,5247922.850699,472.415437,0.49033859372572836,-0.48094675098077183,0.330658903613312,0.6472425941525767
3721,131.001279,465674.984334,5247922.079915,472.457284,0.49013373346316813,-0.48121537915256274,0.33025133909278265,0.647406159389865
3751,131.99623,465675.191356,5247921.235055,472.422652,0.4955690728044405,-0.4752182390144152,0.3288999768753003,0.6483854753148101
3781,132.991141,465675.413656,5247920.376353,472.377989,0.4871723390891509,-0.4840510902113974,0.3292600575966004,0.6480319965580762
3811,133.988976,465675.476214,5247919.481151,472.394718,0.4823370737001811,-0.4891109599125188,0.329570551383528,0.6476918000782146
3841,135.000631,465675.353516,5247918.561051,472.442591,0.4945601347078963,-0.4766658798750531,0.32929417271887174,0.6478929386357306
3871,135.994228,465675.318091,5247917.652003,472.431472,0.49466083728570437,-0.4762538782622563,0.32856044586723737,0.6484912743495382
3901,136.994127,465675.376267,5247916.736309,472.363614,0.4936237165671749,-0.47725158683986096,0.3284229839092596,0.6486176785606311
3931,137.992131,465675.402054,5247915.807462,472.363342,0.4970352195705813,-0.4732214059819238,0.3269876372458591,0.6496896001286198
3961,138.993058,465675.516015,5247914.925767,472.393601,0.4911514077458931,-0.4786722416621653,0.32478610250320383,0.6512734965835195
3991,139.992956,465675.727216,5247914.171308,472.302796,0.4914854655477698,-0.477184098492549,0.3214779104628758,0.6537502018244955
4021,141.002067,465676.07029,5247913.518038,472.329674,0.4852007327390021,-0.48316403932737917,0.3197934616842524,0.6548777763173742
4051,141.991779,465676.469208,5247912.813142,472.351227,0.49116575099869114,-0.47779726769477754,0.3221312191073248,0.6532208307346954
4081,142.99779,465676.847238,5247912.05399,472.341833,0.48852465921932586,-0.48062261227864816,0.32225000377262397,0.6530700551775694
4111,144.000772,465677.074713,5247911.293544,472.35869,0.4791861879040674,-0.4888133308944308,0.3176545235068793,0.6561537385075824
4141,145.001041,465677.301393,5247910.538839,472.346646,0.4735748873928123,-0.4945033906352163,0.31790627170057406,0.6558420732879223
4171,145.995818,465677.548454,5247909.760032,472.318042,0.4770140431452213,-0.4908232833540283,0.31651085225398085,0.6567883887259877
4201,146.9988,465677.710473,5247908.946931,472.359657,0.4847178187982416,-0.48395259403345325,0.31966698260162346,0.6547148563322355
4231,147.994496,465677.979929,5247908.142921,472.406337,0.48829104741734586,-0.47920691155992,0.3158935010398726,0.6573765168653702
4261,148.998262,465678.417187,5247907.268977,472.441286,0.4802575568697865,-0.4869750801655583,0.3145430771496183,0.6582329397595208
4291,149.994169,465678.843927,5247906.381733,472.556363,0.4866366602180332,-0.4807588735040304,0.3146035458161188,0.6580883492654304
4321,150.996059,465679.221401,5247905.489051,472.646369,0.47681576702661216,-0.49124457989174936,0.3167988873514349,0.656478447486812
4351,151.992068,465679.542443,5247904.550612,472.782231,0.49382501452264355,-0.4740098122867731,0.3167365959390821,0.6566045093360933
4381,153.000973,465679.733586,5247903.663522,472.994394,0.48887655698007293,-0.4782477565347198,0.31409245305230254,0.6585018802861569
4411,153.999721,465679.810587,5247902.890954,473.08618,0.48857063408610957,-0.4798228915768742,0.3189677558938825,0.6552314849940628
4441,154.993557,465679.771258,5247902.339836,473.104458,0.4866227439199953,-0.48204118981808924,0.32005728303610986,0.6545211470946367
4471,155.99458,465679.69347,5247901.998038,473.002493,0.47303507738532974,-0.49457262505787064,0.3163535327739534,0.6569293541986545
4501,156.997565,465679.456902,5247901.877123,472.792382,0.4774818004781598,-0.49223319304429325,0.32383656528673915,0.6518032623889222
4531,157.99414,465679.128211,5247901.762294,472.541977,0.4655320304219289,-0.5026492666476263,0.31795840634187467,0.6553824038119843
4561,158.99439,465678.93463,5247901.413174,472.276177,0.44721169258341775,-0.5175824128210281,0.30818346015720643,0.6611604214111496
4591,159.994194,465678.827493,5247900.797501,472.09449,0.47150107730874513,-0.4956054565629096,0.31195476379024645,0.6593528576341607
4621,160.995299,465678.763894,5247899.933715,472.040384,0.4937393454423588,-0.474342274687296,0.31516346284110036,0.6571855574315667
4651,162.001043,465678.913543,5247899.093039,472.137614,0.4883356349822277,-0.478418361710142,0.3104073950106221,0.6605236013253484
4681,163.001987,465679.143991,5247898.264934,472.187005,0.49570374675582957,-0.47203715970555743,0.3144860798450235,0.6576908246988489
4711,163.990828,465679.278828,5247897.560004,472.147836,0.500485588297595,-0.4666763421425083,0.3140434497297441,0.6581064346082178
4741,164.993044,465679.354914,5247897.055281,472.077158,0.49583761974006046,-0.4720310942964326,0.31645780654166056,0.656647666215806
4771,165.994055,465679.437506,5247896.616045,472.005941,0.4968731659460944,-0.47048044884134443,0.3146164993264338,0.6578614311329796
4801,166.995082,465679.555285,5247896.099711,472.00964,0.4913434314676198,-0.4764630647042212,0.31506647920354197,0.6574934935104451
4831,167.991661,465679.707783,5247895.525064,472.00629,0.4939106404908336,-0.47350594484777864,0.3134822266657443,0.6584628258060086
4861,168.992593,465679.820482,5247894.906662,471.985622,0.4940495802691379,-0.47233819501774965,0.3097653443531885,0.6609516421047863
4891,169.991622,465680.024001,5247894.30152,471.998505,0.49140353709276496,-0.4744728980332451,0.3074085885458869,0.6624937678596523
4921,170.995588,465680.263885,5247893.659036,472.015286,0.48594613895073935,-0.48114794599461047,0.31102124999105846,0.6600142317844637
4951,171.994336,465680.3479,5247892.933847,472.081196,0.5030335945804768,-0.46439006286520274,0.31249913731791534,0.6585160297297675
4981,172.995352,465680.461398,5247892.259599,472.157626,0.4927799375059647,-0.47435590623738955,0.31034433114699955,0.6601824017150442
5011,173.990129,465680.63558,5247891.645278,472.293175,0.49687727804376425,-0.47037323273647924,0.3113329309988674,0.6594951088253107
5041,174.995072,465680.86499,5247891.12441,472.478646,0.49923762201936495,-0.4671422746368315,0.3099638486540729,0.6606529380356464
5071,175.994952,465681.180771,5247890.71608,472.51393,0.4968640898773043,-0.4698601048006291,0.3111255257428808,0.6599685335971375
5101,176.994965,465681.299488,5247890.444169,472.578319,0.5035859513199687,-0.46345366509556724,0.313251419877444,0.6583961101703241
5131,177.993081,465681.294272,5247890.190907,472.575397,0.503702036764441,-0.46387177835686116,0.3156307933013664,0.656874747363108
5161,178.997053,465681.263679,5247890.039684,472.546125,0.49094890376276445,-0.4777926720613829,0.3186215952706095,0.6551058047718668
5191,179.996241,465681.271327,5247889.890905,472.536872,0.507924413566854,-0.4590277772959035,0.314279931266642,0.6576734862958858
5221,180.998178,465681.363647,5247889.744476,472.475518,0.5121863598709347,-0.45547078530676877,0.3173838904435238,0.6553464447001525
5251,181.992783,465681.508073,5247889.523772,472.367448,0.5048569405620964,-0.46187488585362296,0.3123943837904917,0.6589391537616668
5281,182.994665,465681.712694,5247889.185264,472.3999,0.5099905575944775,-0.4550131433844992,0.30759255995373275,0.6620116974592973
5311,183.994731,465681.996235,5247888.822345,472.520443,0.502827534785029,-0.46212746976021496,0.30657672026631744,0.6630334731714381
5341,184.999516,465682.240217,5247888.571795,472.649684,0.5041229351485449,-0.46081644431444113,0.30791824017000025,0.6623402662357332
5371,185.993211,465682.339053,5247888.436021,472.696065,0.502590198164219,-0.4630171168461334,0.3110547950644208,0.6605022003628573
5401,187.000075,465682.363963,5247888.295293,472.708861,0.5058275283399212,-0.459722930722374,0.31147297966627707,0.660134775238639
5431,187.997615,465682.362059,5247888.175584,472.717172,0.5075077434965317,-0.45828031407303543,0.3134213932614845,0.6589249382670294
5461,189.001527,465682.343822,5247888.026776,472.744784,0.5093431809355096,-0.45563812807426696,0.31163540396805556,0.6601869396414486
5491,189.993201,465682.342592,5247887.86398,472.745676,0.5046836067437583,-0.460399059952378,0.31120246912302246,0.660666470990327
5521,190.995736,465682.393726,5247887.688041,472.770598,0.5093357030398036,-0.4567015752813399,0.31549903610135793,0.6576178000659697
5551,191.992527,465682.466958,5247887.600148,472.819971,0.5133306917222744,-0.4517765770679008,0.3134014265913934,0.6589150712794644
5581,192.994367,465682.524422,5247887.641428,472.834319,0.50432852593492,-0.46038520297574803,0.3107825636685423,0.6611447654855164
5611,193.99024,465682.519752,5247887.693103,472.830338,0.5111771196859343,-0.4533494848498588,0.3125936249613829,0.6598919779247676
5641,194.995069,465682.505073,5247887.790012,472.820367,0.49890786087786293,-0.46484994705409804,0.3066625781935155,0.6640508536353095
5671,195.994729,465682.527182,5247887.810082,472.827648,0.5080642573874681,-0.4577718530455187,0.3166053509528532,0.657325408509829
5701,197.002699,465682.619976,5247887.604351,472.887368,0.5011280850663349,-0.46159366585372946,0.3035983647682292,0.6660555253967354
5731,198.00143,465682.699835,5247887.384087,472.939454,0.5035075392426427,-0.45923511109528536,0.30507384615886934,0.6652166707569451
5761,198.994356,465682.677143,5247887.284081,472.933221,0.5087880955996094,-0.4550334650705818,0.30958062860047003,0.6619962642170425
5791,199.996577,465682.611813,5247887.321438,472.885884,0.5152717581731252,-0.4510377790255601,0.3205693310872227,0.654442695036897
5821,201.005572,465682.543305,5247887.395084,472.815704,0.5326208793990467,-0.4356455022722191,0.33548416229487305,0.6434115106426676
5851,202.001508,465682.551102,5247887.413251,472.802383,0.5333717940807887,-0.43456562249713226,0.3337539184017206,0.6444187853982987
5881,203.003441,465682.665308,5247887.365264,472.878904,0.5416161066637087,-0.426175712337891,0.3377865921159264,0.6410354696913785
5911,203.996374,465682.882154,5247887.334557,472.998795,0.5403898145216287,-0.4306934816192105,0.3512133400508841,0.6317682826973072
5941,205.002457,465683.041699,5247887.293922,473.041678,0.5454727761517564,-0.4204771203323366,0.3342295430357742,0.6433887272220575
5971,205.995449,465683.104896,5247887.248822,473.066982,0.5332697076038627,-0.4351058196394334,0.33601861877879363,0.6429602106677982
6001,206.995591,465683.158811,5247887.094506,473.037088,0.5086332863137948,-0.46486114838517784,0.3456352863658053,0.6369713820843688
6031,207.99354,465683.456086,5247886.561006,473.128516,0.5355874679623531,-0.4338200232331263,0.339680878922192,0.6399712119293588
6061,208.994515,465683.982451,5247885.936211,473.201675,0.5393185801219899,-0.42776491661249727,0.3339685574156542,0.6439081051737203
6091,209.995355,465684.351366,5247885.415382,473.182021,0.5524258318864687,-0.4100737503600784,0.3251711756228926,0.6487903560274222
6121,210.997215,465684.376924,5247885.186268,473.096085,0.5574876695797809,-0.40542697523284676,0.33134018996590986,0.6442438548666214
6151,211.995136,465684.205604,5247885.255447,473.026513,0.5703676425871104,-0.39026297315267783,0.3332649462780768,0.6413345770016811
6181,213.00014,465684.034247,5247885.46388,473.002481,0.5710676991452814,-0.3898998360940555,0.3365535001987129,0.6392116568952242
6211,213.999303,465683.986288,5247885.82862,472.939713,0.6233910226203454,-0.29926699797224987,0.2714338557680439,0.6694374943069219
6241,214.997074,465684.23677,5247885.688511,473.047051,0.6666917431823384,-0.1864173568201487,0.17692493935122763,0.6996200786743106
6271,215.99653,465684.774255,5247885.271403,473.135619,0.685254799923785,-0.10193532541479795,0.09294793816492936,0.7151193812258767
6301,217.003469,465685.52856,5247884.691355,473.195982,0.6891173625667502,-0.08502343293100652,0.08522101611076638,0.7145807546210025
6331,217.998276,465686.22481,5247884.197148,473.150592,0.6895763682894387,-0.07457967910213645,0.07805044337173196,0.7161217997318938
6361,219.004258,465686.601319,5247883.906513,473.113869,0.692353851319901,-0.020879289622714958,0.026374529378570523,0.7207736010894198
6391,220.003159,465686.685053,5247883.944118,473.166079,0.6909535919536668,0.011871849144286769,0.0006617766580724466,0.7228013247192315
6421,220.999835,465686.665969,5247884.123918,473.216817,0.6900264373423014,0.00947967822258063,0.004799635783193864,0.723706166179228
6451,221.995702,465686.775469,5247884.3169,473.23202,0.6881371577815592,0.010373969252154959,0.0036862373898032554,0.7254971016456089
6481,223.000583,465687.067812,5247884.532541,473.281478,0.6893768228289684,0.012601850107801476,0.007366099876506743,0.7242558457428612
6511,224.003641,465687.484716,5247884.871066,473.357861,0.6898576430993776,0.014567030293777166,0.008319393669044928,0.7237506625729413
6541,225.004637,465688.107946,5247885.263524,473.450646,0.6875543150321191,0.019972328152502616,-7.612557393360704e-05,0.7258582259599867
6571,226.003507,465688.778461,5247885.677556,473.574724,0.6867730946890351,0.013079714922456003,0.0039960841265466954,0.7267431931435246
6601,227.003431,465689.476843,5247886.162458,473.703696,0.68168320385306,0.01425965798499822,-0.0029908195616654976,0.7315023764398362
6631,228.000127,465690.125062,5247886.723443,473.856678,0.6842481410782643,0.0210559154905644,-0.0024412365204125076,0.7289411294597427
6661,229.004211,465690.542148,5247887.445457,473.924314,0.6849361366494293,0.02689064319028358,-0.0009695649391779498,0.7281060650512368
6691,229.995641,465690.733075,5247888.323989,474.000146,0.6851457628906199,0.011369088922459917,0.01608701990898087,0.7281395712365534
6721,230.995707,465691.075771,5247889.079467,473.97138,0.6863033565320438,0.012659650184143799,0.01696103803090116,0.7270073997278019
6751,231.998398,465691.537559,5247889.501004,473.934197,0.6874272818254943,0.0110541056990558,0.019512071846466972,0.7259068934797801
6781,234.396748,465691.952848,5247889.46488,473.902694,0.6880064237119694,0.0077963281521302484,0.022339269633678393,0.7253187817991784
6811,235.397579,465692.27627,5247889.094481,473.927291,0.6876468037188884,0.022465026815124342,0.009549838827154135,0.7256348919971858
6841,236.397499,465692.43507,5247888.715732,473.891397,0.6869411594051451,0.034331439795067926,-0.00019829233541916735,0.7259016162241703
6871,237.407541,465692.399692,5247888.432959,473.648735,0.6762401682290614,0.11506537608237384,-0.07691794165960199,0.7235625918684595
6901,238.402464,465692.312175,5247888.277315,473.402652,0.6679426083230376,0.1523715392122704,-0.11076015219871861,0.719977620978331
6931,239.405365,465692.447884,5247888.363892,473.363824,0.6539449660801706,0.20565659645323417,-0.1589210514899068,0.7104966186175824
6961,240.407358,465692.742601,5247888.782076,473.430617,0.6550770836121939,0.19684208680510398,-0.14869100837578977,0.7141555792798552
6991,241.407298,465693.147268,5247889.250665,473.513984,0.6566913093100262,0.1925759567995166,-0.14346192937861535,0.7149053783252712
7021,242.404793,465693.60394,5247889.563442,473.616261,0.6528174754965439,0.20496617527475086,-0.15396751547196544,0.712819903523288
7051,243.409623,465694.008206,5247889.712672,473.80425,0.6525599421235977,0.203871425654376,-0.15077135732758357,0.7140517919219146
7081,244.405451,465694.414612,5247889.777763,473.930127,0.6529675483565792,0.20350178692088128,-0.14874096326172484,0.7142104237276162
7111,245.407373,465694.833987,5247889.812186,473.88457,0.6513159208306629,0.20839822222715043,-0.15258422378293357,0.7134954848474014
7141,246.405141,465695.217184,5247889.834596,473.822138,0.6516551204233666,0.20552665617237476,-0.14840678036197502,0.7148984719323455
7171,247.40681,465695.586212,5247889.928146,473.798838,0.6502150268565892,0.208927554406975,-0.14991997561887882,0.7149081736627723
7201,248.404031,465696.068755,5247890.116217,473.722971,0.6503979234388653,0.2075581701384338,-0.1496279518562577,0.7152018059390639
7231,249.413674,465696.606762,5247890.300335,473.629554,0.6485930207283795,0.21389479828858945,-0.1542225497289345,0.7139968584543113
7261,250.410303,465697.102033,5247890.559831,473.591627,0.6453846354150827,0.2191518939323607,-0.1580713703873066,0.7144680270102218
7291,251.408057,465697.615787,5247891.020236,473.601659,0.643131586028923,0.22305092152671402,-0.1607453604435122,0.7146964240528219
7321,252.408088,465698.18769,5247891.571574,473.571328,0.641765883958661,0.2279022041072486,-0.16477231877220722,0.7134754505350879
7351,253.411118,465698.763564,5247892.043259,473.621283,0.6398388996615769,0.22986707148771987,-0.1667339229610839,0.7141198154788376
7381,254.402031,465699.433251,5247892.41881,473.869786,0.6435942800322862,0.22029908001493403,-0.15768822680571895,0.715813621818672
7411,255.408061,465700.268806,5247892.781483,474.107486,0.6414159280946383,0.22706990084002585,-0.162938995774124,0.7144758575173233
7441,256.404609,465700.882185,5247893.197653,474.158558,0.639647296127347,0.23072299194336698,-0.16539125538068236,0.7143276350452058
7471,257.408364,465701.329619,5247893.662934,474.107726,0.640275748524001,0.2303813202738245,-0.16340932184789708,0.7143310203638995
7501,258.406437,465701.814887,5247894.140314,474.033202,0.6371624779322183,0.23891403837414982,-0.168303071611123,0.7131746876251931
7531,259.41165,465702.37554,5247894.545421,473.992232,0.6375163566383115,0.23684366481241453,-0.1676755265224235,0.7136966381189321
7561,260.398511,465703.000123,5247894.964367,474.02188,0.6298685000973481,0.2594182872813049,-0.18755480963056398,0.7076658944682824
7591,261.41148,465703.659728,5247895.542583,474.164234,0.6383440626192798,0.23423534648010244,-0.16448320823970428,0.7145599585655731
7621,262.412392,465704.36324,5247895.860376,474.333409,0.6411617319176953,0.22926282218591504,-0.1601274295254404,0.7146393483437824
7651,263.406242,465705.23594,5247896.017743,474.599683,0.638963097521541,0.23314808115534358,-0.16357710285612054,0.7145702650407848
7681,264.402342,465706.041799,5247896.205784,474.812397,0.6383316043845657,0.23441768079463673,-0.16372991913945947,0.7146842850890707
7711,265.406204,465706.707659,5247896.456037,474.927882,0.6378494873043633,0.23466697926058658,-0.1615454922800363,0.715529520225597
7741,266.404027,465707.28702,5247896.812293,475.03526,0.6373496441308725,0.23493260602842542,-0.16015703346619328,0.7161995716155181
7771,267.405774,465707.876282,5247897.169426,475.138996,0.6386577567348207,0.23068655295899962,-0.15690282618158707,0.7171342183877241
7801,268.404556,465708.494087,5247897.496871,475.250229,0.6420155925708858,0.21959039255997553,-0.14684288433718629,0.7197452366711056
7831,269.408173,465709.117788,5247897.698958,475.333026,0.638358537333389,0.2312242288736408,-0.1567474841119285,0.7172614307349496
7861,270.406031,465709.666008,5247897.938271,475.391397,0.6388963372203235,0.23013310981385848,-0.15618546709502817,0.717256106228567
7891,271.414196,465710.100547,5247898.28815,475.394569,0.636378386549043,0.23411518535706785,-0.1587495233339586,0.7176428206006825
7921,272.409028,465710.521384,5247898.836833,475.395092,0.6355348933438432,0.23538135688370806,-0.1594154718446194,0.7178284777790388
7951,273.405059,465711.040618,5247899.386118,475.45761,0.6382219732389717,0.23303801207307176,-0.16075306010448803,0.7159081306082695
7981,274.401682,465711.709764,5247899.821711,475.558032,0.63652708627021,0.237897619566901,-0.16499877412859798,0.7148520095689865
8011,275.411976,465712.365475,5247900.299588,475.706408,0.6346367334231162,0.23922913173302093,-0.16470133022318595,0.716155786783165
8041,276.40943,465713.014621,5247900.883518,475.794368,0.6334662350886279,0.24290404916539893,-0.16800079679520785,0.7151880061759062
8071,277.408384,465713.538089,5247901.429132,475.848753,0.6367669428080854,0.23382721091192854,-0.15975022386918164,0.7171698278355966
8101,278.406387,465714.158133,5247901.881656,475.969859,0.6338209959873428,0.24229227277306153,-0.1687912966535344,0.7148950257024423
8131,279.407234,465714.88051,5247902.29887,476.101466,0.6367090020286544,0.23675882480450033,-0.16491281206452751,0.7150878757396439
8161,280.401755,465715.579762,5247902.643575,476.208608,0.637325487517217,0.23592930944150137,-0.16438815697039927,0.7149336457009652
8191,281.403536,465716.236333,5247902.997884,476.297565,0.6351890530527792,0.2408125056514802,-0.16849878849126604,0.7142495098218444
8221,282.401417,465716.875558,5247903.475606,476.314894,0.6346089389245703,0.24182458230222528,-0.16997784112949926,0.7140727550861606
8251,283.402438,465717.504867,5247903.976401,476.41457,0.6349561128618764,0.2396865921247867,-0.16747610127833973,0.7150754000771874
8281,284.407327,465718.188018,5247904.546925,476.576305,0.6364325837744816,0.23727478791656959,-0.1668737647284271,0.7147079039542279
8311,285.408163,465718.91714,5247905.128278,476.793042,0.6350291900202987,0.24119088336275307,-0.17002668625516165,0.7139018220777609
8341,286.402784,465719.686725,5247905.665878,477.017025,0.6363183927502097,0.23707028870729213,-0.16600064637893897,0.7150806714363114
8371,287.406847,465720.421276,5247906.07686,477.17436,0.6370034102237376,0.23773013175259594,-0.16808191268108075,0.7137643241642802
8401,288.408534,465721.102545,5247906.402168,477.306927,0.6364359648014981,0.23972762051899427,-0.17033524259755603,0.7130679040573339
8431,289.409433,465721.829719,5247906.833821,477.328892,0.6379356048349142,0.2351827917290485,-0.16631387559619856,0.7141896900282272
8461,290.402186,465722.482461,5247907.23959,477.38673,0.6380945384740172,0.2360177013888473,-0.16717774392963836,0.713570323468789
8491,291.414112,465723.063587,5247907.557647,477.47848,0.6381188064265167,0.23477418480169235,-0.1655767933737162,0.7143317132338282
8521,292.412974,465723.717548,5247907.948042,477.518877,0.6360815867642778,0.24126037233261302,-0.1713723499183124,0.7126185272674594
8551,293.414023,465724.430114,5247908.344831,477.543372,0.635807759766533,0.24267051507491388,-0.17305475462741907,0.7119772226938039
8581,294.4127,465725.131799,5247908.653946,477.579905,0.6369960448629842,0.2383355925745444,-0.1693912299667898,0.7132592763865003
8611,295.413456,465725.908654,5247909.023044,477.657454,0.6351862894913667,0.24380441830981106,-0.1750604572390414,0.7116541432227188
8641,296.40703,465726.646293,5247909.491084,477.840129,0.6317137841131166,0.2512004805770739,-0.18150917686292317,0.710556424384354
8671,297.409211,465727.436811,5247910.154545,478.202825,0.6343035026006033,0.24239100815683728,-0.17315032855223336,0.7133895355803672
8701,298.407106,465728.171254,5247910.807297,478.49172,0.6363481909796147,0.23878828069274005,-0.16961665458521652,0.7136324875789332
8731,299.411176,465728.897252,5247911.359345,478.681554,0.6380373584745254,0.2348279430335851,-0.16728281615570112,0.7139892336586618
8761,300.411031,465729.522954,5247911.809021,478.720854,0.6370866320072618,0.23743004852964633,-0.16865952019197608,0.7136536706424665
8791,301.415045,465730.062385,5247912.180791,478.659343,0.6347558991032504,0.24258596673183558,-0.17247566201031675,0.7130842469950573
8821,302.408665,465730.607216,5247912.57185,478.581072,0.6348163017719116,0.24100667468223974,-0.17067678534410805,0.7139982357876267
8851,303.409557,465731.210654,5247913.036988,478.595896,0.6335312317484815,0.24392766072715544,-0.17332892787256168,0.7135086246808636
8881,304.410501,465731.947523,5247913.498609,478.746775,0.6359823068445274,0.23916076170146905,-0.17083091264345657,0.7135442766419545
8911,305.414543,465732.747307,5247913.817252,478.855457,0.6339581439793286,0.24512289589326175,-0.1759260330723078,0.7120827679972515
8941,306.400271,465733.4646,5247914.065962,478.957796,0.6371727993219692,0.23911635323984132,-0.17128422178679592,0.7123874709625209
8971,307.402113,465734.190907,5247914.238744,479.127878,0.6400263087178358,0.23353854150703257,-0.16781933749383807,0.7125045569980017
9001,308.398059,465734.964355,5247914.358385,479.252014,0.6389006156278759,0.23572042149401312,-0.17010017910605915,0.7122554424566321
9031,309.398956,465735.76346,5247914.632159,479.321027,0.6389425907694729,0.23708365794520603,-0.17110072059595127,0.7115252969836425
9061,310.399791,465736.406967,5247915.064472,479.471025,0.6380485922994158,0.2386250858209332,-0.17154134547317082,0.7117061395512478
9091,311.408511,465736.941631,5247915.567422,479.679974,0.6365356528455998,0.2401888053758049,-0.1706737925757541,0.7127427003879999
9121,312.403404,465737.318512,5247915.964536,479.790831,0.6385958400427043,0.2345636378933374,-0.16596636595305206,0.7138840369631008
9151,313.406146,465737.757603,5247916.266432,479.804175,0.637251661742264,0.24151619066830432,-0.17444517393868259,0.7107384403149286
9181,314.409094,465738.26895,5247916.517963,479.79761,0.6371860240754722,0.24035079320603497,-0.17187659994848378,0.7118173229967577
9211,315.408143,465738.721001,5247916.678388,479.791219,0.6338244970337383,0.24698086172605188,-0.17651805042969262,0.7114129172101714
9241,316.399654,465738.985284,5247916.814826,479.797964,0.6297888668400315,0.2493357942171396,-0.17333202767639083,0.7149501053276713
9271,317.400403,465738.917604,5247917.090416,479.830773,0.6014642852363673,0.3076743585486668,-0.21784174328654715,0.7043594093633238
9301,318.397283,465738.765929,5247917.508402,479.83044,0.6036073991247176,0.31006925193904256,-0.2208069230337996,0.7005422681496114
9331,319.406511,465738.793827,5247917.877636,479.761456,0.6063555005731458,0.30574220388783085,-0.21795937667547383,0.700962496718434
9361,320.403128,465738.877341,5247918.176603,479.755263,0.606239380159167,0.3044582680605368,-0.21517814882354344,0.7024794240564488
9391,321.404028,465739.040273,5247918.581964,479.707601,0.544911350389238,0.4176654538718046,-0.3085093322522123,0.658368575170725
9421,322.398799,465739.33799,5247918.818216,479.987411,0.11357281499304162,0.6783333862693824,-0.07102724455839315,0.7224404219707748
9451,323.402787,465739.611122,5247918.996435,480.133858,-0.11518477685426434,0.6796018404190781,0.14459423200973137,0.7099058485105973
9481,324.403494,465739.925684,5247919.246473,480.089838,-0.08824103017976911,0.6830230434574188,0.11955533084961004,0.7151220634020587
9511,325.404247,465740.114557,5247919.41023,480.057782,-0.1244066908677797,0.6753563155038025,0.15783386471201882,0.7095810690305411
9541,326.395953,465740.293448,5247919.738193,480.000819,-0.16362168993515916,0.6656002577956407,0.19800071002097486,0.7007138918533933
9571,327.39985,465740.544851,5247919.982063,479.938976,-0.2605246071703212,0.6335651475616556,0.2932135561554466,0.6668942519924763
9601,328.398977,465740.768122,5247920.367409,479.840498,-0.3409278304211438,0.5930965083474642,0.37363621051115015,0.6264189719550691
9631,329.400048,465740.804104,5247920.755265,479.686708,-0.3743137373039269,0.5725366863350082,0.4068036328720046,0.6054764843891416
9661,330.403009,465740.831579,5247921.110358,479.607109,-0.2989852397098904,0.6138781647155023,0.33427317363908304,0.6496328737882663
9691,331.407805,465740.922154,5247921.405182,479.559038,-0.41242762850726544,0.5425276135983819,0.44808030302689855,0.5786115119546452
9721,332.406946,465741.015209,5247921.74241,479.39869,-0.4106574502044172,0.5441700256762855,0.4460267551534493,0.5799134206365313
9751,333.407662,465741.130202,5247922.151239,479.29598,-0.43819204900331377,0.5215808132564308,0.4741103472497321,0.5578176781563814
9781,334.396371,465741.218818,5247922.666806,479.217087,-0.47593878944747137,0.4865500046031788,0.5125740077136616,0.5234684788373386
9811,335.40158,465741.194228,5247923.25823,479.177793,-0.3927432694221081,0.5552985863212822,0.4305516539835486,0.5933139789396922
9841,336.399036,465741.043273,5247923.64874,479.377948,-0.5156175670929847,0.4440721855020842,0.5525948239072397,0.4812248737954438
9871,337.400052,465740.961841,5247924.088824,479.455502,-0.39394675029173104,0.5559484825563116,0.4301348178646059,0.5922088154852994
9901,338.398171,465740.880001,5247924.510432,479.476775,-0.46502960139267896,0.49748061652062847,0.5013587339666365,0.5337601763809219
9931,339.40018,465740.69989,5247924.913975,479.456531,-0.4764197029526387,0.4832099668975599,0.515951580613446,0.5228062365655802
9961,340.401044,465740.628872,5247925.233437,479.265492,-0.6043446375585625,0.3170263582260311,0.6402744752237624,0.3525768620047063
9991,341.404031,465740.757249,5247925.44534,479.060486,-0.6001453645256363,0.32205013824860373,0.6378742060817792,0.359479828513348
10021,342.39583,465740.898102,5247925.68813,478.85102,-0.6791978271761776,0.09966437119581523,0.7146496111684038,0.13428796643836324
10051,343.40674,465740.92226,5247926.043118,478.840568,-0.6455353805979189,0.2185299994081046,0.6849594041805025,0.2576030403152977
10081,344.407589,465740.850165,5247926.578662,478.900881,-0.6453893868211933,0.22643924208442354,0.681064717607648,0.2614357654430829
10111,345.407533,465740.527304,5247927.03163,479.014403,-0.6518851523382382,0.20207431652786598,0.6903534642956273,0.24004960548972795
10141,346.407468,465740.113369,5247927.484623,479.104909,-0.5987595899220879,-0.32917517130770163,0.6901417580713293,-0.23840095183764126
10171,347.409437,465739.677478,5247928.00058,479.272201,-0.5784828024906155,-0.35898089182306325,0.6885936325608463,-0.24965811768332297
10201,348.401167,465739.348059,5247928.596368,479.32417,-0.5756902054108577,-0.36506886228555324,0.6852363748231249,-0.25643054381800534
10231,349.410169,465739.13161,5247929.114469,479.34723,-0.574258828077377,-0.3672299288565881,0.6847067453802453,-0.25796443661476776
10261,350.401637,465739.006876,5247929.637172,479.337919,-0.5358972455291949,-0.420859652061393,0.675027503089738,-0.28289426571321424
10291,351.407564,465738.845641,5247930.231761,479.296697,-0.5374861563486566,-0.41900014494195814,0.6750675159051045,-0.2825444376410147
10321,352.402432,465738.666809,5247930.85743,479.306283,-0.5311818307483824,-0.4260204256600399,0.6753275173205493,-0.283346438045193
10351,353.408041,465738.512257,5247931.4176,479.360087,-0.52862029781642,-0.42968668609826144,0.6737763385031886,-0.2862784976200804
10381,354.404735,465738.434805,5247932.05502,479.490143,-0.529807158674365,-0.42825939575593286,0.6740137513617352,-0.2856636615662561
10411,355.407066,465738.346355,5247932.763527,479.669772,-0.5408623457530833,-0.41329488720066143,0.6776812374776301,-0.27821466447880266
10441,356.408067,465738.287723,5247933.464606,479.83074,-0.5255901943587341,-0.4324738328115125,0.6749766006966009,-0.28482963335883704
10471,357.410751,465738.225559,5247934.221411,479.971475,-0.5310711663501124,-0.42215040572213525,0.6822503379562601,-0.2725562833227966
10501,358.406797,465737.983551,5247934.921097,480.077833,-0.5340829803271301,-0.4178794766965337,0.6834048882751026,-0.2703513857231295
10531,359.408943,465737.620491,5247935.590091,480.092937,-0.5100755158566799,-0.44766169092090563,0.6780848708716674,-0.2821752762031636
10561,360.405624,465737.131242,5247936.219073,479.908093,-0.5352132424125765,-0.4163890012362702,0.6830821046058693,-0.27123020326448566
10591,361.407659,465736.896455,5247936.895088,479.718621,-0.5300533775233152,-0.4233346416429247,0.681395836350452,-0.2748288783324096
10621,362.407844,465736.963915,5247937.424454,479.691438,-0.5148314581495312,-0.44201787514478896,0.6782786287681133,-0.28196962515235763
10651,363.410049,465737.051219,5247938.014436,479.711312,-0.5254758231549594,-0.42863071676678066,0.6810818641153633,-0.2761853766888382
10681,364.404741,465737.116517,5247938.687994,479.796257,-0.5281164654137276,-0.42525704489844585,0.6816345676654547,-0.27499774705746416
10711,365.407672,465737.071319,5247939.370094,479.887303,-0.5367604181673528,-0.41314359462071143,0.6849038488352627,-0.2685281019992682
10741,366.4096,465736.98878,5247940.03352,479.966188,-0.5183528656875056,-0.43658732170458775,0.680887185694169,-0.2776588869779606
10771,367.412298,465736.986611,5247940.735578,480.063879,-0.5404951381541143,-0.4075686570815945,0.6867299037009585,-0.2648675796682987
10801,368.408053,465736.891824,5247941.424499,480.112155,-0.5449198986847379,-0.40065459535547876,0.6890087958643455,-0.260394082996364
10831,369.414033,465736.773269,5247941.996241,480.061638,-0.5168332790233829,-0.4371321119778224,0.6823780109593539,-0.2759694340518574
10861,370.410693,465736.662115,5247942.535584,480.009194,-0.5477852788519235,-0.39580234972931927,0.6908467093704707,-0.2569097358487267
10891,371.414613,465736.638298,5247943.129416,480.047489,-0.5660582517196002,-0.369494927733302,0.6952897434888667,-0.24417970152880736
10921,372.412463,465736.638654,5247943.7099,480.163574,-0.5368795782140873,-0.4113085424044014,0.6872530586855379,-0.26508269420919084
10951,373.411495,465736.382662,5247944.360941,480.214521,-0.528846413638184,-0.4206934261809372,0.6871262140966948,-0.26682593174449565
10981,374.408597,465736.034759,5247945.143911,480.21759,-0.5385083506421183,-0.40800578475640237,0.689329289275626,-0.2614673341753766
11011,375.411547,465735.64626,5247945.946552,480.252527,-0.5327748154035887,-0.4155833264374893,0.6879704788662094,-0.26483601542732355
11041,376.411675,465735.294027,5247946.733543,480.219615,-0.536842381210029,-0.410589003347731,0.6881281396866435,-0.26400112014546795
11071,377.409571,465735.042273,5247947.440604,480.189554,-0.5413365093590441,-0.4041472116624052,0.6897380700636373,-0.26054022653969866
11101,378.408476,465734.920435,5247948.024562,480.157044,-0.5307792007725922,-0.41836075066462813,0.6869325617437176,-0.26715422127817995
11131,379.415561,465734.837265,5247948.683213,480.191862,-0.5367695605287728,-0.41106955495327174,0.6875428890008013,-0.264924584862747
11161,380.414351,465734.671481,5247949.438589,480.295634,-0.5365315621336451,-0.4113040821770099,0.6874155083872626,-0.2653728577824782
11191,381.414043,465734.507687,5247950.177564,480.368881,-0.5272713533070444,-0.4241177798764028,0.683934813777098,-0.2726576594892492
11221,382.410846,465734.303929,5247950.975474,480.45755,-0.5307144518884723,-0.4194659410479522,0.6849749884054644,-0.2705545418513766
11251,383.411789,465734.083853,5247951.76895,480.554874,-0.5562602424552239,-0.38667286408743357,0.6881420557394393,-0.2598444726461866
11281,384.410686,465733.92801,5247952.459988,480.591575,-0.5363146803504909,-0.4135674066318601,0.6837485354985671,-0.2716919285071117
11311,385.418532,465733.756765,5247953.083905,480.592017,-0.5273705470731331,-0.42517937811160006,0.6815062230076042,-0.2768611032816395
11341,386.409374,465733.562551,5247953.687249,480.641872,-0.5322319471112686,-0.41913093120548073,0.6822532244201572,-0.27493445536940797
11371,387.412223,465733.43188,5247954.264447,480.666543,-0.5147780652891643,-0.4413072234222468,0.6776667776692984,-0.2846387473549622
11401,388.412031,465733.400829,5247954.790804,480.602592,-0.512680826166354,-0.4431436273623957,0.6785031190603691,-0.2835764684081413
11431,389.417123,465733.292551,5247955.419634,480.554847,-0.5158227423860047,-0.43836039201170285,0.6808177864991767,-0.2797395337436046
11461,390.415851,465733.084291,5247956.135038,480.551232,-0.5260663414977983,-0.42630297923890864,0.6820900854693495,-0.27617583083892067
11491,391.416708,465732.659967,5247956.95558,480.558489,-0.5143206172146044,-0.440045237505408,0.6809591045096025,-0.2795159917469439
11521,392.406474,465732.290661,5247957.725198,480.605205,-0.5161545048059832,-0.4382314331822106,0.6804866944642811,-0.2801349617534944
11551,393.412616,465732.143897,5247958.479547,480.735709,-0.5102284878137078,-0.44583297636196995,0.678263978049899,-0.2843551010470717
11581,394.412637,465731.974709,5247959.18019,480.843964,-0.5100797111814385,-0.44589198150538295,0.6784212896061007,-0.2841541533735847
11611,395.412693,465731.656437,5247959.932233,480.862903,-0.5161886950493882,-0.43810194673961683,0.680513005309019,-0.280210572554739
11641,396.410273,465731.144622,5247960.697476,480.899707,-0.5093521616681473,-0.4459773665055969,0.6798549208330147,-0.2818897844687763
11671,397.413432,465730.623857,5247961.507866,480.920404,-0.5097818584026885,-0.44529997793291126,0.6800159964515133,-0.2817953709103566
11701,398.410337,465730.181979,5247962.152472,480.908323,-0.5118187023183148,-0.44243185164409476,0.6810366295402019,-0.2801513552215939
11731,399.412284,465729.688994,5247962.446032,481.162177,-0.5054695538777437,-0.4490557066889425,0.6812845649121199,-0.2805367070549465
11761,400.409048,465729.406479,5247962.614383,481.47349,-0.5047815054169316,-0.45040455804736873,0.6802857521037232,-0.28203308558366436
11791,401.412745,465729.344542,5247962.68138,481.715828,-0.5070502196878539,-0.4478217379436619,0.680464323545154,-0.2816452913184478
11821,402.406476,465729.365467,5247962.770145,481.919476,-0.5044943838753869,-0.45181769336847083,0.6783654265014368,-0.284897414387902
11851,403.411565,465729.468394,5247963.041083,481.917491,-0.5156605682579943,-0.4380645130721309,0.681691572886866,-0.27837072436905047
11881,404.409429,465729.370115,5247963.254326,481.85671,-0.5158800024310134,-0.4369146992822743,0.6833723609472819,-0.2756366901125382
11911,405.409111,465729.14317,5247963.605681,481.743836,-0.5064162086148328,-0.44748378838699865,0.6830632754409869,-0.27699358210404146
11941,406.409005,465728.789787,5247964.026912,481.734348,-0.4981165422995636,-0.45712683769390544,0.6819311386982216,-0.2790786387763198
11971,407.411978,465728.366963,5247964.5737,481.788245,-0.5119791613151868,-0.44072778160997395,0.6847501244209824,-0.2734110970710556
12001,408.409589,465728.013525,5247965.189168,481.82807,-0.5065904427407162,-0.4475864909823996,0.683019777159122,-0.2766160523601816
12031,409.409518,465727.648029,5247965.804252,481.93921,-0.5019186288186847,-0.4531820890923116,0.6821188225938649,-0.2782401768865507
12061,410.40929,465727.390072,5247966.533776,482.008454,-0.4998573408014498,-0.4565112297953568,0.6799466643299539,-0.28180253651130116
12091,411.41331,465727.130135,5247967.199678,482.114948,-0.5136924577212567,-0.4391557884887218,0.6843248098233263,-0.2737915392728784
12121,412.413378,465726.900829,5247967.883336,482.23045,-0.5127027720068427,-0.44116619335710144,0.6829023310385824,-0.27595772081493597
12151,413.416277,465726.750637,5247968.612016,482.357028,-0.5295150606806328,-0.4209343643436903,0.6853169878113667,-0.2697567193678667
12181,414.41818,465726.741592,5247969.25485,482.440271,-0.5122118251249508,-0.44219971519911383,0.6818981738104589,-0.2776928854579295
12211,415.418702,465726.818991,5247969.850589,482.450514,-0.5038259339596,-0.45210053218613333,0.6801813473189445,-0.28127899286320157
12241,416.413312,465726.737638,5247970.396717,482.450098,-0.5158953945529108,-0.43804301838950177,0.6819852437578546,-0.27724787323954486
12271,417.419174,465726.596826,5247970.964373,482.442635,-0.5320298650732633,-0.4171248162686958,0.6865168466373744,-0.26766719934651606
12301,418.412749,465726.52563,5247971.619796,482.407073,-0.4961265072246104,-0.4587615169367522,0.6833352761075077,-0.27649459277547384
12331,419.414675,465726.239547,5247972.218844,482.353329,-0.5027832686783003,-0.45105461842691613,0.6846770687835346,-0.27381750750253386
12361,420.414955,465725.734918,5247972.779966,482.236054,-0.4973800317030555,-0.4566133240426628,0.6849798696675602,-0.27371509735487726
12391,421.41299,465725.192258,5247973.377645,482.123714,-0.5142402941410689,-0.43840219938742175,0.6850198803768688,-0.2722282037968117
12421,422.407603,465724.80421,5247974.154215,482.059835,-0.49223872461342494,-0.46301113127969085,0.6834001490450381,-0.2761991429879343
12451,423.419436,465724.421083,5247974.769349,482.004376,-0.49200264876894434,-0.46354103570520616,0.6827878126970985,-0.27724340326507246
12481,424.418251,465724.073896,5247975.335092,481.918723,-0.4917526552360829,-0.4639653022677506,0.682546086568129,-0.2775722681940489
12511,425.42015,465723.837627,5247975.973434,481.784015,-0.5026245750129277,-0.4507819695823101,0.6856214949703165,-0.2721898567677263
12541,426.418041,465723.6467,5247976.647298,481.753718,-0.4921398582005797,-0.4631719544868018,0.6834402981621444,-0.27600626694919156
12571,427.420814,465723.345123,5247977.302837,481.814511,-0.49134388966504294,-0.4637329856364143,0.6838790477478269,-0.2753948949655546
12601,428.416739,465723.037397,5247978.013344,481.939917,-0.49815860521313626,-0.45619178512081426,0.6846035026977784,-0.27394361342130286
12631,429.420038,465722.765084,5247978.785717,482.115445,-0.499168387092142,-0.4556399935034938,0.6837075035769686,-0.27525836445150065
12661,430.417603,465722.434602,5247979.579205,482.271,-0.4937371332712799,-0.4611465170927147,0.684240956459669,-0.2745575468011663
12691,431.417517,465721.944351,5247980.295985,482.325969,-0.4779974157013537,-0.4781644570895322,0.6822618121421775,-0.27820144185746487
12721,432.418561,465721.396205,5247981.029535,482.275896,-0.475115145826836,-0.4808219122041556,0.6826046877548213,-0.27771699120764415
12751,433.419495,465720.945065,5247981.698156,482.205683,-0.5005815714243322,-0.45511131588402187,0.6815325034083106,-0.27893588385623935
12781,434.411107,465720.669037,5247982.363099,482.2398,-0.4911493077415136,-0.46682234977624965,0.6780732405172344,-0.2847207961299453
12811,435.414032,465720.535055,5247983.079626,482.260516,-0.4909189285257004,-0.4682930472542251,0.6757075471095381,-0.28830459290087895
12841,436.41473,465720.500842,5247983.739956,482.294071,-0.4822296727764961,-0.4778614240807896,0.6743040939687996,-0.29054602204516544
12871,437.418401,465720.447945,5247984.385821,482.332784,-0.48382269374723114,-0.4770350243042417,0.6729254335133785,-0.2924458027277128
12901,438.413163,465720.297302,5247985.033836,482.424417,-0.4757851750354407,-0.48474811266227813,0.67360171154819,-0.29139057755219755
12931,439.4118,465720.061308,5247985.761375,482.470266,-0.4948930537153844,-0.4638086864599949,0.6766715369417957,-0.2864925807788814
12961,440.405669,465719.710461,5247986.415305,482.51079,-0.4834189298103748,-0.4770433993750792,0.6740457990741298,-0.29051332872035
12991,441.414287,465719.398689,5247986.980264,482.525113,-0.4782477473317464,-0.48339275862982967,0.6714277651315915,-0.29461040254334164
13021,442.418246,465719.226094,5247987.528699,482.498615,-0.4766147861842994,-0.4856936135306083,0.6701082301402438,-0.29647094168633903
13051,443.418945,465719.069306,5247988.111763,482.426821,-0.47499087504025966,-0.4862563765182291,0.6722868551566474,-0.2932043473542564
13081,444.410375,465718.81173,5247988.622606,482.347288,-0.47957082992319927,-0.4816926254335754,0.672297561657605,-0.29325760395754835
13111,445.415347,465718.490633,5247989.149216,482.287988,-0.46990095907372587,-0.49172484773248165,0.6714866393248721,-0.2941180987158895
13141,446.413825,465718.098442,5247989.721014,482.266448,-0.4795082319862023,-0.48157068154574784,0.672807233734178,-0.29239008254041954
13171,447.415704,465717.613851,5247990.368087,482.177955,-0.46346585624439984,-0.4957360712143733,0.6766812112669637,-0.2855655548396166
13201,448.415371,465717.10589,5247990.997749,482.075778,-0.4797809743848341,-0.4790285705390084,0.6779027400399262,-0.284235325517526
13231,449.420336,465716.726273,5247991.641674,482.009696,-0.48633934470422324,-0.4726609877919697,0.6773411982738382,-0.2850868876906603
13261,450.41509,465716.467333,5247992.25994,482.0578,-0.4809408994611713,-0.47901355425792397,0.6757157452905415,-0.2874893000254419
13291,451.41415,465716.406636,5247992.824668,482.174551,-0.47203786616479476,-0.48923669896591315,0.6728018966446911,-0.2918309667647179
13321,452.409061,465716.354285,5247993.447073,482.252149,-0.47821837349210417,-0.48313761410328226,0.6727552713071704,-0.2920369463296892
13351,453.41321,465716.226974,5247994.162122,482.326089,-0.476322138687041,-0.48472733959082115,0.673276608975621,-0.2912992177402764
13381,454.411042,465716.032263,5247994.877177,482.420968,-0.4855503968151867,-0.4749520115620797,0.6744661821632761,-0.2894076156286204
13411,455.421069,465715.900544,5247995.559877,482.517442,-0.46910221606612024,-0.4916244078812572,0.6735409957667179,-0.29084545634896247
13441,456.416232,465715.673859,5247996.268068,482.49545,-0.4694100591537741,-0.49100286168897744,0.6740107052570522,-0.29031010209322067
13471,457.414307,465715.28362,5247996.952523,482.522098,-0.4780423353582079,-0.48177454999189373,0.6754868989752887,-0.2882468697108912
13501,458.415209,465714.863504,5247997.641811,482.555473,-0.47673362997121094,-0.48276580303791006,0.6760339906546662,-0.2874722055280493
13531,459.422272,465714.622245,5247998.330749,482.56318,-0.4747635253552367,-0.48424786708184275,0.6765089062564528,-0.2871224442196243
13561,460.410521,465714.386771,5247999.036905,482.501181,-0.4726391169282735,-0.4864615924625013,0.6762255076091911,-0.2875525118422737
13591,461.412209,465714.21409,5247999.727554,482.454447,-0.46664240079116276,-0.4926763511458708,0.6751518345742329,-0.2892833957843037
13621,462.409036,465714.113864,5248000.443316,482.436637,-0.4643686273001041,-0.49556862331086077,0.6735976717061641,-0.29161566185860044
13651,463.41414,465714.072894,5248001.130927,482.358697,-0.4695332035696755,-0.4910541633609189,0.6726156874250924,-0.29324480629872357
13681,464.408936,465714.019092,5248001.75318,482.208709,-0.4633892307218223,-0.4957685608742555,0.6749704995313591,-0.2896528606143825
13711,465.410553,465713.71953,5248002.354637,482.088291,-0.4603641539959097,-0.4979780225361554,0.6762005720522637,-0.28781160703279834
13741,466.405653,465713.189102,5248003.07421,481.977538,-0.46217844785197026,-0.49595145727371565,0.6767972750339876,-0.2869994475182666
13771,467.413941,465712.688858,5248003.847726,482.097987,-0.46899024151604807,-0.48921189785908514,0.6774291854987537,-0.28602372452355374
13801,468.412768,465712.148386,5248004.751474,482.271779,-0.4670856832228282,-0.4914385656972296,0.676622876784274,-0.2872291476955056
13831,469.411956,465711.618274,5248005.577096,482.442998,-0.45807998358160645,-0.5000108043479675,0.6763780410018402,-0.2875146428056952
13861,470.411951,465711.169158,5248006.312233,482.373948,-0.45897351933268665,-0.49875225975091575,0.6768806080040358,-0.2870925538094117
13891,471.421131,465710.832289,5248007.002236,482.391478,-0.4835444364993501,-0.47499602108976174,0.6764249288231677,-0.2881195473167223
13921,472.415844,465710.669404,5248007.691143,482.537978,-0.47818696915572834,-0.4817934169703094,0.6734489257069306,-0.29270953240014796
13951,473.412987,465710.661205,5248008.524883,482.773183,-0.46630214844713147,-0.4937302605371702,0.6730231753415598,-0.29297191270948064
13981,474.414987,465710.588354,5248009.482315,482.922059,-0.4598218705399218,-0.5004916459778961,0.6713547898316794,-0.29555829517975885
14011,475.420011,465710.397577,5248010.198811,483.085816,-0.45563294582421443,-0.5048004854004766,0.6702207720895612,-0.29728640278133145
14041,476.412832,465709.918784,5248010.711574,483.179052,-0.4558175099216056,-0.5041189016322223,0.671153508344218,-0.2960532028254993
14071,477.415633,465709.466789,5248011.16591,483.247357,-0.44074749021030774,-0.5188359578342213,0.6691584248579469,-0.29795620680427537
14101,478.407326,465709.226308,5248011.660879,483.240484,-0.45916463018464504,-0.5000282789583806,0.6734267768002677,-0.2926361886672943
14131,479.409195,465709.17083,5248011.991743,482.957616,-0.46462135166041213,-0.4947947292237212,0.6734085503691317,-0.2929609185598319
14161,480.416269,465709.325605,5248012.292828,482.643509,-0.45832334633639615,-0.5002136729118115,0.674403078040812,-0.29138716506421763
14191,481.416196,465709.463098,5248012.750415,482.344936,-0.4592521168397239,-0.4995178079389323,0.674319768258887,-0.29131135038888817
14221,482.404067,465709.558714,5248013.285429,482.215136,-0.44981404711522976,-0.5077869520684571,0.6756408786374568,-0.28866786700436525
14251,483.413842,465709.492745,5248013.878789,482.298926,-0.448044181168057,-0.5084698579121373,0.6775105927343893,-0.28582199364106414
14281,484.416634,465709.280331,5248014.46326,482.596792,-0.4521127907951841,-0.5045997751468742,0.6776679815009203,-0.28590067885470716
14311,485.421444,465709.130749,5248014.995519,482.884868,-0.4496130298434069,-0.5076462037648476,0.6758502397290329,-0.28873847796298224
14341,486.415327,465709.059474,5248015.321881,483.098049,-0.4482484611529851,-0.5087202203778293,0.6760001983606605,-0.28861875592043806
14371,487.416443,465709.080386,5248015.611738,483.287816,-0.4521336378030708,-0.5051484214361588,0.6758859705635817,-0.2890992920829166
14401,488.414332,465709.208625,5248015.908465,483.490304,-0.44648563115316287,-0.5118287531846746,0.6724647182027614,-0.2940631077841353
14431,489.417701,465709.421909,5248016.215001,483.75297,-0.4655867306071504,-0.49335482471327796,0.6738482639894858,-0.2928455742076901
14461,490.414564,465709.59841,5248016.362985,483.846516,-0.4621472970589616,-0.4955700797096299,0.6758704660084139,-0.28987805211029033
14491,491.415613,465709.683156,5248016.287403,483.795929,-0.4655843037962089,-0.4918469776417716,0.6765650146123416,-0.2890978859242249
14521,492.412563,465709.744833,5248016.216432,483.669179,-0.4769583347572538,-0.4808912634899747,0.676394742141002,-0.2893864067447025
14551,493.416817,465709.715055,5248015.994983,483.516512,-0.4819954988013947,-0.47589849698189757,0.6763630160832648,-0.2893683296083297
14581,494.414709,465709.614744,5248015.871102,483.375494,-0.4847962977114458,-0.4742577612014843,0.6735871333724363,-0.2938239258817003
14611,495.417767,465709.432844,5248015.880569,483.359503,-0.4694287661273487,-0.4891646632716214,0.6741497151667089,-0.29304731235614784
14641,496.416503,465709.241327,5248016.027341,483.429854,-0.45919197837496495,-0.4996135855177676,0.6727940426803319,-0.29474933129020325
14671,497.419243,465709.170667,5248016.238877,483.518069,-0.5422283227364019,-0.4070749916787411,0.6821529635720494,-0.27376218048169393
14701,498.41521,465709.191523,5248016.4303,483.671782,-0.6221702856206316,-0.2698144161021867,0.7111226481297082,-0.18549635002114961
14731,499.422195,465709.336122,5248016.622591,483.808633,-0.6306529376966179,-0.25349892948653985,0.7120205769143402,-0.1761870113668271
14761,500.414766,465709.519118,5248016.753445,483.943113,-0.06975442916918326,0.6769131940455696,0.118842858099164,0.7230485615898343
14791,501.418689,465709.83184,5248016.663925,483.812983,0.3737507749501854,0.5728791714258217,-0.2568842283059006,0.6827373626939439
14821,502.417399,465710.179027,5248016.561564,483.577653,0.3610529122474337,0.5836232535034429,-0.257824696155635,0.6801111075257905
14851,503.42034,465710.390455,5248016.433086,483.331498,0.3917796381054972,0.56762454117118,-0.2866818741571862,0.664924505831945
14881,504.414316,465710.412698,5248016.472631,483.094256,0.4103441131975272,0.5565568142960801,-0.30262617918079926,0.6559570236678348
14911,505.415205,465710.345481,5248016.693039,482.987842,0.32921780111933546,0.6045500042552906,-0.24564136515465743,0.6824919424476994
14941,506.41604,465710.386988,5248016.905817,482.627668,0.3822885907151799,0.5735362456929517,-0.28189273744271726,0.6674189785003772
14971,507.41911,465710.558485,5248017.073153,482.17343,0.31108174558198354,0.6131905772962151,-0.23125837648041667,0.6882913821837685
15001,508.414804,465710.514566,5248017.430941,482.210801,0.3888767517790912,0.5682414072279112,-0.28227043491481507,0.6679820181789234
15031,509.41782,465710.162326,5248017.822805,482.653674,0.3584827160276749,0.5816084386515821,-0.2480924339276149,0.6867837437116303
15061,510.416479,465709.654608,5248018.338647,483.215246,0.371357812515356,0.5736544286251029,-0.25495660488310584,0.6841133686963706
15091,511.417341,465709.112594,5248018.777789,483.691652,0.5240353799324785,0.44780101640098985,-0.29404641851265223,0.6621162088705771
15121,512.415096,465708.683793,5248019.093858,483.899171,0.6040192635054026,0.3502291920477074,-0.25617904715934886,0.6684852564930129
15151,513.417078,465708.397142,5248019.17825,483.744143,0.652810273704008,0.2647994577084683,-0.19115585359386913,0.6835052548302745
15181,514.415058,465708.167346,5248019.159565,483.290572,0.6652336931714254,0.230635883699073,-0.16297069758696386,0.6911669656080734
15211,515.420545,465707.998362,5248019.251006,482.848925,0.6662511889083477,0.22310725480475835,-0.1556408719105688,0.6943402804984138
15241,516.417419,465708.035285,5248019.595525,482.604234,0.6561862723003664,0.23998036718312238,-0.172506162564788,0.6943130585610313
15271,517.415496,465708.107378,5248020.090026,482.561243,0.6526455541656287,0.24183193449064638,-0.17131007474573268,0.6972976081838819
15301,518.413516,465707.908251,5248020.664191,482.534891,0.6524907709111544,0.23799657772710653,-0.16868893155243098,0.6993979319655242
15331,519.419632,465707.927125,5248021.340339,482.576185,0.656336101528802,0.2310923964151929,-0.16386127989587662,0.6992629742092333
15361,520.416154,465708.275195,5248022.003483,482.70412,0.6584170789459965,0.22290583216311785,-0.1551577470796604,0.7019444519768308
15391,521.419271,465708.607337,5248022.667807,483.124585,0.6521718685285492,0.2300588408246477,-0.15963434822791345,0.7044584150425414
15421,522.413731,465708.483317,5248023.28832,483.478629,0.6474298948368026,0.2355041717345479,-0.16345169762578673,0.7061556902769246
15451,523.414639,465708.265155,5248023.796006,483.655145,0.6476190153322287,0.2326440007385142,-0.16320985380960423,0.706985801498121
15481,524.413549,465708.258168,5248024.250522,483.721908,0.648351810467379,0.23072001522865268,-0.16550001337195755,0.7064120256694699
15511,525.411744,465708.599852,5248024.636904,483.742754,0.6497399485759182,0.22839524068552983,-0.16330562771835638,0.706402778315796
15541,526.411579,465709.186136,5248024.928229,483.781823,0.6477827535751388,0.2339338684407783,-0.16947445765943636,0.7049332291557718
15571,527.416358,465709.740557,5248025.127805,483.812599,0.6444759098811972,0.2422358572018713,-0.17626440468195007,0.7034937460351692
15601,528.413949,465710.224259,5248025.433022,483.831354,0.645785374270227,0.2409886050620138,-0.17513341359441553,0.7030035775525576
15631,529.417813,465710.668633,5248025.849126,483.860026,0.6381647473163494,0.254027416339042,-0.183699876004289,0.7031857383272074
15661,530.411287,465710.971707,5248026.291295,483.795369,0.6459286447038893,0.23347364049128144,-0.164260191651965,0.7080147135372289
15691,531.415331,465711.361726,5248026.798032,483.801898,0.6466470583532014,0.2314994986112503,-0.16469691540464373,0.7079057070839919
15721,532.415167,465711.881013,5248027.339019,484.026556,0.6438177863893098,0.24045033677364963,-0.16795341850110224,0.706734704601381
15751,533.411145,465712.409481,5248027.89921,484.17943,0.6472263843673355,0.23120355731682632,-0.16089833742337373,0.7083464177062133
15781,534.414969,465713.082821,5248028.452328,484.39822,0.6430352497029175,0.2394639093535142,-0.1662276508839463,0.7081885849392401
15811,535.416564,465713.727476,5248028.92789,484.516348,0.6475570832333549,0.22468803605235455,-0.15262185513421211,0.7119632572995864
15841,536.41533,465714.292397,5248029.490868,484.674502,0.6445556832207873,0.2335583697433476,-0.16045459140990828,0.7101075856840943
15871,537.415445,465714.726493,5248030.030836,484.839351,0.6365488826807424,0.2507913151360469,-0.1741549803775229,0.7082226196754343
15901,538.411535,465715.040097,5248030.541515,484.925528,0.6390782455256779,0.24720803885621548,-0.1701594164171449,0.7081757935888954
15931,539.416382,465715.227277,5248030.915243,484.821777,0.6362083316523477,0.2522654155109943,-0.17181237000015692,0.708577185907175
15961,540.414028,465715.35578,5248031.09623,484.572228,0.6286231248160425,0.2612155918249833,-0.17960369161703293,0.7101703285068813
15991,541.415724,465715.612879,5248031.257352,484.329889,0.6251401382269397,0.2691950072107806,-0.18653628403837177,0.7084758784937893
16021,542.418456,465716.072249,5248031.514432,484.155864,0.6263072805904766,0.26600583485957696,-0.18352694033259234,0.7094349499934287
16051,543.419404,465716.599438,5248031.800929,484.107145,0.6299725296023585,0.25881164865159506,-0.1787900968760295,0.7100600282565611
16081,544.416359,465717.230551,5248032.116162,484.101717,0.6352565394232372,0.24844389040690806,-0.17158880792468095,0.7108319375453527
16111,545.422167,465717.960441,5248032.551737,484.347923,0.6366999657898116,0.24365292811778033,-0.16859652495453797,0.711914050961307
16141,546.419023,465718.691354,5248033.121005,484.657214,0.6362279650571672,0.24510764584986547,-0.17004934518995896,0.711490996868983
16171,547.422288,465719.408185,5248033.684385,484.887102,0.6379618367302301,0.2400880352269702,-0.16658217784468293,0.7124695139029927
16201,548.417266,465720.058356,5248034.139834,485.053123,0.6371074409732647,0.24121289292941234,-0.1672179437304682,0.712705134144322
16231,549.414213,465720.662942,5248034.503553,485.027914,0.6346177588877606,0.2494228864030797,-0.1745723012684456,0.7103330454599952
16261,550.41305,465721.237524,5248034.859812,485.017147,0.6376727934541331,0.23888135153934734,-0.1654577330679591,0.7133952950105217
16291,551.415005,465721.777274,5248035.18732,485.04349,0.633108378253036,0.24780977742015922,-0.17268716419021704,0.7127013672813619
16321,552.407564,465722.246949,5248035.548438,485.053345,0.6339089866039262,0.2456197731662039,-0.17177308404896144,0.7129686748580712
16351,553.40912,465722.71912,5248035.813173,484.998424,0.6313914676217841,0.2519241528229752,-0.17798245818533942,0.7114782360811467
16381,554.408793,465723.2858,5248036.014916,484.904042,0.6324761699687812,0.24804589579685457,-0.176156351384337,0.7123314311940162
16411,555.415749,465723.854098,5248036.306746,484.802062,0.6257613440306798,0.26180562867170565,-0.18652476963798986,0.7106961822215064
16441,556.415742,465724.415813,5248036.694433,484.766291,0.6320928825662923,0.2472913529747441,-0.17668234951552741,0.7128035647516284
16471,557.41555,465725.031839,5248037.008492,484.803065,0.6305793745647071,0.2498661294588235,-0.17888955521636882,0.7126956550711804
16501,558.410366,465725.581296,5248037.409046,484.953711,0.6309614408097344,0.247410665395438,-0.1766237879224713,0.7137784392931804
16531,559.416167,465726.127613,5248037.807814,485.073765,0.6281237371958591,0.25485745741679466,-0.1832972090655423,0.7119763902819649
16561,560.410754,465726.694663,5248037.969198,485.133767,0.631220630913229,0.2484587117276007,-0.17956961346894804,0.7124489719234487
16591,561.417008,465727.325129,5248038.05202,485.201759,0.6279336581908891,0.2566139721712325,-0.18721922198851376,0.7104910647682525
16621,562.415056,465727.892614,5248038.171381,485.262666,0.617687992650576,0.2805038208543868,-0.20739972533192633,0.7048152269592602
16651,563.41804,465728.323362,5248038.318714,485.297873,0.6214850377420132,0.2729735158039822,-0.20199666409322461,0.7060022345769384
16681,564.417822,465728.647886,5248038.419699,485.237441,0.6130904154269489,0.29494769423640205,-0.21976872339588968,0.6991621474258903
16711,565.417687,465728.914329,5248038.516295,485.02744,0.600570589295436,0.31942886490361483,-0.2378539247519411,0.6933294152275806
16741,566.412588,465729.149337,5248038.748205,484.733696,0.6020765152584983,0.3168681234898691,-0.23586787056257064,0.6938766531066387
16771,567.419635,465729.418137,5248039.030127,484.618235,0.6072486593088159,0.30599349701385875,-0.2276600337378201,0.6969849026997426
16801,568.422626,465729.81533,5248039.657568,485.039031,0.6279691673693129,0.2566214026106692,-0.1865219057385127,0.7106403867184147
16831,569.424662,465730.358529,5248040.134396,485.613767,0.6291796272020921,0.2552767180333038,-0.187407032008558,0.7098206803818304
16861,570.421648,465731.080134,5248040.442127,486.044716,0.630559979743191,0.25137581464575487,-0.18372048794413073,0.7109508380099289
16891,571.425584,465731.805477,5248040.557947,486.282097,0.6263399260281567,0.26147147418600375,-0.1921882168749632,0.7087980350878968
16921,572.41832,465732.424629,5248040.703359,486.418549,0.6297414503606285,0.25298592873137205,-0.18503935803393298,0.7107631543207676
16951,573.421067,465732.954599,5248040.913937,486.468158,0.6276698439648801,0.2570261567274847,-0.18728072885333205,0.7105589703431843
16981,574.417972,465733.441558,5248041.196557,486.48378,0.6262574057950419,0.25991602144446463,-0.1895018972689141,0.7101650191433163
17011,575.41896,465733.893441,5248041.57376,486.515847,0.624768700284497,0.26294469849367036,-0.19253913592062163,0.7095441056184127
17041,576.421031,465734.532716,5248041.946729,486.650177,0.629663296272847,0.25278436027469414,-0.18595330207487523,0.7106655823766737
17071,577.424714,465735.221623,5248042.264473,486.821115,0.6321602071359099,0.2461507934457352,-0.1801967666051497,0.7122586501440104
17101,578.420341,465735.783456,5248042.364701,486.895846,0.6293673020905713,0.2533786098612007,-0.18580686512369576,0.7107544498608122
17131,579.42364,465736.208878,5248042.329465,486.921452,0.619442541425844,0.2777744864612697,-0.20598303964359196,0.7047717786079802
17161,580.424505,465736.58636,5248042.303178,486.912028,0.6271418897356192,0.25900523158705047,-0.18985977097766563,0.709621453673494
17191,581.425151,465736.903021,5248042.232156,486.708223,0.6269718919730102,0.2592923175135288,-0.19025468868647177,0.7095610574059578
17221,582.420269,465737.213416,5248042.17447,486.455167,0.646991212582283,0.2012267264656281,-0.140032197549562,0.722011882898526
17251,583.42849,465737.530362,5248042.056161,486.236,0.6546501525950255,0.17564919136728221,-0.1190940476750341,0.7255323198091911
17281,584.426175,465737.917332,5248041.938761,486.089406,0.6652005967621007,0.1280785249260166,-0.07714534608822228,0.7315412859825816
17311,585.427363,465738.338231,5248041.871256,486.113738,0.6743797105591907,0.06927073335548828,-0.025644554915716995,0.7346808343013107
17341,586.418248,465738.753335,5248041.777113,486.146853,0.6788862876226278,0.020232733220083038,0.017317784423262324,0.7337602737455067
17371,587.419169,465739.218439,5248041.630148,486.121321,0.6798777858645477,-0.023971345878964916,0.05616367503963293,0.7307784975426642
17401,588.420055,465739.705862,5248041.534352,486.156216,0.678618159773207,-0.05935227772219119,0.08676532738519044,0.7269294864833553
17431,589.419034,465740.215763,5248041.492352,486.202056,0.6756965844453837,-0.0934084518680292,0.11611450233453088,0.7219601160978802
17461,590.416775,465740.756783,5248041.472194,486.20765,0.6621246276302633,-0.16658807092235992,0.17554130812910182,0.7092423008057088
17491,591.420438,465741.249604,5248041.592044,486.153495,0.6464087638503665,-0.22593671640111537,0.2276050778019465,0.6923180185132358
17521,592.418542,465741.447464,5248041.987495,486.068805,0.6356517212352206,-0.25628235720194986,0.24952816527529043,0.6841066710770046
17551,593.422634,465741.631666,5248042.52846,486.130017,0.6271294074993553,-0.27730400032968155,0.26235419878004185,0.6789561635578145
17581,594.419369,465742.110862,5248042.705642,486.198345,0.6253542895572618,-0.2802997480361741,0.2571575305388109,0.6813472450009395
17611,595.418467,465742.736846,5248042.367453,486.211551,0.6338335113309733,-0.25956378457818374,0.2353380441254522,0.689563431916532
17641,596.417256,465743.446624,5248041.907862,486.182664,0.6350843053560287,-0.2539304083237349,0.22704821548424575,0.6932794390896151
17671,597.419031,465744.070631,5248041.597853,486.208498,0.6329600103572014,-0.25852291776172126,0.22871002203559476,0.6929785365370673
17701,598.418066,465744.514158,5248041.421779,486.259811,0.6273757452558663,-0.26978057224805146,0.23291233121293323,0.6923654837375395
17731,599.419844,465744.985675,5248041.436928,486.251829,0.6260197110079071,-0.27013477496229377,0.22981461837546494,0.6944866924330421
17761,600.419714,465745.479498,5248041.388103,486.294599,0.6271062617658633,-0.26818929150459886,0.22589632964933026,0.6955451736783649
17791,601.41852,465745.993804,5248041.33371,486.455288,0.618992134955351,-0.2842774391361496,0.23348975624486912,0.6939146980647701
17821,602.416569,465746.515314,5248041.322693,486.646904,0.6264188972117173,-0.26854112162114824,0.2199639967679346,0.6979261216922514
17851,603.419668,465747.163343,5248041.250886,486.838443,0.62520834179748,-0.2711078823733293,0.22070188713501443,0.69778630143973
17881,604.413372,465747.777427,5248041.027439,487.113892,0.6270425890139244,-0.26914157690486773,0.2188689770558658,0.6974788699497605
17911,605.416441,465748.413898,5248040.694696,487.294679,0.6286790901821637,-0.26853280737519447,0.22389377680328043,0.6946396977136322
17941,606.417247,465749.036869,5248040.201564,487.34317,0.6334646196810206,-0.26055774253611746,0.22297802641981812,0.6936231240023542
17971,607.418176,465749.571095,5248039.764331,487.330191,0.626595424566962,-0.2753890142643866,0.23317650450776448,0.6907733220672165
18001,608.415245,465750.059395,5248039.351353,487.33099,0.626508665163106,-0.275122007653461,0.23284058758776505,0.6910716563078366
18031,609.416023,465750.578197,5248038.932389,487.360491,0.628071826974598,-0.2704202277746438,0.2256465514332609,0.6938892666682321
18061,610.410594,465751.054502,5248038.488473,487.449281,0.626881304967717,-0.273108017615247,0.22559438225635103,0.6939301224839699
18091,611.417238,465751.462961,5248037.989138,487.594774,0.6276362777173539,-0.2718614087084613,0.22452848527943733,0.6940828744798976
18121,612.418248,465751.863728,5248037.50439,487.729176,0.6279449585712339,-0.2709643295603044,0.22259970744443008,0.6947753819448127
18151,613.418407,465752.291676,5248037.016802,487.836311,0.6283016424468566,-0.2685135039686449,0.21709341774643978,0.6971427344928962
18181,614.415953,465752.712835,5248036.463884,487.959952,0.6325170274334633,-0.26032096664540105,0.2136694940214545,0.6974959151537413
18211,615.422823,465753.056112,5248036.030152,487.994799,0.6295724992014826,-0.2663185407269025,0.21858523649877093,0.6963715944085231
18241,617.222458,465753.30404,5248035.561406,487.908879,0.6368695534396923,-0.24968376504864873,0.20618062484271638,0.6996747382263598
18271,618.223423,465753.549605,5248035.140686,487.82059,0.641927546059766,-0.23732325824906164,0.19754714592244793,0.7018417356082717
18301,619.221278,465753.824585,5248034.82701,487.915822,0.6370805120015004,-0.24819368822084042,0.20459361213442426,0.7004782425093811
18331,620.217297,465754.257033,5248034.57184,488.033249,0.6370212041975674,-0.24796365966919048,0.20674882576853074,0.6999806653968929
18361,621.215286,465754.640232,5248034.382102,488.124917,0.6326126125248548,-0.25683897339482115,0.21092691447335962,0.6995318870292623
18391,622.219605,465755.049048,5248034.197887,488.213181,0.6275490806597078,-0.2703287918018721,0.22283480797189648,0.6953050726423788
18421,623.220396,465755.421749,5248033.972729,488.306413,0.6405893516586197,-0.27176802553209634,0.2543953773324614,0.6716177594672803
18451,624.221265,465755.678089,5248033.661223,488.27911,0.6627179205261939,-0.28756718453481694,0.3835866043223546,0.5753011291285645
18481,625.224394,465755.714448,5248033.314023,488.106625,0.6962386209205811,-0.2464006624730311,0.5077095292511711,0.44358711678656004
18511,626.220043,465755.80382,5248033.032622,487.876899,0.6981364320474018,-0.24144954238059074,0.5171257228153867,0.4323061733713626
18541,627.223123,465756.037684,5248032.679545,487.697881,0.6927523708479966,-0.25088868599011593,0.5128611259091302,0.4405933334242045
18571,628.226028,465756.34614,5248032.122315,487.652906,0.6923639927810508,-0.25241329680826,0.5055073608356264,0.4487559885234585
18601,629.22508,465756.764831,5248031.568131,487.70609,0.691651205738626,-0.25309598133502786,0.4975364640213119,0.458277755080403
18631,630.22407,465757.35464,5248031.169838,487.953206,0.687216981181856,-0.2602083306560498,0.4999051971421064,0.4583876517782738
18661,631.220082,465758.070123,5248030.726367,488.34411,0.6850472555674093,-0.2635812851936861,0.503472557100197,0.4557966081293213
18691,632.21196,465758.782286,5248030.372432,488.719925,0.6853879693992939,-0.26346785678804696,0.4954408450528699,0.46407584390433815
18721,633.221011,465759.352135,5248029.976594,488.961337,0.6912594683710719,-0.2509997355312823,0.5280708391229101,0.4246182627002696
18751,634.226627,465759.479996,5248029.448467,488.92996,0.688598490388031,-0.25793093965522323,0.5018167207629646,0.45550381794953504
18781,635.219527,465759.546713,5248028.762884,488.733526,0.690019217947959,-0.25368286197995976,0.5241492460627689,0.42986748219884563
18811,636.224601,465759.625333,5248028.066705,488.415954,0.6856463476883935,-0.26191324715620135,0.5091015238982997,0.449562203960798
18841,637.224659,465759.816775,5248027.368662,488.047247,0.6799506732943504,-0.2722254455520667,0.4879077209941737,0.47487518831247644
18871,638.219255,465760.170395,5248027.006873,487.664191,0.6733996095196995,-0.27957226546191316,0.43881989682346506,0.5251756015230081
18901,639.218136,465760.596669,5248027.028372,487.567498,0.6887054711515265,-0.23188477182921718,0.31271306963757367,0.6116573899476009
18931,640.227134,465761.254527,5248027.061088,487.657512,0.6871399455500167,-0.23337735109182636,0.3117818762685643,0.6133235433744054
18961,641.221814,465761.964414,5248026.99939,487.850499,0.6869386588472991,-0.23266004267383844,0.3087295538733387,0.6153622072318471
18991,642.224034,465762.548939,5248027.049925,487.920379,0.6923153974574401,-0.22429855671596638,0.3141005226241324,0.6096969817751503
19021,643.221636,465762.923726,5248027.099523,487.814522,0.692229874602027,-0.22336230343247712,0.31147135178782626,0.6114839974433218
19051,644.221625,465763.028421,5248027.062191,487.544176,0.6954161782300425,-0.2167260361850181,0.3069851801768055,0.6125245002832672
19081,645.218278,465763.104494,5248026.947775,487.170349,0.7002161410175073,-0.20546749535881503,0.2970145269649265,0.6158431902532707
19111,646.227247,465763.383803,5248026.573176,487.054172,0.7173922943072838,-0.13124842288114905,0.17398267758917196,0.6617039938360995
19141,647.225079,465763.834505,5248026.097184,487.09759,0.7184821903211496,-0.12268532455961877,0.16388249207302558,0.6647361748249897
19171,648.223058,465764.299639,5248025.554195,487.160974,0.7155218584315848,-0.12662018773545164,0.16552139187117823,0.6667821735750575
19201,649.220608,465764.652711,5248025.068634,487.171355,0.7156102206693037,-0.12647498471404103,0.16969529166889746,0.6656647792249651
19231,650.225618,465764.790483,5248024.741028,487.189441,0.7161452271336064,-0.12298427286649741,0.16855940109069764,0.6660319891605804
19261,651.220498,465764.779668,5248024.733546,486.902172,0.7162332505271802,-0.11824087866329974,0.16537845890732403,0.6675919343293766
19291,652.221791,465764.792794,5248024.682259,486.582843,0.7187123741129877,-0.11006110918083431,0.1608348310273333,0.6674363135694418
19321,653.218781,465765.202026,5248024.611952,486.484189,0.7220449969880725,-0.08854882248941698,0.12872264140890288,0.6739737457415882
19351,654.219955,465765.871325,5248024.727759,486.913997,0.7277734017657215,-0.013845070883008855,0.021564361612707555,0.6853387250132819
19381,655.221038,465766.918916,5248024.933825,487.329632,0.7283404332899742,-0.01171121809729723,0.022729151103528248,0.6847382319512787
19411,656.219023,465767.122515,5248025.022564,487.518602,0.7300810512816696,0.05731752843315304,-0.07666070918959297,0.6766235993226334
19441,657.220177,465767.792317,5248024.997735,487.815523,0.7278936359269519,0.07364118780851318,-0.0934101324988413,0.6752942894632992
19471,658.222301,465768.003934,5248025.091173,487.697313,0.7291522735061028,0.07104816357267184,-0.08638039723804587,0.6751500184898388
19501,659.222348,465768.822972,5248025.009105,487.877199,0.7270448582212635,0.08290045693965724,-0.09893502004841243,0.6743479444479973
19531,660.227221,465769.129676,5248025.097835,488.000032,0.7258024959449023,0.10477683938691937,-0.12968972456887462,0.6673927825122827
19561,661.219125,465769.709064,5248025.419458,487.787452,0.7213456670378102,0.11411877985076123,-0.1319991316281146,0.6702339606291028
19591,662.221223,465770.191805,5248025.723294,487.790256,0.7112408503775587,0.13021257545675155,-0.14014628377057967,0.6764171472489614
19621,663.227295,465770.595632,5248025.965001,487.75272,0.7109430327072138,0.1339214979208201,-0.1418703065517094,0.6756462482384088
19651,664.22822,465770.959679,5248026.103066,487.770352,0.7115938336988766,0.13026702018732092,-0.13343520564182398,0.6773918845015607
19681,665.221109,465771.300459,5248026.255752,487.798013,0.7110241764430913,0.1329535085898417,-0.1344634025542531,0.6772647772035747
19711,666.226079,465771.582748,5248026.410657,487.793237,0.7098382959309151,0.1394862799718689,-0.14071693740112406,0.6759230095639238
19741,667.221035,465771.836837,5248026.5289,487.779202,0.7098123420981352,0.13937659017063836,-0.13852067138390936,0.6764263660716641
19771,668.224961,465772.182925,5248026.508409,487.761773,0.7131311651686375,0.12220543597513353,-0.11509522551564792,0.6806341614603628
19801,669.227941,465772.515684,5248026.390674,487.708268,0.7115224560335779,0.1288167873892671,-0.12186368914289422,0.6799200475902571
19831,670.226812,465772.764687,5248026.308523,487.58973,0.7063041449038201,0.1604350708715223,-0.1664081301202295,0.6691064019690903
19861,671.223622,465773.14614,5248026.314789,487.427467,0.6885882255156192,0.22162273970546909,-0.24998125754000405,0.6436140052899803
19891,672.227976,465773.477113,5248026.409394,487.308386,0.690957373438499,0.21857695780526443,-0.24383059109838393,0.6444754956180871
19921,673.227604,465773.92368,5248026.560745,487.319615,0.6896795873850488,0.22284636647512293,-0.2487579883631979,0.6424959353324494
19951,674.230426,465774.505841,5248026.720273,487.453587,0.6876338473102,0.2274503871042286,-0.2529741067436292,0.6414281836314741
19981,675.227162,465775.118669,5248026.846671,487.654594,0.684932208026663,0.23303354507129234,-0.25772672432845084,0.6404218709929829
20011,676.228238,465775.463312,5248026.879518,487.718055,0.6765940953069761,0.24844828279400769,-0.2712534940108788,0.6378992263354245
20041,677.226052,465775.444425,5248026.918369,487.627054,0.6736848632577337,0.2536940040978753,-0.2734280232953347,0.6379852454242199
20071,678.228034,465775.316601,5248026.989882,487.457978,0.6715154427901507,0.25664942445841565,-0.27540582545213976,0.6382395430608616
20101,679.219789,465775.229046,5248027.065104,487.303965,0.6730137353270493,0.2549101340512225,-0.2755960144613475,0.637275585937623
20131,680.221725,465775.267419,5248027.215512,487.093225,0.6737409303124651,0.2541204503744761,-0.27387805017037375,0.6375631491531186
20161,681.219781,465775.554755,5248027.409247,486.892791,0.6753634223170345,0.2530288066603117,-0.2731084781902591,0.636610108258487
20191,682.223065,465775.945095,5248027.626508,486.849145,0.6760892168585142,0.25035002326935174,-0.26628617311694797,0.6397811428163592
20221,683.21741,465776.186812,5248027.920482,486.876015,0.6760369078855032,0.24960778234083905,-0.26311257212716976,0.6414373145991126
20251,684.224323,465776.209986,5248028.367032,486.959726,0.6761948243939663,0.24898817642322021,-0.25879391451110983,0.6432660081772307
20281,685.217033,465776.072196,5248028.931352,487.045564,0.6719703645215673,0.2574784981234727,-0.26813609816416245,0.6405182940948148
20311,686.221135,465776.035101,5248029.574975,486.979467,0.6737472976323023,0.2556465660645525,-0.26681669512395095,0.6399361400918883
20341,687.221056,465776.147414,5248030.223235,486.89208,0.6680234302782692,0.2655111661859154,-0.27505786475522015,0.6384290784935697
20371,688.22296,465776.395003,5248030.867251,486.794035,0.6718863476861009,0.2560365610954398,-0.2635295117080821,0.6430911378913202
20401,689.221959,465776.695756,5248031.38475,486.819949,0.6717485537530828,0.2582298358563597,-0.2689079259932598,0.6401248001306015
20431,690.224534,465777.122389,5248031.951052,486.818306,0.67166977741863,0.2595451863966217,-0.27042923296394683,0.6390336738226573
20461,691.221561,465777.591578,5248032.484839,486.833798,0.671141457411397,0.26027151786130176,-0.26923231884654464,0.6397982804153137
20491,692.221673,465777.984529,5248033.000245,486.828107,0.6713669396830207,0.25895532431350354,-0.26603055702815737,0.641433016797258
20521,693.217471,465778.398099,5248033.617069,486.770417,0.668603727811228,0.26708307806945497,-0.2779505200284892,0.6359081639527577
20551,694.22251,465778.930837,5248034.187105,486.743409,0.6705431459871195,0.2628602522879179,-0.2739717909737833,0.6373506373162627
20581,695.223428,465779.558189,5248034.66017,486.704608,0.6709651923085951,0.26307479884017504,-0.2750115946704379,0.6363693767948879
20611,696.218364,465780.17056,5248035.029477,486.607831,0.6706123149510453,0.26408000046175323,-0.27369407158303355,0.6368927944108191
20641,697.220641,465780.756301,5248035.442421,486.506152,0.6717220363524754,0.2620131252660866,-0.27239644424048715,0.6371332711701068
20671,698.227325,465781.317416,5248035.951374,486.472568,0.6680045252484209,0.2689581859561811,-0.2793890489839146,0.6351166883043271
20701,699.228152,465781.953817,5248036.520574,486.436788,0.6692358693483157,0.2669233525561489,-0.2761292392808728,0.6361037008632762
20731,700.229112,465782.632555,5248036.941251,486.375951,0.6685437008537739,0.26863379476855903,-0.2785310303989504,0.6350635160847161
20761,701.225968,465783.335285,5248037.252049,486.242098,0.6695201747069613,0.2671980717035089,-0.27609837610474597,0.635702456225087
20791,702.223828,465784.025518,5248037.629492,486.164151,0.6671925707216607,0.27076068876974274,-0.27925256714479285,0.6352642967567114
20821,703.22166,465784.680011,5248038.138851,486.17245,0.6646944040375493,0.2756861830276485,-0.28533105656708263,0.6330597648619956
20851,704.216364,465785.193579,5248038.731004,486.25961,0.6647009944108633,0.27472410589708257,-0.2811772895106598,0.6353255744354203
20881,705.213052,465785.759071,5248039.305928,486.210107,0.6696993377631866,0.26615424779064745,-0.27581996560333194,0.6360723700626534
20911,706.211818,465786.506334,5248039.67499,486.086211,0.6693252750998,0.2679908154436944,-0.2780778439073983,0.6347104156055842
20941,707.212956,465787.274955,5248040.016169,486.071027,0.6691850735468655,0.26881385888376025,-0.2789520996937329,0.6341263065750826
20971,708.216654,465787.944441,5248040.40187,486.090342,0.6703938798499515,0.2671723171260145,-0.27872145075546934,0.6336444994711242
21001,709.210495,465788.582138,5248040.787775,486.093077,0.6689471564284339,0.27066798612181975,-0.283669078130639,0.6314906153757031
21031,710.212411,465789.235736,5248041.201918,486.065333,0.6688006231848506,0.2698278869373247,-0.282319015805164,0.6326093669661378
21061,711.221402,465789.916718,5248041.595851,486.084404,0.6680932402550095,0.2694355293247333,-0.27974943512816447,0.6346622498688068
21091,712.224491,465790.634288,5248041.996774,486.11188,0.6671357804742706,0.2712412328120677,-0.28175350828301826,0.6340134104289804
21121,713.216025,465791.317145,5248042.363822,486.207908,0.6672247125521147,0.2737273023364632,-0.28766384685852525,0.6301857330390028
21151,714.213944,465791.841225,5248042.843336,486.381212,0.6654992395155424,0.2741607549743476,-0.2829127126952977,0.6339613865461513
21181,715.213454,465792.110762,5248043.198832,486.417189,0.6634620812130393,0.27756574064692346,-0.283789344324225,0.6342230951799326
21211,716.217385,465792.291891,5248043.537171,486.292093,0.66190833457854,0.2811946683816153,-0.2893145065266139,0.6317468095704788
21241,717.222563,465792.458826,5248044.036472,486.194547,0.6577389223869952,0.2874759790525324,-0.29585074936162675,0.6302455121197976
21271,718.212306,465792.675206,5248044.606964,486.024201,0.657493033491795,0.28595153114518185,-0.29294955760278957,0.6325465907313178
21301,719.210115,465792.877331,5248045.212847,485.885718,0.658532217172514,0.28333532772054404,-0.2896158381894548,0.6341759040527828
21331,720.215001,465793.141839,5248045.891152,485.812444,0.6592294388487983,0.28317838080735236,-0.29178083585728254,0.6325270709027797
21361,721.22285,465793.572081,5248046.583321,485.793012,0.6601694839679011,0.28116651460070874,-0.29074801873786965,0.6329196103020098
21391,722.222826,465794.122109,5248047.232433,485.810418,0.6618457023632529,0.2790275762603489,-0.28969516223114905,0.6325982855884418
21421,723.221713,465794.82182,5248047.907726,485.851975,0.6620280670648543,0.2798587323698858,-0.29400711082337605,0.6300458293806763
21451,724.214515,465795.414131,5248048.570669,485.910533,0.6629259004702308,0.2771856609692893,-0.28668036448635914,0.6336495312526634
21481,725.223419,465795.904366,5248049.175825,485.93165,0.6607382677107244,0.2818609592017547,-0.2936751043149797,0.6306617749365214
21511,726.231653,465796.391195,5248049.884516,485.945642,0.6596988304657511,0.2839929503005653,-0.2950485342870855,0.6301522194491928
21541,727.224355,465796.833823,5248050.609388,485.994214,0.658230034263905,0.2878131616622671,-0.30183955197781204,0.6267293601138705
21571,728.22313,465797.284597,5248051.379146,486.091679,0.6595711250767788,0.2842028363779495,-0.2947104869928218,0.6303494329466269
21601,729.227044,465797.754671,5248052.169128,486.107816,0.660152568498065,0.28363564446000983,-0.2964876900896256,0.6291617098349839
21631,730.227796,465798.326013,5248052.749739,485.78377,0.661682993353603,0.28280592475465643,-0.29708298725485643,0.6276449027228772
21661,731.222764,465798.833014,5248052.919728,485.7492,0.6617232305925841,0.28467947092915724,-0.3017994448950295,0.6244974459408626
21691,732.224729,465799.5193,5248053.017463,485.817057,0.6647765378266776,0.2781208797306401,-0.29448876864108114,0.6276920392655068
21721,733.224625,465800.18789,5248053.093854,485.796064,0.662319378382499,0.28369377862622,-0.30333696720955866,0.623568412695756
21751,734.221484,465800.709339,5248053.172727,485.741118,0.661606557455153,0.2856086499038897,-0.3082285602163385,0.6210471937778819
21781,735.225353,465801.243831,5248053.275672,485.694369,0.665682354829839,0.2785822134349238,-0.3000474626586135,0.6238833809118712
21811,736.225258,465801.87356,5248053.350659,485.649546,0.6658324343662274,0.2783324040369516,-0.3001358596759903,0.6237921993304412
21841,737.222025,465802.501875,5248053.409109,485.653084,0.6657888493745795,0.27990353398787665,-0.3052681885580866,0.6206372150975447
21871,738.223041,465803.129979,5248053.475861,485.624178,0.6691928689305957,0.27365603454433746,-0.2986100367841966,0.6229970504437785
21901,739.221698,465803.812076,5248053.413796,485.483842,0.6677673263724382,0.277545971496599,-0.30596994635024455,0.6192232420265272
21931,740.216652,465804.505574,5248053.383123,485.384285,0.668715348220817,0.27663026302713783,-0.3064165339766595,0.6183885415636181
21961,741.220433,465805.199735,5248053.395994,485.38208,0.6686660162863599,0.2774270169232438,-0.3088828945964672,0.6168560337473464
21991,742.224712,465805.860573,5248053.476504,485.536746,0.668568544072259,0.2774687151479527,-0.3088744622315236,0.6169471456878873
22021,743.220638,465806.464609,5248053.691146,485.588764,0.6679237457359775,0.27866522343125805,-0.3094285795278769,0.6168285963729215
22051,744.222459,465806.808243,5248054.016345,485.544747,0.6647383633340416,0.2841861643776751,-0.3162635276212009,0.614278856371338
22081,745.221142,465807.090356,5248054.533901,485.428361,0.6649115549224238,0.2844276093634329,-0.31880651036563873,0.6126630135000244
22111,746.223054,465807.534136,5248055.077382,485.408043,0.67146802305263,0.2704857212037968,-0.3006205200540236,0.6209633415630131
22141,747.222689,465808.101164,5248055.500562,485.426059,0.6706480738684354,0.27358060573966797,-0.3077350113595801,0.6169959286439362
22171,748.224456,465808.652477,5248055.913969,485.44539,0.6710221890312833,0.2730397252993818,-0.30724435522250176,0.6170732828603196
22201,749.220229,465809.079952,5248056.38985,485.444354,0.6703185153325565,0.2728602943226451,-0.3047655105521955,0.6191432236263079
22231,750.224319,465809.366961,5248056.810308,485.318665,0.6675015848342302,0.27966800932447833,-0.31679465547860436,0.6130812222409577
22261,751.222046,465809.778062,5248057.326731,485.273256,0.6693324313780088,0.27657666831812794,-0.31474791577337896,0.6135415164143022
22291,752.225054,465810.279381,5248057.873695,485.278313,0.6691738546059084,0.2774887516940895,-0.31795785543209937,0.6116446248959819
22321,753.218997,465810.834344,5248058.525414,485.403201,0.6678615477853965,0.2788018943096506,-0.31793806755255344,0.6124915035492271
22351,754.223134,465811.346409,5248059.176315,485.513347,0.6681568038837866,0.278729945305492,-0.31721273809610784,0.6125783066705599
22381,755.224055,465811.746412,5248059.742089,485.568435,0.669297948235064,0.27674658137934277,-0.31387666157033406,0.6139487173246984
22411,756.22198,465812.082643,5248060.256858,485.499485,0.673019236933269,0.2694770016902944,-0.3038842971148803,0.618127483812817
22441,757.221801,465812.359915,5248060.641141,485.356809,0.6694412871377845,0.27736288243119117,-0.31544965793453456,0.6127068694194255
22471,758.227043,465812.679311,5248061.1261,485.231752,0.6708329377543345,0.2750229897619397,-0.3146224852000662,0.6126648484553585
22501,759.224798,465813.0761,5248061.653813,485.076793,0.6693156012312047,0.27984061358603973,-0.3252966340493134,0.6065376796312714
22531,760.22477,465813.562879,5248062.204426,485.060689,0.6711701722391088,0.27580134529067685,-0.3188290390344717,0.6097641033225332
22561,761.221815,465814.157171,5248062.72892,485.171255,0.6714659548419789,0.27611541131690953,-0.32276718915703345,0.6072191471990249
22591,762.222833,465814.901993,5248063.210607,485.252045,0.6776940435249934,0.2638661042933757,-0.3065874182753247,0.6140925152866245
22621,763.221747,465815.686379,5248063.610705,485.223248,0.6776537054828391,0.26437434077919825,-0.30864059231685753,0.6128887730716245
22651,764.222748,465816.328751,5248063.993089,485.053878,0.6775813762354408,0.2632315016931626,-0.3040477492378583,0.6157496417202702
22681,765.224346,465816.808626,5248064.371638,484.933598,0.6763174613447126,0.2652297919231391,-0.30658582172256577,0.6150227498843849
22711,766.222143,465817.380623,5248064.828954,484.914927,0.6748611272235001,0.2682039041588995,-0.3128171113119568,0.6121883530638209
22741,767.221772,465818.163204,5248065.352006,484.991969,0.6742506610452905,0.26749003421861417,-0.30942178477070564,0.6148929067594002
22771,768.226061,465819.003203,5248065.800211,485.017504,0.6722618217383087,0.27091132732646117,-0.3133181567766576,0.6135982630299595
22801,769.228804,465819.760162,5248066.398334,485.056731,0.6711894498531389,0.2732880268633272,-0.31639825053725085,0.6121360337669701
22831,770.229656,465820.422028,5248067.08784,485.162581,0.6694358287326276,0.27649233471799545,-0.3200465690008329,0.6107191283413735
22861,771.230562,465821.093142,5248067.720436,485.171997,0.6688164862809199,0.2777777636321386,-0.3208009517825498,0.6104185212178459
22891,772.225377,465821.727411,5248068.211187,485.102392,0.6692713594969664,0.27692289506131224,-0.31939098300483093,0.611047426574363
22921,773.226519,465822.247434,5248068.64058,485.042067,0.6685617405831138,0.27962705168345325,-0.3250265785476315,0.6076114171350938
22951,774.230115,465822.870639,5248069.027915,485.056749,0.6700338139875088,0.27653935018187026,-0.3204187510039162,0.6098462920436851
22981,775.219245,465822.897251,5248068.162147,486.414624,0.6425599739306442,0.2976171611600722,-0.2504249956340562,0.6601727250098662
23011,776.217236,465823.41076,5248068.575919,486.435636,0.6412619337106152,0.30024339080591855,-0.25369736930744136,0.658995207461762
23041,777.214981,465824.020139,5248069.09629,486.472342,0.6390742662747068,0.30479416342918897,-0.2605510144307052,0.6563518637164646
23071,778.217857,465824.819117,5248069.544285,486.490861,0.6419650413492244,0.2993133448252862,-0.25632739101398583,0.6577147374895524
23101,779.214784,465825.56624,5248069.812108,486.476415,0.633175729029874,0.3159810536919221,-0.2728817023293513,0.6517515219844644
23131,780.221178,465826.270033,5248070.061794,486.521183,0.6056689637622902,0.36168990584023664,-0.3172722153762254,0.6337853419720719
23161,781.216815,465826.97705,5248070.352785,486.481933,0.6018372416686595,0.3679866528003058,-0.32367833987192146,0.6305633118087698
23191,782.21985,465827.667517,5248070.585529,486.373561,0.603745350100123,0.36618946387496365,-0.324033528735066,0.6296023356333328
23221,783.21868,465828.25478,5248070.71751,486.118724,0.6040300306071851,0.3647809842478096,-0.319623117568537,0.6323951441714677
23251,784.2214,465828.741509,5248070.940747,485.852346,0.5991225747256114,0.37128382177519054,-0.3233321619702156,0.6313927281635647
23281,785.222512,465829.222329,5248071.375605,485.790534,0.5960381056986849,0.37550784127829684,-0.32619769515878316,0.630339195486632
23311,786.220745,465829.761986,5248071.923955,485.866127,0.5968645483257691,0.374460015729025,-0.3264830625979153,0.6300327113799566
23341,787.214555,465830.229925,5248072.503225,486.023745,0.5701230388774932,0.41203836502708313,-0.35871619880815425,0.6136014952715887
23371,788.225645,465830.754973,5248073.035762,486.034138,0.5554889996958459,0.43192759504491074,-0.3774964148501594,0.6019692522304645
23401,789.21625,465831.550229,5248073.489097,485.993915,0.5562997852648462,0.4327672298645768,-0.3853850243151412,0.5955849701791044
23431,790.217557,465832.417787,5248073.870652,485.832346,0.5530420633764561,0.4360745960580248,-0.38473459438764884,0.5966261096285627
23461,791.219511,465833.067407,5248074.212967,485.566127,0.5514480735058623,0.43734171858796445,-0.3801436206297345,0.6001067164294326
23491,792.224366,465833.517388,5248074.471849,485.320718,0.546404119383436,0.4426454439649451,-0.3771646081518766,0.6027059047458634
23521,793.218249,465833.852012,5248074.728788,485.191719,0.5357052432816702,0.45249107258601884,-0.36885994422524393,0.6100934871776873
23551,794.220049,465834.025141,5248075.175917,485.042813,0.521921613024047,0.46411688404552043,-0.3593643208473729,0.6189108439057762
23581,795.211773,465834.169655,5248075.571437,484.848634,0.5142830585149886,0.4697725443530077,-0.35070411695515785,0.625965905339319
23611,796.218686,465834.246787,5248076.020101,484.703138,0.5109475334208073,0.47434603930051555,-0.352949417507824,0.6239833024785154
23641,797.217887,465834.269495,5248076.365962,484.728666,0.5046546959009792,0.48023600698026253,-0.3515387963010522,0.6253938680543253
23671,798.218819,465834.166,5248076.717913,484.813463,0.5111594533410374,0.47480921774716534,-0.35364008588040236,0.6230657346226948
23701,799.215817,465834.007869,5248076.875224,484.977467,0.5102945976769451,0.47723571762230804,-0.3594745852150945,0.618565692543388
23731,800.225897,465833.616913,5248076.875368,485.076656,0.5156896892584483,0.4718328606116788,-0.35645567631824854,0.6199816504220308
23761,801.222751,465833.126764,5248076.892337,485.056874,0.5112345854356852,0.47507517443527186,-0.3547213248701314,0.6221861128087623
23791,802.218645,465832.724704,5248076.901578,485.012261,0.5165402857585388,0.47043824942549595,-0.35814509442839315,0.6193594093923491
23821,803.214302,465832.41561,5248076.973661,484.988537,0.5218468494826333,0.4667911572234981,-0.36528667927117264,0.6134716971222361
23851,804.215897,465832.263652,5248077.022716,485.066954,0.5275801213004903,0.46363247919704353,-0.3793511891652375,0.6023261700450041
23881,805.216616,465832.308743,5248077.20899,485.229574,0.5328407747912082,0.4604723915595399,-0.3915027288910583,0.5922596547142118
23911,806.219674,465832.566447,5248077.444112,485.376252,0.5228002050323296,0.4715081250075339,-0.3986151262095868,0.5877635705170482
23941,807.215672,465832.806081,5248077.588685,485.408963,0.5103189000054446,0.48538344146966694,-0.4089064861822883,0.5803214803902654
23971,808.221996,465832.97507,5248077.685374,485.362105,0.45799870064882686,0.5329719229520086,-0.3969546231255762,0.5904279352537921
24001,809.219816,465833.033089,5248077.778697,485.155542,0.3013205310168418,0.6323835710768888,-0.27271320342117833,0.6594880327189636
24031,810.215618,465833.087997,5248077.928957,484.959351,0.38812896888287524,0.5877959236135115,-0.36705712177892885,0.6075532281608119
24061,811.217504,465833.157478,5248078.154519,484.845199,0.652726035628209,0.28312709558083105,-0.6359713684088932,0.2988782172142439
24091,812.222554,465833.184265,5248078.447914,484.838562,0.675047533970426,0.22296043769067705,-0.6631686081092456,0.23410866563131325
24121,813.219473,465833.192184,5248078.8919,484.810473,0.42929553180015295,0.5643669014865876,-0.4750310861317954,0.5210957820701478
24151,814.2235,465833.18788,5248079.382284,484.782673,0.42147206068225207,0.569644976473933,-0.5263377452956154,0.4699302934685062
24181,815.22149,465833.142551,5248079.934344,484.865068,0.4136252471170928,0.5756993525512583,-0.5300739027550498,0.4653021255457749
24211,816.220771,465833.089112,5248080.49943,485.08448,0.4177816203542899,0.5715192426557757,-0.5376769258277517,0.4579604747145007
24241,817.216553,465832.936995,5248081.002468,485.283178,0.41516760306746275,0.5737104442856237,-0.5368531688301909,0.4585639133182993
24271,818.223268,465832.732986,5248081.450157,485.316435,0.41441928742518935,0.5743962320663165,-0.5340731211692231,0.46161837489703644
24301,819.222259,465832.589379,5248081.905532,485.283592,0.40617228941226236,0.5815444819172948,-0.5267503687986836,0.4683632520123641
24331,820.226873,465832.63596,5248082.350146,485.180712,0.40183720876824314,0.5853727882151222,-0.5190003500088001,0.47592456666718114
24361,821.223853,465832.63049,5248082.815137,484.976255,0.40897159263785227,0.5786437151848265,-0.5318486780590806,0.4637355614347129
24391,822.216484,465832.534805,5248083.308681,484.767337,0.4055269141195639,0.5816391001413634,-0.528255695866974,0.4671079092624185
24421,823.208267,465832.406869,5248083.811339,484.718935,0.3995330439746536,0.5863177012392059,-0.5282831448587197,0.46639234432407023
24451,824.215326,465832.259735,5248084.268435,484.877073,0.39983422293709453,0.5858487108196644,-0.529992589253186,0.4647813868217302
24481,825.21025,465832.255221,5248084.695017,485.035733,0.39497207888144936,0.5897882634431147,-0.5283748763118575,0.4657970065288637
24511,826.21017,465832.412564,5248085.000604,485.222755,0.38636457145604824,0.5948396474689022,-0.5453347619825539,0.4466522238790351
24541,827.219226,465832.409077,5248085.402393,485.188696,0.37157478512792474,0.6026144375860376,-0.5704395340401638,0.4163973543072065
24571,828.222226,465832.354266,5248085.79614,485.132561,0.36924232852120925,0.6045444048076202,-0.5684940639172726,0.41833080777640524
24601,829.218155,465832.241155,5248086.29773,485.029024,0.37660068652192286,0.5973419037412234,-0.5789364647665421,0.4076605729153182
24631,830.220016,465832.101394,5248086.750772,484.867702,0.37470985922875866,0.5984671709751945,-0.5796590813121334,0.4067246195081934
24661,831.221027,465831.869324,5248087.1317,484.785304,0.37114974128445893,0.6016815670401809,-0.576044672749726,0.4103653206902512
24691,832.221847,465831.609302,5248087.381311,484.840619,0.3762519821956074,0.5970173423151183,-0.5810492059790696,0.4054461235478294
24721,833.218869,465831.246395,5248087.604555,484.882491,0.373482796763995,0.5982354521415436,-0.5840371102034466,0.40190247352753955
24751,834.221744,465830.745025,5248087.818704,484.759594,0.3845745529334152,0.5895740212965432,-0.5881689194436736,0.39819870523238593
24781,835.215717,465830.275994,5248087.941569,484.629588,0.35692291214426863,0.6130858548879438,-0.5687064327701982,0.41629888619664845
24811,836.225849,465829.797672,5248087.852772,484.711464,0.3573145404084545,0.6116161727058705,-0.5739681912367995,0.41086797386225493
24841,837.223155,465829.114529,5248087.923223,484.646774,0.36099084240323037,0.6092814493425409,-0.5737573012870478,0.41141741140581634
24871,838.219753,465828.592054,5248088.129921,484.381422,0.35867246348878895,0.6103210255964303,-0.5779736249450581,0.4059664992553874
24901,839.218586,465828.167853,5248088.422864,484.127239,0.3585029799823898,0.6099817023338677,-0.5804485625573774,0.4030848575507363
24931,840.221278,465827.862796,5248088.827257,484.034218,0.3606176653830539,0.6087562311862643,-0.5795205982766947,0.40438425609634343
24961,841.221242,465827.611478,5248089.235654,484.050746,0.362408672776845,0.6067993515501174,-0.5832533896909383,0.40033733808940825
24991,842.223232,465827.383817,5248089.457411,484.320129,0.3617278512051215,0.6076265674423563,-0.5811507281071763,0.4027489881070392
25021,843.221235,465827.179185,5248089.503303,484.705866,0.3586263057085097,0.6096836067954535,-0.582693233790588,0.4001770455103845
25051,844.219249,465826.922424,5248089.546952,484.981387,0.3594245218715444,0.6091109266913435,-0.5821915258729282,0.4010622386418051
25081,845.216996,465826.78505,5248089.572302,485.143869,0.3580442264862993,0.6115245470400209,-0.5746124479283605,0.4094662317372483
25111,846.219823,465826.766884,5248089.706317,485.189752,0.3559612237157147,0.6129084798600508,-0.5762660296678269,0.40688114428826994
25141,847.210748,465826.855563,5248089.756955,485.110832,0.3504768858662859,0.6172179455603846,-0.5741423530824684,0.40812806635738075
25171,848.214534,465826.748894,5248089.904047,484.816643,0.3509315872758023,0.6170339946948594,-0.5746710239664737,0.40727053006118036
25201,849.215524,465826.650405,5248090.063793,484.469886,0.3546106464945613,0.6140789057942957,-0.5771060001286629,0.4051012854419069
25231,850.220457,465826.515651,5248090.386997,484.197231,0.3545820915101346,0.6145831786336654,-0.5746748352151283,0.40780864469908373
25261,851.212257,465826.43907,5248090.758403,484.135728,0.34791403435752494,0.6186882538395854,-0.5789239797843514,0.4012825624029077
25291,852.216925,465826.257075,5248091.188858,484.183107,0.3497818844271068,0.6168645208903049,-0.5820232099256729,0.397969570823214
25321,853.217633,465826.038079,5248091.634379,484.155174,0.3509594043737497,0.6164159998548462,-0.579412190632302,0.4014228754708058
25351,854.22053,465825.824121,5248092.078702,484.138297,0.3532997828270447,0.614043372230112,-0.5840034894007623,0.396320482491593
25381,855.217246,465825.587972,5248092.573954,484.065331,0.3547149266625593,0.6118746860053162,-0.5902648275141756,0.38906827527868576
25411,856.218009,465825.308673,5248093.069506,484.008034,0.356562595683099,0.611614900048411,-0.5851632810608732,0.3954418590596813
25441,857.213226,465825.038919,5248093.718246,484.022627,0.35454228515207215,0.6127810587719063,-0.5866626283599669,0.39322525673626774
25471,858.219878,465824.827982,5248094.367617,484.085413,0.3499666238767074,0.6156330201505901,-0.5891237695391041,0.3891690260499143
25501,859.217904,465824.60463,5248094.915507,484.102983,0.3503632374546374,0.6158228317905264,-0.5874994008131592,0.39096329204924274
25531,860.221548,465824.319673,5248095.4411,483.975673,0.34705469481218,0.6187039587005859,-0.584917971884336,0.3932294704924381
25561,861.216599,465824.057415,5248095.834677,483.869283,0.3452520125171551,0.6200203169224043,-0.585099002704956,0.39247294364065566
25591,862.21752,465823.679574,5248096.282896,483.789613,0.3484343530348042,0.6170789101578574,-0.5884456253435961,0.3892799330527996
25621,863.212247,465823.312379,5248096.789956,483.72483,0.344978029021553,0.6195443915989525,-0.5886814729970068,0.3880837920871763
25651,864.213248,465822.876674,5248097.337619,483.633165,0.3506598996475394,0.6150448796827837,-0.5908792831100649,0.3868062868497659
25681,865.212156,465822.43128,5248097.831685,483.504801,0.34695412209110893,0.6169541194691154,-0.5948630851249463,0.3809571650326416
25711,866.21624,465821.931012,5248098.265069,483.368348,0.3449693342868424,0.6182944832467978,-0.5950112469550594,0.38035471126995835
25741,867.216285,465821.566579,5248098.637298,483.413381,0.3436070738739351,0.6195011129695396,-0.5924292886844842,0.3836405710063654
25771,868.218233,465821.359613,5248098.807607,483.757804,0.3414048567091624,0.6205697284970827,-0.5947340128432724,0.3802990794832294
25801,869.213059,465820.98849,5248098.884584,484.049593,0.34484770082690996,0.6183255924939239,-0.593052727112111,0.3834605426459417
25831,870.217227,465820.651251,5248098.721491,484.210598,0.34110518832063,0.6213836426511073,-0.5911287473012661,0.38483298099360513
25861,871.216955,465820.288442,5248098.510592,484.250231,0.33953488858602415,0.6217045755000352,-0.5946147875368791,0.3803061065479611
25891,872.218993,465819.871985,5248098.345385,484.307456,0.333897700960712,0.6244810905661465,-0.5995669185972183,0.37290106320886746
25921,873.211735,465819.432642,5248098.215306,484.35959,0.3360031961146102,0.6234679618483079,-0.5979357145693527,0.37531644513919316
25951,874.212152,465819.094482,5248098.13447,484.406519,0.3377231918301548,0.6243478747544569,-0.5881148156087941,0.3876257739767567
25981,875.213926,465818.879162,5248098.201632,484.536154,0.3387613717778188,0.6222125739348046,-0.5942471923168806,0.3807394387926475
26011,876.218589,465818.712266,5248098.292202,484.640707,0.3387040602370333,0.6212269741315651,-0.5992424480360071,0.3745198187841351
26041,877.212499,465818.608465,5248098.360906,484.700718,0.3427830800991037,0.6187462794275344,-0.5978898372056358,0.3770683548888363
26071,878.21177,465818.576593,5248098.422831,484.764865,0.33831395368007877,0.6216418178879516,-0.5994952963892747,0.37377868934096836
26101,879.210594,465818.536654,5248098.489339,484.799391,0.34025505630741815,0.619801089932017,-0.6022460681114389,0.37063833992266876
26131,880.212501,465818.473115,5248098.621246,484.675863,0.34200483512837915,0.6186197237484392,-0.6026786377442224,0.37029824431798686
26161,881.210478,465818.460074,5248098.80867,484.529594,0.3415034873160936,0.6181964033011003,-0.6061943750603147,0.3657006354134004
26191,882.212273,465818.411521,5248099.121669,484.323374,0.3391842670710113,0.6201616122920739,-0.6055442256032303,0.36560880521314065
26221,883.214265,465818.33211,5248099.468078,484.145491,0.3472579695934442,0.6145665794045283,-0.6050270530404138,0.3683233458825118
26251,884.222401,465818.161377,5248099.899911,484.044343,0.34027888327252315,0.618506831307277,-0.6102945568561108,0.3594442030369099
26281,885.215356,465817.944852,5248100.359703,484.003092,0.3424342611698808,0.6161715413668599,-0.6137099555503417,0.3555720726449474
26311,886.21036,465817.747989,5248100.823828,483.89751,0.3401799368668354,0.6180416900742918,-0.6128301751081343,0.3560073824519972
26341,887.212988,465817.548432,5248101.251496,483.801235,0.3401342795363076,0.6178940762908371,-0.6133480899937056,0.35541483209073255
26371,888.222803,465817.260257,5248101.741548,483.726917,0.34006738762269995,0.6177228184241393,-0.6146508468844072,0.353520901642168
26401,889.221468,465816.91763,5248102.267801,483.626877,0.33126220760608793,0.6225691865399038,-0.6195905189366706,0.3446455376568379
26431,890.222405,465816.588197,5248102.790927,483.568822,0.34298540732522004,0.6143075221561952,-0.6199304159840829,0.3473809982167572
26461,891.219958,465816.245945,5248103.324646,483.566551,0.33846161981985823,0.6168129246364232,-0.6220843020187513,0.3435064323884238
26491,892.219751,465815.847626,5248103.85928,483.542431,0.33602386185932115,0.6170441855839898,-0.6273187850140325,0.3358803049698753
26521,893.217565,465815.492662,5248104.361798,483.428208,0.33233329295854064,0.6205539372569924,-0.624203452952439,0.3388767366881797
26551,894.217417,465815.123972,5248104.872576,483.387727,0.33374960909285345,0.6183014940939597,-0.6289121318909711,0.33284229177179114
26581,895.212326,465814.632888,5248105.427959,483.389123,0.3370262718593456,0.6169769338219661,-0.6254053681157625,0.33855705684599663
26611,896.220269,465814.09959,5248105.984796,483.423337,0.3347532097515762,0.618804554988985,-0.6243624919469152,0.33940048605701745
26641,897.223331,465813.546335,5248106.55394,483.430715,0.3365201623674734,0.6171377548940571,-0.6254863202811299,0.3386178302240799
26671,898.228244,465813.02512,5248107.070264,483.377179,0.34023569673364507,0.6133480124801652,-0.6300035094895433,0.3333758603823335
26701,899.223056,465812.539564,5248107.492165,483.272977,0.33514629581860217,0.6163554423520662,-0.6319818677202916,0.3292139850535375
26731,900.228239,465812.063253,5248107.886133,483.131586,0.33321869907484536,0.6176233703697211,-0.632084459744385,0.3285968756845732
26761,901.221935,465811.613105,5248108.404129,483.019435,0.329343891049458,0.6207287330989728,-0.6300862068768757,0.3304842102692017
26791,902.223843,465811.201645,5248108.968786,482.914444,0.3239702493204546,0.6232270199506523,-0.634451224220847,0.32264997015859204
26821,903.223497,465810.787158,5248109.545619,482.826327,0.323958616735101,0.6246274119692097,-0.6296410959279046,0.32930760874664666
26851,904.224363,465810.417589,5248110.225882,482.823324,0.3291867162042178,0.6214350563481177,-0.6285083672415284,0.3323128178744894
26881,905.222393,465810.107828,5248110.972356,482.941499,0.33440757502103813,0.6190530479445946,-0.6246571785486372,0.33874519463265007
26911,906.228255,465809.78896,5248111.726803,483.098682,0.32207479404847655,0.6261374510443674,-0.6290407437164328,0.3294350651994579
26941,907.222934,465809.417441,5248112.286559,483.207984,0.3238810951450538,0.6258566643714152,-0.6248668526935477,0.33607423030394096
26971,908.229896,465809.051718,5248112.8093,483.272847,0.31201203056908916,0.6311578556350609,-0.6347130834591246,0.3184769312463869
27001,909.229564,465808.616859,5248113.324237,483.387485,0.3215782825267285,0.6229264404606488,-0.640676856910141,0.3131824117059069
27031,910.229536,465808.055663,5248113.942402,483.531708,0.3159475558530261,0.6297950688147201,-0.6295483890826022,0.32742043163287954
27061,911.224622,465807.619727,5248114.602396,483.598568,0.3206607558203621,0.6279730574675054,-0.6244033890554876,0.3360757749491156
27091,912.230604,465807.266048,5248115.247492,483.65875,0.3236234408333912,0.6264582505448286,-0.6221547150694872,0.34020793551043776
27121,913.220482,465806.937543,5248115.882554,483.686755,0.3219175080959169,0.6271878792877434,-0.6236232075051166,0.33778480889005125
27151,914.22544,465806.722546,5248116.474454,483.61475,0.31177218182234134,0.6321480339416794,-0.6302517524269378,0.32552987326538924
27181,915.222244,465806.366298,5248116.986248,483.476079,0.3189335804027065,0.6280531734391354,-0.6285985410378075,0.32968842386362546
27211,916.231991,465805.917083,5248117.450507,483.375396,0.30706909247335956,0.6330239151723711,-0.6373006267559148,0.3143838520088907
27241,917.225893,465805.321919,5248117.794557,483.130308,0.3119436162828895,0.6298286617614551,-0.6359435199170124,0.3187206873732678
27271,918.226202,465804.754467,5248118.157404,482.954185,0.3229831702604922,0.6215020739781707,-0.6394605301279096,0.31702882231407165
27301,919.220986,465804.178671,5248118.593494,482.984649,0.32048111405282187,0.6227593621128645,-0.6409172840924141,0.314145933266442
27331,920.219146,465803.402673,5248119.029155,483.098648,0.3254957682828344,0.619017558350567,-0.6409044885360483,0.316403545899878
27361,921.217002,465802.6808,5248119.458293,483.141178,0.3332190578638921,0.6163014227957854,-0.633732445005813,0.3279036503046968
27391,922.218202,465802.025032,5248120.056831,483.224806,0.3218516769016125,0.6226021865749425,-0.639271442093033,0.3164017045972012
27421,923.214688,465801.290666,5248120.755677,483.271184,0.3221650420281971,0.6223135572553957,-0.6392164239556855,0.3167615593729939
27451,924.220467,465800.535913,5248121.409609,483.343317,0.32040641657245156,0.6227528589133906,-0.6410239931239498,0.3140172689102078
27481,925.214369,465799.758083,5248122.016297,483.333514,0.31524697015393505,0.625666811974561,-0.6429847888444244,0.30940418471159087
27511,926.220571,465799.064681,5248122.497956,483.255406,0.3177407466252081,0.6248384124639348,-0.6402268254981308,0.31420914715550685
27541,927.218265,465798.402951,5248122.912884,483.130089,0.31318081283540805,0.626934699825202,-0.6429210139076433,0.3090683265926886
27571,928.22038,465797.779306,5248123.348024,483.027178,0.311864052210542,0.6276135687784873,-0.6437449930384613,0.30730181444609583
27601,929.218963,465797.154122,5248123.819377,482.942272,0.3190876341583042,0.6245990646742174,-0.6380065823700667,0.3178154983442696
27631,930.219741,465796.596105,5248124.440997,482.845495,0.3118237980324641,0.6284791659619692,-0.6416500798713523,0.309943594761118
27661,931.216737,465796.099356,5248125.170532,482.797662,0.305372791316659,0.6315456830367704,-0.6455793382229297,0.30186888978617155
27691,932.219775,465795.521362,5248125.863838,482.83893,0.31540252909966776,0.6262313404704775,-0.641486259782803,0.31120882275403505
27721,933.219574,465795.01971,5248126.509267,482.875926,0.30166749720624986,0.6332277025996763,-0.647408311873039,0.2981306349695635
27751,934.219647,465794.533579,5248127.080401,482.929663,0.3049905766647356,0.631539095574118,-0.6459948409899328,0.30137980078553434
27781,935.220379,465794.028124,5248127.733127,482.945855,0.30625043224380316,0.6308014149626927,-0.6459305100540174,0.30178473091411645
27811,936.220247,465793.534075,5248128.368438,482.896976,0.3110108604829475,0.6283834877211918,-0.6438201827841366,0.306434347390772
27841,937.214206,465793.136021,5248128.978508,482.864849,0.31288001049564085,0.627706637981779,-0.6420339057682912,0.3096497045207253
27871,938.215723,465792.737102,5248129.605697,482.771856,0.29685843918313104,0.6356472920522547,-0.6498412560009139,0.29246184228296407
27901,939.214818,465792.23315,5248130.203101,482.617131,0.2951255101806928,0.6361064588933273,-0.6518050444427157,0.28882467040370163
27931,940.216864,465791.599189,5248130.714488,482.431534,-0.29055039130783933,-0.6377604381026992,0.655048248464554,-0.2824073049434703
27961,941.220827,465790.808582,5248131.244359,482.28655,0.30076696079946924,0.6339512673210167,-0.6481041399113164,0.2959831917243619
27991,942.223732,465790.113405,5248131.923867,482.30564,0.3031168129511702,0.6330666621608162,-0.6462627278232612,0.2994850340055843
28021,943.216369,465789.449508,5248132.773429,482.365106,0.30265717592526403,0.6332219895253087,-0.6464678429206162,0.29917866553636324
28051,944.215931,465788.872475,5248133.608492,482.396224,0.2977034559816698,0.6356176557678399,-0.649162532075037,0.2931737623367623
28081,945.219822,465788.374933,5248134.396388,482.358103,0.3044229930112254,0.6326131264252499,-0.64522892473967,0.3013418462143076
28111,946.223422,465787.993061,5248135.251175,482.272008,0.30182160800742414,0.6343595341707475,-0.6447726831820513,0.3012638135732589
28141,947.221313,465787.721854,5248136.10153,482.129719,0.29404348529074203,0.6386051343968915,-0.6468890865002587,0.29539197830486547
28171,948.220995,465787.616984,5248136.906396,482.046832,0.2957762125895069,0.6384896394045673,-0.6441529875535068,0.2998572011226746
28201,949.215872,465787.470911,5248137.632602,481.929978,0.2937871044887742,0.638944018499876,-0.6466148189261218,0.2955147278977319
28231,950.219781,465787.236504,5248138.324214,481.763184,0.28910143192089266,0.6405085745833023,-0.6499356675261612,0.28940068421460013
28261,951.221699,465786.845893,5248138.951012,481.548202,0.281625532073162,0.6439413747397477,-0.6528682337278903,0.2824705913397305
28291,952.221566,465786.415193,5248139.434083,481.45101,0.2905730731701031,0.6397321182139545,-0.6493405382435801,0.29097589499391
28321,953.214636,465785.946713,5248140.032405,481.439548,0.28586489128489256,0.6424388808422266,-0.6496792905845523,0.288912387582147
28351,954.218962,465785.513719,5248140.714827,481.519249,0.28257106929173675,0.6445290664812185,-0.6490188085414778,0.2889817631262815
28381,955.216848,465785.059643,5248141.481634,481.525625,0.2781772647046668,0.646835232415704,-0.6507155976056228,0.2842372293347748
28411,956.224058,465784.622252,5248142.152075,481.461277,0.2792170145418026,0.6466472788367694,-0.6491407778461015,0.2872305800236506
28441,957.222302,465784.094261,5248142.661305,481.380202,0.27814196354426596,0.6465464505430278,-0.65099315214262,0.28429324872280703
28471,958.228481,465783.541658,5248143.142133,481.351543,0.27663453949942163,0.6476284204770766,-0.6504624000071063,0.2845161273518698
28501,959.224542,465782.817612,5248143.693912,481.337648,0.275398581234949,0.6474035432943993,-0.6527963344459468,0.28085800561417096
28531,960.226539,465782.048341,5248144.137584,481.308523,0.27560587080223586,0.6463231542799899,-0.6555960480190047,0.2765892370334907
28561,961.220525,465781.393997,5248144.52165,481.187574,0.2743648248330871,0.6475182836752141,-0.6542952707415619,0.2781037825809649
28591,962.216765,465780.844765,5248144.936772,480.909422,0.2694125241431266,0.6496577677185535,-0.6561208424324063,0.2736185607804497
28621,963.222582,465780.395516,5248145.393007,480.627306,0.26869022852244634,0.6504033044066483,-0.6553046314595,0.27451219044187725
28651,964.225793,465779.953723,5248146.032992,480.423094,0.2701007450237908,0.6490601070780175,-0.6573615401943796,0.27137127779250825
28681,965.220873,465779.48729,5248146.807053,480.322541,0.27065392127062093,0.6489358104894359,-0.6567703727550714,0.27254622770535625
28711,966.222788,465778.861181,5248147.557571,480.327052,0.2590215374525329,0.6539889765368042,-0.6607301200070939,0.2619961263444188
28741,967.218672,465778.157227,5248148.264422,480.360953,0.2608905919637164,0.6520957309286212,-0.6631064765991489,0.25883789796270507
28771,968.225789,465777.443221,5248148.942924,480.413054,0.24810709011325574,0.6596217252207022,-0.6610804192970249,0.25751646680254636
28801,969.222766,465776.736957,5248149.596471,480.378065,0.2542055493414213,0.655401363144013,-0.6630017171542604,0.2574049628960131
28831,970.219158,465776.009185,5248150.164017,480.262803,0.2542288612357324,0.6562630663950036,-0.6606054337998929,0.2613176890963663
28861,971.224354,465775.279088,5248150.740857,480.073263,0.2495890940316651,0.6592440555708844,-0.6590609975769149,0.26218535582260655
28891,972.224423,465774.645235,5248151.353507,479.991914,0.2466992661315167,0.660166610779378,-0.6613750122188917,0.25671503912841054
28921,973.219382,465773.992119,5248152.03725,479.932169,0.24148736432486723,0.6627957360566069,-0.6607379513600108,0.25653659538004636
28951,974.223256,465773.247153,5248152.652216,479.885409,0.23020685996869023,0.6672838626604578,-0.6640750198927458,0.24645773716956923
28981,975.219058,465772.494493,5248153.146555,479.843882,0.23819010577128896,0.6641641476028713,-0.6605875429518586,0.256467457289302
29011,976.22401,465771.963032,5248153.65366,479.664618,0.23531549692933773,0.6645566822183577,-0.6634536630448876,0.25063972154498587
29041,977.223916,465771.430379,5248154.226483,479.376018,0.23720030591758817,0.6625212789751751,-0.6657473968499301,0.24815715457194185
29071,978.215555,465770.978153,5248154.903486,479.117233,0.2282388408648661,0.6676395396852982,-0.6651228580807965,0.2444914318087611
29101,979.214492,465770.505012,5248155.668636,478.949486,0.22323194545256467,0.6714362406796595,-0.6609337244890279,0.2500149696808007
29131,980.222375,465769.897875,5248156.426471,478.930182,0.22693751903998416,0.6684607081685808,-0.6645215562044221,0.24509334023263338
29161,981.222432,465769.216802,5248157.213803,479.104565,0.22753763084881315,0.6713932817507497,-0.6553907727821714,0.26061585277886645
29191,982.220277,465768.389722,5248157.982065,479.314304,0.22991424859751297,0.6688711915600402,-0.6587914899078159,0.25640698160918524
29221,983.226543,465767.552878,5248158.698682,479.399768,0.23396841763501341,0.666880504714929,-0.6579388019711024,0.26008787907428504
29251,984.227378,465766.780518,5248159.292346,479.409224,0.23731454121621776,0.6645338612878965,-0.6591834842080119,0.2599109268124773
29281,985.220333,465765.915122,5248159.863626,479.385425,0.2379711899015723,0.663409072113809,-0.6613748812421605,0.2565957565429379
29311,986.22352,465765.150891,5248160.523359,479.386693,0.2449342045137102,0.6605347730981647,-0.6585014967463506,0.2647202821285289
29341,987.22771,465764.476779,5248161.328106,479.432256,0.2366919007140035,0.6627006383923243,-0.664182812920823,0.25232122192035544
29371,988.226778,465763.774092,5248162.1172,479.580233,0.24127754057850564,0.6595512454145802,-0.6655375820391177,0.2526599097165762
29401,989.225534,465763.053136,5248162.876815,479.801074,0.24565629513329526,0.6575529340678851,-0.6648126105811856,0.25554122245212785
29431,990.228573,465762.242762,5248163.608982,479.966369,0.24546952565509858,0.6560793405819153,-0.6680096207806279,0.2511329476209403
29461,991.215408,465761.365951,5248164.215787,480.106668,0.24133655684505134,0.6568898263714134,-0.6709638379605205,0.24507131714910602
29491,992.222412,465760.469667,5248164.742117,480.186153,0.24913700728175442,0.653221913936862,-0.6692478131141129,0.25167289762175665
29521,993.222264,465759.688415,5248165.198132,480.259164,0.24366955973548182,0.6551425612473724,-0.6714528466705635,0.24609844533955574
29551,994.224352,465759.057943,5248165.571504,480.32119,0.2467587870210857,0.6541517263065781,-0.6692897104955673,0.25148937039717123
29581,995.224266,465758.548937,5248165.933097,480.389301,0.2392741486842397,0.6564897178263581,-0.6733833871634071,0.2415035114693735
29611,996.226285,465758.075589,5248166.327264,480.370589,0.2370708665587051,0.657618874824537,-0.6731097620779807,0.24136708122471642
29641,997.218818,465757.570262,5248166.662574,480.323839,0.24396162032108684,0.6550265012373917,-0.6704971224716522,0.248709909823162
29671,998.22291,465757.124637,5248166.872285,480.232995,0.23405833594535588,0.6575753360547096,-0.6762907031257336,0.2354617965885925
29701,999.218904,465756.602559,5248166.92696,480.176583,0.2421981971630606,0.6541521547059489,-0.6737143396572839,0.24399586128595965
29731,1000.221865,465756.060282,5248167.090476,480.192148,0.2512251066270145,0.6516381830385658,-0.6682149784538,0.25640274330909424
29761,1001.225861,465755.653378,5248167.264557,480.224554,0.24602419507846054,0.6540947359479964,-0.6696656769237868,0.2513564261985817
29791,1002.226014,465755.346919,5248167.484818,480.257571,0.24436517225551074,0.6548660072710851,-0.6704309343874029,0.24891471898181391
29821,1003.220818,465755.171446,5248167.69473,480.184207,0.24999332009501468,0.6540419158448176,-0.6653050640430807,0.259039927394493
29851,1004.221843,465755.070753,5248167.749241,480.062125,0.22841721448083427,0.6606618797286713,-0.676194606780561,0.23262052910927178
29881,1005.219601,465754.748939,5248167.57237,479.823482,0.19111543761015637,0.6714502806772493,-0.6907922822585991,0.1882430154281364
29911,1006.225714,465754.207097,5248167.47284,479.64341,-0.19031394240109661,-0.6691149513884374,0.6956310949222937,-0.1793409181793488
29941,1007.222706,465753.518238,5248167.436402,479.462232,-0.188923991499598,-0.6695762196264301,0.6961270274902177,-0.17715127192394658
29971,1008.22571,465752.785708,5248167.586528,479.289661,-0.19206941648139608,-0.6684914470336805,0.6947383087474102,-0.1832135553230175
30001,1009.221594,465752.270523,5248167.814688,479.31829,-0.1879257172893015,-0.6700969996912861,0.6951365093350684,-0.18010877040137202
30031,1010.222543,465751.810495,5248168.238463,479.491039,-0.1656248184821025,-0.677599664486757,0.6996663295009646,-0.15457729960396
30061,1011.222481,465751.143351,5248168.838316,479.704933,-0.13374573710628423,-0.6843700513953606,0.7065341254440368,-0.120661676360136
30091,1012.222284,465750.630769,5248169.335277,479.784658,-0.13272529454260476,-0.6844215761000376,0.7065321487284525,-0.12150483599624796
30121,1013.222054,465750.222091,5248169.591571,479.70327,-0.1265348530511419,-0.685575229462526,0.7074225723163133,-0.11631354129292532
30151,1014.224236,465749.863694,5248169.856247,479.577615,-0.1283147051201663,-0.6852792699514244,0.7068609875761004,-0.11947888042540235
30181,1015.222493,465749.611815,5248170.206025,479.649141,-0.12096431915265642,-0.6868327026385622,0.7077895018108536,-0.11252774415443674
30211,1016.225392,465749.246555,5248170.636946,479.762267,-0.12231963651296536,-0.6868003341205674,0.7070715513874452,-0.11572825408587335
30241,1017.219257,465748.978455,5248171.019319,479.972183,-0.11842491660396431,-0.6870499438551422,0.7082592012551698,-0.11093609698100365
30271,1018.221334,465748.62996,5248171.258359,480.128031,-0.1290570225093664,-0.6841048595358435,0.7072956420564483,-0.12279128970907174
30301,1019.221037,465748.363816,5248171.308681,480.065012,-0.11902788892577117,-0.6865630955952717,0.7082503291905197,-0.11333555764204274
30331,1020.216012,465748.056424,5248171.295416,479.930045,-0.1214169642272865,-0.6863981916621511,0.7075060907822046,-0.11640693616293396
30361,1021.221241,465747.67395,5248171.315599,479.838996,-0.11943542761132543,-0.6868224695356092,0.7076176803510724,-0.11527051846363226
30391,1022.227295,465747.121185,5248171.31378,479.730276,-0.11409547011157817,-0.6885594142050911,0.7076170421680983,-0.1102101558062219
30421,1023.217034,465746.487986,5248171.544108,479.830736,-0.07478264618640394,-0.6945260519257715,0.7132201650527609,-0.05794924665491545
30451,1024.222398,465745.726491,5248171.952012,479.941643,-0.04365949925018654,-0.6991502666245158,0.7131845062645815,-0.025507113287011995
30481,1025.22743,465745.04202,5248172.267943,480.01721,-0.045639764921223756,-0.6981182976229203,0.7138455139772991,-0.031183915028368935
30511,1026.225259,465744.592556,5248172.351795,480.069483,-0.04479585803761608,-0.6978866790193831,0.7140777357198377,-0.032256808571215545
30541,1027.227007,465744.128173,5248172.209364,479.767474,-0.04537614222134172,-0.6967008060964801,0.7151804790454457,-0.03264773949219901
30571,1028.229033,465743.868068,5248172.111096,479.545417,-0.037155249715569674,-0.6976616188555944,0.7149316619302154,-0.027576652517395536
30601,1029.233633,465743.759577,5248171.966718,479.423975,-0.040130954012406204,-0.6970000356586652,0.7152467995140097,-0.03166184781151614
30631,1030.233352,465743.533403,5248171.692443,479.323058,-0.03593263493910551,-0.6970831082408243,0.7155649170701022,-0.027401376062195153
30661,1031.231458,465743.165068,5248171.40197,479.296973,-0.024709879421345986,-0.6981582483007055,0.7153518853818114,-0.015367572006037236
30691,1032.234262,465742.804061,5248171.2157,479.369068,-0.032446789282752755,-0.6978490268630407,0.7150426973946415,-0.02584342226065813
30721,1033.227259,465742.370459,5248171.02922,479.386796,-0.03651885783760546,-0.697076297594756,0.7154154443382856,-0.03052458609182621
30751,1034.228183,465741.93294,5248170.737213,479.382253,-0.03334006257086619,-0.6972625536008245,0.7154741896777215,-0.02846147358862553
30781,1035.226208,465741.552948,5248170.405361,479.307511,-0.03319280289680872,-0.6959716633989421,0.7167092590523213,-0.02914651900717863
30811,1036.226911,465741.486784,5248170.025232,479.319525,0.03946813375636365,0.6954609183605166,-0.7163192224046392,0.040781724639226906
30841,1037.227007,465741.572188,5248169.833783,479.270867,0.030069639224201992,0.69777414075364,-0.7149911506034565,0.03153917962140483
30871,1038.229718,465741.598602,5248169.860584,479.275926,0.023237119100647394,0.6980911537381235,-0.7152243466604539,0.02414355633713864
30901,1039.227435,465741.583786,5248169.926533,479.279514,0.02176923022976989,0.6972775416729925,-0.7161400488124645,0.021761456305871296
30931,1040.22725,465741.71109,5248169.990696,479.260704,0.019429054212482123,0.6979657516248611,-0.7155296453632587,0.021991998942352684
30961,1041.226021,465741.837031,5248169.981848,479.235678,-0.0033735378491860832,-0.6986283973160203,0.7154704878846105,-0.0029937722335236132
30991,1042.231869,465741.902778,5248170.029414,479.222781,0.016045094750676853,0.6992380481659334,-0.71442156361198,0.0202616973067698
31021,1043.228644,465741.963056,5248169.995799,479.192123,0.018497321958535793,0.6989384066618634,-0.7145040533704093,0.025038180656614447
31051,1044.229501,465742.009572,5248169.882546,479.180689,0.023935782173363555,0.7005726088703249,-0.7123407660944123,0.03457934343509295
31081,1045.429019,465741.867183,5248169.809246,479.205543,0.00499060942752102,0.7010734767480858,-0.7129881030642231,0.010910495257950197
31111,1046.428237,465741.724489,5248169.913625,479.090901,0.0005669951493636827,0.7022862704899753,-0.7118477545568483,0.008151510912398232
31141,1047.42734,465741.5757,5248170.190935,479.032085,-0.0094533618533808,0.7017939135817807,-0.7122913685334202,-0.006078085391360295
31171,1048.42624,465741.137183,5248170.550334,478.974133,-0.0002957404696015955,0.7023325064923349,-0.7118172391044796,0.0067216795107268
31201,1049.427919,465740.619642,5248170.93104,479.0165,0.03771542709097717,-0.7019608533702137,0.7102201640851664,0.03762745569322579
31231,1050.428033,465739.871036,5248171.264653,479.017973,-0.028674389949977393,0.700777017231274,-0.7122599354306919,-0.02784126185541771
31261,1051.430867,465739.120064,5248171.475719,478.974895,-0.030225765864753833,0.7019319563155947,-0.7110740524465917,-0.027415756747407583
31291,1052.427543,465738.39036,5248171.611343,478.916042,-0.03715367880383972,0.7013525388294231,-0.7109436428899647,-0.03582397330294502
31321,1053.427706,465737.661095,5248171.64673,478.916959,0.03912395207288186,-0.6994805587987964,0.7124949818118267,0.03933402000414866
31351,1054.431867,465736.924254,5248171.625852,478.911169,-0.04275837137937759,0.6994497557938049,-0.7121843776722714,-0.041655407770532754
31381,1055.433641,465736.228472,5248171.539407,478.873308,0.048930614191756205,-0.6978947984940485,0.7128661672938583,0.04868750104014061
31411,1056.436567,465735.580699,5248171.381057,478.884937,-0.04524689556730554,0.696823567506758,-0.7144697346762414,-0.04384783278951339
31441,1057.435247,465734.849298,5248171.149357,478.871369,-0.05181007910731883,0.6966804180875866,-0.7137856865096902,-0.04961959784288189
31471,1058.431238,465734.09801,5248170.849465,478.907768,-0.05694793811865842,0.6982284360411807,-0.7116761534031666,-0.052450320540415825
31501,1059.436296,465733.468372,5248170.58357,478.974216,-0.05684817790527415,0.6967677027148623,-0.7132455444737322,-0.05063443897855191
31531,1060.43604,465733.211484,5248170.379995,478.929747,-0.054337769733559756,0.6968303010608072,-0.7138162594605547,-0.04406002761721382
31561,1061.437395,465733.258273,5248170.331322,478.764584,-0.03638768764389024,0.6984437833512208,-0.7144381530202704,-0.02074471486784986
31591,1062.436438,465733.320507,5248170.432067,478.576073,-0.04373461530015379,0.699785020159237,-0.7124216447340087,-0.02904494964315492
31621,1063.436289,465733.476256,5248170.550614,478.351315,-0.059949472805290525,0.698369694026349,-0.7117320275627104,-0.04607984502344753
31651,1064.42902,465733.567334,5248170.438058,478.028994,-0.06458808025127066,0.6978710798278254,-0.7114412594357729,-0.05153319514489221
31681,1065.432972,465733.480503,5248170.16159,477.772844,-0.05518935317652397,0.6986057370712618,-0.7121394348693232,-0.04197123694956986
31711,1066.431667,465733.301603,5248170.023581,477.485854,-0.07728585496192708,0.6980307235219038,-0.7086065993720657,-0.06823996606570376
31741,1067.434492,465732.973668,5248170.001707,477.31596,-0.08294382958977563,0.6986813356695405,-0.7068779865056319,-0.07272017954978391
31771,1068.430569,465732.511256,5248170.114778,477.290124,-0.06699424692507717,0.7003384642681031,-0.7085853651804069,-0.054264045165154845
31801,1069.429658,465732.022099,5248170.310548,477.299096,-0.07315140724851218,0.6997665422341934,-0.7078801396187302,-0.0623006093110646
31831,1070.431658,465731.616364,5248170.494254,477.195757,-0.07604274520192175,0.6990616261902028,-0.7080866268318523,-0.06437136469233501
31861,1071.430764,465731.184219,5248170.557464,477.006223,-0.08220385145879544,0.6973491587649157,-0.7084682361837974,-0.0708479773446205
31891,1072.433579,465730.712953,5248170.65839,476.680688,-0.09289812758219149,0.6979867837322692,-0.7051271435767325,-0.08354698688835802
31921,1073.43489,465730.151184,5248170.86878,476.386328,-0.09530270295556516,0.69841544547419,-0.7038812897382097,-0.08766065416665816
31951,1074.425811,465729.340803,5248171.025486,476.059715,-0.08989329927233063,0.6976210825469237,-0.7061487162028303,-0.08122813882570518
31981,1075.421697,465728.851388,5248171.146925,475.85799,-0.10308185939096183,0.6954292410562583,-0.7050386720213797,-0.0931277182301172
32011,1076.424358,465728.481002,5248171.132785,475.629577,-0.09466278333975342,0.6969036748319791,-0.7062128831537752,-0.08141000628722639
32041,1077.430427,465728.296848,5248171.198189,475.319728,-0.10197685032127102,0.6955249154622151,-0.7055249385700458,-0.08989090624509663
32071,1078.423262,465727.888309,5248171.212967,475.059812,-0.09847925269924977,0.6954772756500569,-0.7063690212529995,-0.08749858088135853
32101,1079.424249,465727.474398,5248171.145215,474.965317,-0.10232308547298101,0.6947159129437446,-0.7059811390810032,-0.09214346283875699
32131,1080.418894,465726.920451,5248171.027373,474.966971,-0.0994977004367273,0.6948050479151461,-0.7067444742736841,-0.08864762310997788
32161,1081.421019,465726.236372,5248170.977977,474.965265,-0.08776953971808042,0.6979927667456493,-0.7068710016799958,-0.0737291831797237
32191,1082.420954,465725.467764,5248170.866941,474.962641,-0.07993888493794359,0.6995590776289593,-0.7073672000256396,-0.062116953480388204
32221,1083.427847,465724.763413,5248170.690148,474.997142,-0.0675781546591813,0.6996042060843449,-0.7097306741519519,-0.04763945853773854
32251,1084.422775,465724.158873,5248170.623178,475.036242,-0.06252191909283142,0.7008994603524983,-0.7092526240884324,-0.042328138799139534
32281,1085.428734,465723.50063,5248170.678233,475.020259,-0.05437072407820576,0.7022864577868528,-0.7089262545590993,-0.03551226786919767
32311,1086.427544,465722.88537,5248170.959991,474.888841,-0.05851873861738227,0.7015168172684286,-0.7091035770682655,-0.04027194195956918
32341,1087.425625,465722.411744,5248171.450913,474.89195,-0.07302991308531656,0.699876791838157,-0.7079810579057151,-0.06001607857720234
32371,1088.423452,465721.809777,5248171.873772,474.865679,-0.08130044478683382,0.6977999432896851,-0.7082397995108289,-0.06972706225875228
32401,1089.428353,465721.215799,5248172.105012,474.773592,-0.06915579506766767,0.6985425141487906,-0.7101496611110955,-0.05425210372918121
32431,1090.429548,465720.809809,5248172.06962,474.98174,-0.07912664777316133,0.6962589614133516,-0.7103661996582765,-0.06589608976897127
32461,1091.430448,465720.488718,5248171.816977,475.41668,-0.08116588206594495,0.6960427958525587,-0.7101109109842606,-0.06840336271934176
32491,1092.426235,465720.15307,5248171.594762,475.680276,-0.07442246284727608,0.6973762371470471,-0.7102893767633645,-0.06013885718470915
32521,1093.425294,465719.963083,5248171.572769,475.961979,-0.07592982903608005,0.6973480961928491,-0.7101054629954692,-0.06074969319058991
32551,1094.428226,465719.951175,5248171.594158,476.035097,-0.07690177711272433,0.6973099433593316,-0.7100191564606934,-0.06097341246769825
32581,1095.434022,465720.155057,5248171.550697,476.061014,-0.07140417372641904,0.6974769389584383,-0.7110979659768613,-0.05260272216515656
32611,1096.429812,465720.351542,5248171.435165,476.284355,-0.06148994948891557,0.698749920395279,-0.7114451850094534,-0.04258266767484767
32641,1097.430857,465720.242687,5248171.326506,476.536893,-0.07107250833295867,0.6986742335672145,-0.7096875926849472,-0.05609398093887999
32671,1098.434804,465720.047832,5248171.27349,476.687386,-0.06455051247184322,0.6988596046884386,-0.7106391969992182,-0.04919772314495897
32701,1099.434871,465719.763508,5248171.185789,476.622841,-0.06349740171234522,0.699040506963131,-0.7105940990541278,-0.04864643861540017
32731,1100.429487,465719.365522,5248171.072731,476.549319,-0.06126660139726694,0.6992236493333455,-0.7106525779047944,-0.04801671879103304
32761,1101.432237,465718.731782,5248171.051423,476.5573,-0.057140089331697085,0.7003486808323295,-0.7102170488237679,-0.04287748835506959
32791,1102.428865,465717.996378,5248171.164099,476.523863,-0.06579934864006907,0.6996609578469564,-0.7093645839880401,-0.05428514314890298
32821,1103.429962,465717.35493,5248171.202653,476.472169,-0.08029910203639064,0.698421308612791,-0.7077130368879897,-0.07001419360761463
32851,1104.426224,465716.966471,5248171.065899,476.387966,-0.08301539394308029,0.6972510577708616,-0.7084827470813487,-0.07072201845221587
32881,1105.426915,465716.777253,5248170.673912,476.250824,-0.08753623787558648,0.6963760479544056,-0.7085092017285194,-0.07356981690889461
32911,1106.425708,465716.676793,5248170.217806,476.182171,-0.1051749251512468,0.6950266722992655,-0.7053118260262118,-0.09171361937907609
32941,1107.432479,465716.600442,5248169.638937,476.086828,-0.10061496064000464,0.6946947833654802,-0.7068431287430177,-0.08745615478044119
32971,1108.428422,465716.423511,5248169.031662,476.037208,-0.09835139293485633,0.6909572632402733,-0.7101492009459315,-0.09269938661684912
33001,1109.429472,465716.058141,5248168.515112,475.979586,-0.08563143442994954,0.6923828083457404,-0.7121309429780686,-0.07837617111024117
33031,1110.430482,465715.626137,5248167.966799,475.901572,-0.09581073215151316,0.691140423271674,-0.7107356156209235,-0.08944329830897982
33061,1111.42935,465715.294718,5248167.478538,475.765449,-0.09053797574777646,0.6907234248584023,-0.7127781527111411,-0.0815556884408881
33091,1112.428319,465714.785672,5248167.015132,475.728461,-0.09580330710348095,0.6901883592885328,-0.7112329222717791,-0.09278731231900478
33121,1113.425146,465714.070753,5248166.659334,475.783668,-0.10385376162319881,0.691629312073557,-0.7079534096646597,-0.09831205735591417
33151,1114.426974,465713.443944,5248166.405087,475.729261,-0.10423320451585638,0.6924207689805623,-0.7074196605559933,-0.09615789941323484
33181,1115.427818,465712.979441,5248166.25924,475.621814,-0.10396613266970253,0.6922851222081536,-0.7079163805294355,-0.09373767121627831
33211,1116.425845,465712.474454,5248166.177878,475.497532,-0.10649709532316033,0.6930233626370337,-0.7062540192158528,-0.09788895682579249
33241,1117.427806,465711.893186,5248166.133792,475.413326,-0.09919597080512164,0.6937480505584239,-0.7076801281879096,-0.08979219281407329
33271,1118.423698,465711.323229,5248166.162539,475.401261,-0.10752435606167444,0.6926368253043335,-0.7062101167223487,-0.09979986034490851
33301,1119.426465,465710.749007,5248165.993692,475.266288,-0.10420315016440024,0.6921912071283207,-0.7078161264741394,-0.09491768735698711
33331,1120.426346,465710.337253,5248165.808709,475.152,-0.11195615359477787,0.6915706646485069,-0.7061963759127464,-0.10238414973807043
33361,1121.423248,465710.048635,5248165.775583,475.143546,-0.11434110145873036,0.691484576704083,-0.7053889346564496,-0.10583781725743695
33391,1122.424236,465709.662503,5248165.837263,475.042111,-0.11696391293355321,0.6912257211058181,-0.704528221002631,-0.11030154742287947
33421,1123.429181,465709.232419,5248165.889611,475.05078,-0.1099573938566657,0.6925843624390883,-0.7053942010639324,-0.10322448133300627
33451,1124.426236,465708.861915,5248166.152235,475.124182,-0.1102809098611318,0.6929934927216155,-0.7049899496202833,-0.10289465923986428
33481,1125.428241,465708.68529,5248166.603218,475.169402,-0.10443088400901247,0.6939414559619262,-0.7061065349299831,-0.0946203333946282
33511,1126.429953,465708.695386,5248167.075659,475.164262,-0.08710380387563421,0.6956810838004315,-0.7091009054731573,-0.07494439838840576
33541,1127.432817,465708.777761,5248167.402657,475.042888,-0.08893554107035773,0.6951196050997075,-0.7092392776897449,-0.07667366642256208
33571,1128.434629,465708.908282,5248167.51568,474.911325,-0.08766914641060067,0.694451423427786,-0.7100974779257926,-0.07624246264508483
33601,1129.423375,465709.039038,5248167.494516,474.814619,-0.030205515491063775,0.6981404268553587,-0.7152877125007249,-0.00714559791877893
33631,1130.427209,465709.185008,5248167.37433,474.680559,0.08074932996314423,0.6964561619155003,-0.7028946983695028,0.11986410323562027
33661,1131.425911,465709.138406,5248167.299162,474.76036,0.1768497677989968,0.6832918100425017,-0.6694299695399392,0.23173255671147935
33691,1132.423818,465709.092508,5248167.37336,474.801278,0.23913549853988897,0.6696713108176096,-0.6292039513956683,0.31377848293657834
33721,1133.430895,465709.114652,5248167.423012,474.745221,0.2401206890245932,0.6684665495817397,-0.6322642597961446,0.30941304526000724
33751,1134.427756,465709.082944,5248167.275352,474.752507,0.27010713730932867,0.6570739917169757,-0.6149786715274387,0.34219458989005924
33781,1135.431543,465709.092293,5248167.022024,474.739349,0.3267898583596559,0.6378026431366828,-0.5251778352543763,0.45891657001971986
33811,1136.428453,465709.166256,5248166.680711,474.627537,0.31676399651351367,0.6466952930450169,-0.4331487179187847,0.5420589973716141
33841,1137.42233,465709.12397,5248166.410223,474.468609,0.356889673585897,0.6201051273911629,-0.48294774766377657,0.5048374638410135
33871,1138.4263,465708.980623,5248166.282049,474.259472,0.3715878328528236,0.6095558676888475,-0.4897457234574766,0.5005129898383769
33901,1139.439437,465708.805884,5248166.568243,474.173047,0.374628351793601,0.607227869936672,-0.4953213968138927,0.4955649562498506
33931,1140.427251,465708.380325,5248167.017571,474.179616,0.3832221136527858,0.5997067409052425,-0.5183165494317581,0.4741735875240837
33961,1141.428913,465707.973245,5248167.35023,474.226335,0.38214487694710625,0.600326973606098,-0.5208020537756358,0.47152734657398626
33991,1142.433924,465707.562932,5248167.4804,474.26759,0.39506697857180617,0.5902564936145842,-0.521663976349003,0.47263733450469925
34021,1143.434999,465707.138207,5248167.687355,474.260208,0.40382475589136185,0.5834036876033003,-0.5244676968264009,0.47063716258468496
34051,1144.427231,465706.723502,5248168.049888,474.265182,0.41120296985533983,0.5762825320656719,-0.5404860280373399,0.45462667576215304
34081,1145.4283,465706.276123,5248168.417324,474.395844,0.4133516645173199,0.5733325371868411,-0.5517334311027889,0.44274193865863287
34111,1146.430378,465705.766652,5248168.669711,474.617896,0.41680382796372695,0.5700094730249003,-0.5565399637746941,0.43775225685120306
34141,1147.431427,465705.283206,5248168.858967,474.716171,0.42045032696916584,0.5682043516251059,-0.5474175523613372,0.44799482219389236
34171,1148.428327,465705.148744,5248169.236621,474.726121,0.4184597117822157,0.5690354789575761,-0.5572573999576586,0.4365252380963754
34201,1149.428342,465705.0922,5248169.618821,474.654889,0.4233669878853913,0.5650825283945584,-0.5561315621676278,0.43836037142179923
34231,1150.423363,465705.044996,5248170.010226,474.607326,0.42677939428263145,0.5618215048874283,-0.5601164045079886,0.4341492354741843
34261,1151.43155,465704.97041,5248170.473402,474.528551,0.42933267925267143,0.5595866055303386,-0.5616085693335182,0.43258767468331205
34291,1152.426379,465704.943949,5248170.966438,474.615514,0.429410458825598,0.5582233756497179,-0.5715339084710134,0.42112030608517426
34321,1153.425326,465704.843379,5248171.4144,474.820199,0.4281804333274749,0.559095363798287,-0.5728533294145847,0.4194197821674394
34351,1155.032221,465704.625396,5248171.856758,475.05233,-0.42597069106626434,-0.5600920712322544,0.5787050953657544,-0.41224538165151775
34381,1156.027976,465704.301287,5248172.323132,475.184471,-0.43289853933705763,-0.5544019597303006,0.5783728772661141,-0.41318535372149945
34411,1157.030889,465704.11313,5248172.697808,475.220781,-0.4329645400495685,-0.5545931070294042,0.5771272339569471,-0.41459902136925103
34441,1158.029156,465703.971391,5248173.140644,475.138041,-0.4268820790113487,-0.5593575753656448,0.5809397477143224,-0.40914521019515215
34471,1159.028862,465703.754227,5248173.629335,475.019387,-0.450600953167742,-0.5338822622786689,0.6066199314748446,-0.3793952685076447
34501,1160.027916,465703.465114,5248174.07487,474.934431,-0.4641127535008756,-0.5209955236968774,0.6088177103528961,-0.37749703559936565
34531,1161.03082,465703.216066,5248174.455861,475.008817,-0.44759518735635523,-0.5375153365829491,0.6018116826783458,-0.38543288622716965
34561,1162.025851,465702.896926,5248174.815147,475.123342,-0.4404414210101132,-0.5438833139280281,0.602343288639483,-0.38390735616842603
34591,1163.028167,465702.540154,5248175.132927,475.30442,-0.4345502782536454,-0.5492413866110702,0.5999250694005158,-0.3867684914881442
34621,1164.028958,465702.1287,5248175.471457,475.46725,-0.4350238687586953,-0.5497100885434869,0.59658626712982,-0.3907145736158766
34651,1165.029222,465701.882468,5248175.980989,475.594883,-0.4454805161652126,-0.5379438445816015,0.6093496335504127,-0.3753086115264599
34681,1166.02324,465701.640248,5248176.478414,475.652459,-0.4483149743760193,-0.5348537364954633,0.6115646748336915,-0.3727382631319624
34711,1167.02599,465701.363597,5248177.025711,475.631014,-0.45226530010884325,-0.531629609780318,0.6097164004245831,-0.3755954836996501
34741,1168.026227,465701.113588,5248177.557661,475.646559,-0.4462063738288543,-0.5370920244749893,0.6097384368284438,-0.3750347555278953
34771,1169.025894,465700.938228,5248178.052965,475.712018,-0.43621881617385905,-0.5465085350252201,0.6074806195645948,-0.37684063264711887
34801,1170.025957,465700.718775,5248178.533751,475.761577,-0.4356649689680311,-0.5472097150389799,0.6067206924449572,-0.37768712440345986
34831,1171.024883,465700.437497,5248179.030874,475.813183,-0.4357429400907817,-0.5472169340102159,0.6060547477784943,-0.37865467115651197
34861,1172.018899,465700.074719,5248179.559038,475.956749,-0.43739807942636644,-0.5455051689012459,0.6074142308244495,-0.3770344586481341
34891,1173.024014,465699.607092,5248180.087968,476.027259,-0.44324803448754596,-0.5409221591067298,0.6045214945589678,-0.3814291026212248
34921,1174.022056,465699.31355,5248180.696588,476.080871,-0.44212531296547747,-0.5406609260584613,0.6104127656181584,-0.37364050401311844
34951,1175.022934,465699.027585,5248181.161116,476.045862,-0.4347829867666456,-0.5449324815606043,0.61995729007221,-0.3600906878062775
34981,1176.021761,465698.700696,5248181.588436,475.975631,-0.4549938008052777,-0.525546494143348,0.6244751038576565,-0.3561072428136955
35011,1177.025772,465698.362715,5248182.04264,475.976471,-0.44470720651605944,-0.5350142010388875,0.6248757197855568,-0.3542959779363659
35041,1178.022914,465697.829474,5248182.620405,476.051745,-0.4637637862597381,-0.5154264188341426,0.6320093705123436,-0.34615446394122096
35071,1179.023981,465697.428961,5248183.201858,476.106681,-0.45012033955268854,-0.5288930229828767,0.6298516577613055,-0.34777972824237724
35101,1180.020154,465697.128996,5248183.694216,476.185708,-0.4481754575251981,-0.5315244862283501,0.626621008908076,-0.3520888964548482
35131,1181.022259,465696.684794,5248184.122608,476.200942,-0.4461317420966887,-0.531559214217167,0.6329214579307215,-0.3432516548619268
35161,1182.023297,465696.124117,5248184.541648,476.203141,-0.4455796183021865,-0.5332362546801436,0.6288896886052066,-0.3487343688459988
35191,1183.02642,465695.874267,5248185.105699,476.353235,-0.4456462592247716,-0.5334091025689169,0.6278409439042228,-0.35027116651680706
35221,1184.022386,465695.527445,5248185.576969,476.249792,-0.4443995727434096,-0.5338304142536914,0.6294116765512644,-0.348389221968955
35251,1185.023447,465695.180319,5248185.932845,476.218479,-0.4360041758452411,-0.5416616512453586,0.6284342768749634,-0.34867373555274506
35281,1186.025296,465694.73181,5248186.242955,476.255601,-0.4281030562239038,-0.5489145657774103,0.6277299052082501,-0.34839021059207653
35311,1187.025296,465694.225922,5248186.620409,476.300998,-0.4385338586806467,-0.538894120943889,0.6306218083135662,-0.3458284489195527
35341,1188.020246,465693.598106,5248187.035382,476.256509,-0.43133121079792053,-0.546610782630469,0.6257737336681494,-0.35153559301261394
35371,1189.025244,465693.01713,5248187.427909,476.344221,-0.4313138359109802,-0.5479908219931076,0.6203224174805322,-0.3589909919958754
35401,1190.02292,465692.456576,5248187.81397,476.608103,-0.43395690989670854,-0.5445218111942705,0.6236090743248597,-0.3553718051651016
35431,1191.028712,465691.744493,5248187.965743,476.738597,-0.4353782046625326,-0.5428925423390875,0.6247183804968559,-0.3541757352597967
35461,1192.02376,465691.184459,5248188.03924,476.796495,-0.43154133752023416,-0.5467375022115017,0.6229343505225726,-0.3560940502532951
35491,1193.023418,465690.763715,5248188.133365,476.782007,-0.4322412382793286,-0.5476321583635132,0.61790383468576,-0.3625760363530741
35521,1194.020412,465690.417711,5248188.492954,476.83449,-0.4278813058665301,-0.5519664836719853,0.6154774070691377,-0.36529187012605113
35551,1195.024284,465690.026161,5248188.885971,476.966992,-0.42294359466156894,-0.5555228008593466,0.6179188815220897,-0.3615098744413858
35581,1196.028245,465689.627601,5248189.329432,477.108536,-0.41720635603208184,-0.5608440635240795,0.6165447315865384,-0.3623056539016651
35611,1197.029243,465689.311426,5248189.947506,477.293459,-0.41201790434162844,-0.5655054601857964,0.6149625876169417,-0.36368370438261144
35641,1198.026214,465689.028506,5248190.644276,477.518308,-0.41419043649340537,-0.5627987198857967,0.6178210102010082,-0.36055662879292155
35671,1199.030167,465688.76663,5248191.231469,477.640893,-0.4144739041867245,-0.5623431821581344,0.6183817258435951,-0.35997995690201134
35701,1200.0303,465688.478665,5248191.812508,477.623758,-0.4128039846687136,-0.5644010123668506,0.6146607324116982,-0.36501582364607316
35731,1201.030365,465688.190473,5248192.395895,477.627102,-0.40847291105041983,-0.5668760983175936,0.6189152162910093,-0.35881098803920547
35761,1202.03034,465687.740512,5248192.843583,477.660753,-0.40527424708604753,-0.5695609343458793,0.617737510966584,-0.360213123387663
35791,1203.030256,465687.250255,5248193.257271,477.724521,-0.40606353368957065,-0.5691900391085233,0.6167430996312955,-0.3616117462754201
35821,1204.028319,465686.815618,5248193.706773,477.843734,-0.39871187251486595,-0.5748362747345017,0.6197132502265084,-0.35573527721993925
35851,1205.03101,465686.467028,5248194.228395,477.859384,-0.41059630210051,-0.5631564259164145,0.6257385616418086,-0.35030953330572795
35881,1206.028837,465686.173239,5248194.719477,477.766025,-0.41013863792413296,-0.5653093891553237,0.6187251355919081,-0.35970932543005696
35911,1207.032161,465685.880948,5248195.230728,477.812941,-0.3973676637220161,-0.5745869682006489,0.6228739583452558,-0.352103376606084
35941,1208.036919,465685.433836,5248195.889488,477.752564,-0.4038118672105119,-0.5678023317932618,0.6283714544615618,-0.34595636014959463
35971,1209.033841,465684.849436,5248196.476507,477.751182,-0.40434525500640783,-0.5662618613001806,0.631795654408982,-0.3415943065400594
36001,1210.030681,465684.250635,5248197.145887,477.712772,-0.40667933531733075,-0.5659374809523443,0.6253493661404862,-0.35109095138847013
36031,1211.035647,465683.68207,5248197.849767,477.809709,-0.4001072352728957,-0.5710003460697338,0.6267123087972243,-0.34800069981621645
36061,1212.039751,465683.168001,5248198.658002,477.921745,-0.39683436780335013,-0.5737660318510565,0.6264922130267442,-0.3475953570473295
36091,1213.039968,465682.635824,5248199.436782,478.147139,-0.3945720678795154,-0.5752072520267997,0.627567982600204,-0.34584379086542977
36121,1214.030882,465682.129924,5248200.207762,478.311454,-0.39816903269262943,-0.5725041472898148,0.6269701290696985,-0.34728789209372607
36151,1215.030862,465681.88579,5248200.985614,478.400418,-0.4009356857223771,-0.5707376869959665,0.6250177495001349,-0.3505165921416676
36181,1216.028778,465681.649461,5248201.666968,478.385832,-0.3930378835891701,-0.576524597960225,0.6279331082037474,-0.34473268140999874
36211,1217.028648,465681.269244,5248202.321906,478.370505,-0.39228747558469895,-0.5766818522673793,0.628984324585239,-0.343405441411314
36241,1218.035496,465680.929763,5248203.007699,478.432294,-0.3936167872748481,-0.5753385943731716,0.6307710648359663,-0.340850686321491
36271,1219.033636,465680.610337,5248203.876319,478.421652,-0.38139772844428266,-0.5832683448567518,0.6360949367521563,-0.3312356292186522
36301,1220.031701,465680.239746,5248204.546166,478.335071,-0.40183244447683514,-0.5652212025883538,0.6407997905238368,-0.3292890936167689
36331,1221.041233,465679.867688,5248205.109408,478.340224,-0.39618994134322055,-0.5703008736068426,0.6394281239752183,-0.33003351073983433
36361,1222.040252,465679.543766,5248205.715093,478.39037,-0.39479357512849406,-0.5722757838109584,0.6363302322035614,-0.33424885322851444
36391,1223.039046,465679.223014,5248206.312024,478.498672,-0.3902589714355029,-0.5755219141605722,0.637328208269494,-0.3320921806954369
36421,1224.040892,465678.853578,5248206.947445,478.57539,-0.38961651989290647,-0.5766130551775663,0.6349815400726633,-0.3354322521646989
36451,1225.031696,465678.414655,5248207.630506,478.695761,-0.3880300568211177,-0.5780407235192145,0.6339857183501562,-0.3366952715510265
36481,1226.03866,465677.849798,5248208.423285,478.884058,-0.3884461353571984,-0.5773269950148996,0.6361518000032411,-0.33333770879658847
36511,1227.036838,465677.135548,5248209.175761,479.226809,-0.3887452457826874,-0.5752919956189576,0.6419310981442604,-0.3253317059455152
36541,1228.036844,465676.291132,5248209.872121,479.527748,-0.39106744181779335,-0.5738320898861967,0.6403527149008299,-0.32822460158565686
36571,1229.039984,465675.561564,5248210.618916,479.724561,-0.39676283819056035,-0.5686235194478345,0.6422860521066158,-0.32667288015846546
36601,1230.042225,465675.071757,5248211.356165,479.779908,-0.39787856227440793,-0.5693597164354016,0.6361644187261098,-0.3358824129511991
36631,1231.04424,465674.677636,5248212.007096,479.792334,-0.3983335501082632,-0.5701589851542995,0.6323905222606868,-0.34107380705768453
36661,1232.040154,465674.377032,5248212.698501,479.875691,-0.4062252535959757,-0.5646670259630631,0.6289185744707717,-0.3472659208971808
36691,1233.04095,465674.336634,5248213.528572,480.031538,-0.3727817088150116,-0.5900201897632352,0.6332164726707685,-0.3345846260411644
36721,1234.040883,465674.093287,5248214.156144,480.090829,-0.3788646598450189,-0.5852675290302503,0.6324464532315118,-0.33754254958186264
36751,1235.044809,465673.782434,5248214.643968,480.091357,-0.3830771433679264,-0.5825929524828565,0.6307373077577634,-0.3405991816620613
36781,1236.042615,465673.487906,5248215.13618,480.115243,-0.3810312138115299,-0.5834456773298415,0.632903001052341,-0.3374020553662573
36811,1237.047589,465673.139632,5248215.601837,480.180997,-0.37335428382927555,-0.5904067227172147,0.6291341194027874,-0.3409057645742089
36841,1238.046428,465672.897371,5248216.258906,480.286063,-0.3592044858174778,-0.6006436355823264,0.631130002694216,-0.3344761278510706
36871,1239.047375,465672.580688,5248216.915423,480.330684,-0.36051693306559884,-0.602068750348214,0.6215553341488511,-0.348151874069672
36901,1240.043273,465672.299244,5248217.608166,480.394452,0.35521253123610513,0.6060862824062745,-0.621046053065644,0.3475417613803642
36931,1241.044322,465672.03955,5248218.309991,480.460085,0.35314406835751466,0.6083690990260024,-0.6183321369711599,0.35048776686622235
36961,1242.04323,465671.783972,5248219.016466,480.485379,-0.3491267998052574,-0.6096192100911398,0.625038558397345,-0.3402964837640305
36991,1243.043228,465671.440698,5248219.693424,480.50295,-0.3547988573754144,-0.6063290236496308,0.6221627330658555,-0.3455378698047592
37021,1244.045185,465671.158295,5248220.374578,480.561987,-0.3565211249490721,-0.6041416895605952,0.6259011261923207,-0.3408126855489714
37051,1245.042247,465671.016623,5248221.024137,480.557714,-0.35252979853999844,-0.6068970330060078,0.6265709944275409,-0.3388325861128697
37081,1246.040027,465670.873025,5248221.584164,480.570052,-0.3583036470241699,-0.6029302457844464,0.624717253815405,-0.34325204738329684
37111,1247.045282,465670.785727,5248222.071102,480.606133,0.3538394764044238,0.6070962292158967,-0.6216718042412676,0.34605774261109945
37141,1248.045056,465670.661152,5248222.49049,480.634789,-0.3524915404059997,-0.6067689003070414,0.6271476310420412,-0.3380341172733081
37171,1249.039922,465670.464593,5248222.707598,480.860618,-0.3543735796793391,-0.6050430544948217,0.6273305030106039,-0.3388195806403312
37201,1250.034694,465670.258054,5248222.858329,481.081584,-0.34909167514146544,-0.6084318545427048,0.6290438917600977,-0.3350365098969975
37231,1251.033806,465670.136055,5248223.012871,480.996609,-0.35219359936819106,-0.6065251133121603,0.627837018809178,-0.3375020493249681
37261,1252.034822,465669.911232,5248223.145288,480.815603,-0.3534792970910568,-0.6045893798220214,0.6322507689842276,-0.33133522821047706
37291,1253.037258,465669.536656,5248223.33042,480.67087,-0.3509991703267076,-0.6061701026728117,0.6324212336042444,-0.33075787570681026
37321,1254.04018,465669.073661,5248223.634851,480.552484,-0.35130414602653176,-0.6061115273610604,0.63239013402061,-0.33060086475689526
37351,1255.040233,465668.609356,5248224.114292,480.441238,-0.3502410723807556,-0.6069288776753198,0.6328896266840988,-0.329270783849732
37381,1256.043045,465668.297412,5248224.61512,480.322953,-0.348518778878259,-0.6082803542420073,0.6327071280671107,-0.32895495361142385
37411,1257.047876,465668.026675,5248225.122793,480.16447,-0.3501757043832671,-0.6073776886337827,0.6317737504992268,-0.3306527598398465
37441,1258.038704,465667.718205,5248225.635835,480.100548,-0.34725205957619965,-0.6097149438485864,0.6312139917694876,-0.3305035415275177
37471,1259.042872,465667.31389,5248226.238788,480.135142,-0.34271130031972297,-0.6131188100898288,0.6312478141037348,-0.3288776163506021
37501,1260.042974,465666.77284,5248227.013448,480.123602,-0.34516111415917883,-0.6105916363771758,0.6339860839222005,-0.32573502153073663
37531,1261.040881,465666.184521,5248227.670725,480.32533,-0.3442742729644191,-0.6118182061719417,0.6317231266892719,-0.3287546178798071
37561,1262.044864,465665.814193,5248228.305864,480.681062,-0.3385436244089222,-0.6154035103010189,0.6333588071310888,-0.3248435859159578
37591,1263.042765,465665.655509,5248229.047037,480.935235,-0.343662054730084,-0.6132868099782306,0.6271419884713769,-0.33536339564953976
37621,1264.040578,465665.702263,5248229.615577,481.232298,-0.3397107637875381,-0.6154972421952003,0.629091455343863,-0.3316680307631879
37651,1265.04263,465665.881614,5248230.149662,481.500722,-0.34027394929007493,-0.6148765498414426,0.6295095296494975,-0.33144866868051803
37681,1266.044843,465666.04269,5248230.384531,481.706872,-0.33566801866309115,-0.6165373169664984,0.6344265272274384,-0.323591871938525
37711,1267.036562,465666.056212,5248230.381353,481.667254,-0.33533819406674914,-0.6156514039628016,0.6374519686678127,-0.3196507970273377
37741,1268.041048,465665.992359,5248230.310808,481.61554,-0.3490011121467071,-0.6079477807360137,0.6304405953376124,-0.3333802264215354
37771,1269.044256,465665.918301,5248230.301797,481.601081,-0.33686157289506513,-0.6148684445268006,0.6367519768725536,-0.32094858868789333
37801,1270.042175,465665.803038,5248230.375483,481.63182,-0.3395638008345888,-0.6130483575528284,0.6367406793357011,-0.3216044834010514
37831,1271.044212,465665.693336,5248230.484726,481.697156,-0.3442271949351667,-0.6098917143840956,0.6358612784826054,-0.3243765859601492
37861,1272.04428,465665.796217,5248230.470113,481.728041,-0.34507203775576545,-0.608914726894887,0.6366927881234069,-0.3236826187506077
37891,1273.037839,465666.051417,5248230.36219,481.643427,-0.334749838694806,-0.6152430962430429,0.6402760356291446,-0.3153808431374702
37921,1274.042692,465666.304066,5248230.242505,481.480073,-0.33199293322513473,-0.6165068600170828,0.6425862843047276,-0.3110994231172606
37951,1275.043509,465666.357168,5248230.205392,481.34205,-0.33900935732232185,-0.6125002623786024,0.6399977478675456,-0.316731695538225
37981,1276.042722,465666.308924,5248230.356714,481.176784,-0.33847536072505846,-0.6136127120598814,0.6383270424457544,-0.3185160226158404
38011,1277.043884,465666.106397,5248230.649988,481.070613,-0.32907058894957614,-0.6189701535506325,0.6421831444942624,-0.3101440075663997
38041,1278.044671,465665.892136,5248231.003343,481.114316,-0.33348750760655427,-0.6172747713436821,0.6373396478813508,-0.3186786973919796
38071,1279.047441,465665.683938,5248231.42319,481.228864,-0.3299871395712783,-0.6186511285232964,0.6410589694930663,-0.3121260426925403
38101,1280.037917,465665.424428,5248231.766677,481.289083,-0.32305550693702284,-0.6220206587121622,0.6459478969891679,-0.30245124226596015
38131,1281.03587,465665.145682,5248232.151341,481.325547,-0.3295380944506164,-0.6176177206081188,0.6460315721054877,-0.30429624273000866
38161,1282.03376,465664.909458,5248232.393115,481.4189,-0.3364847039668756,-0.614416603838218,0.6396640528919834,-0.31638612542593664
38191,1283.037431,465664.845238,5248232.511174,481.350494,-0.3316945362468602,-0.6164739417761274,0.6435462258559115,-0.3094945377895972
38221,1284.032269,465664.913344,5248232.318348,481.067545,-0.32231871225369324,-0.6205555869849786,0.6498816762425729,-0.2977838445533827
38251,1285.036268,465664.997258,5248231.95135,480.7484,-0.3095516405286502,-0.6270509027110746,0.6555252965749392,-0.28508162481223803
38281,1286.033286,465665.035875,5248231.728076,480.410764,-0.32701590265326685,-0.6184357662124863,0.6473860331326944,-0.3024716955117584
38311,1287.036447,465665.040458,5248231.550258,480.051173,-0.3291265661892689,-0.6176507731815372,0.6453644327059691,-0.3060849143862084
38341,1288.039265,465664.954853,5248231.556895,479.86937,-0.3299460878095085,-0.617444576021201,0.644794467393975,-0.306818952314422
38371,1289.033012,465664.867064,5248231.799029,479.759416,-0.33719017491491127,-0.6138154228638993,0.6403798487378329,-0.31535228225870576
38401,1290.033003,465665.012766,5248232.02398,479.598983,-0.33365451416890207,-0.6158054764975308,0.6414379234456293,-0.31307454488687186
38431,1291.038271,465665.108229,5248232.084399,479.296461,-0.31120383143170466,-0.6263450468152997,0.6556964853112717,-0.2844401110648999
38461,1292.037236,465664.795996,5248232.265217,479.169095,-0.31378243794671934,-0.6255700622220529,0.6534495237924774,-0.2884551936490212
38491,1293.042796,465664.300238,5248232.619931,479.133052,-0.316007563463844,-0.6243325647642255,0.6518125773277188,-0.2923840495751527
38521,1294.042667,465663.90483,5248232.845412,479.122851,-0.3239355993942049,-0.620121907363142,0.6481942274572652,-0.30059739011590747
38551,1295.046812,465663.826078,5248232.966006,478.952161,-0.3237787504929987,-0.6203697342954184,0.6475354527266479,-0.3016729204975475
38581,1296.039601,465663.922123,5248232.909238,478.696304,-0.31191644700289267,-0.6266415405300656,0.6519239421356241,-0.2915882086805724
38611,1297.043561,465664.103854,5248232.847221,478.345975,-0.30864717738992503,-0.6287463336862312,0.6517140117019377,-0.2910048362428383
38641,1298.031244,465664.222955,5248232.808387,478.036931,-0.3028084553734354,-0.6316009267214866,0.6544988318693954,-0.2846376429787714
38671,1299.032902,465664.150751,5248232.940529,477.730699,-0.3027527801054757,-0.6317330586164965,0.6537160530815337,-0.2861982158102201
38701,1300.037843,465664.011214,5248233.130241,477.537154,-0.3076968521548556,-0.629254073292122,0.6513950706358601,-0.2916271941547435
38731,1301.041903,465663.983683,5248233.451801,477.300148,-0.31701778065474995,-0.6242860921131134,0.6470751527457699,-0.30176207290166984
38761,1302.034752,465664.06365,5248233.507394,477.055374,-0.3104784773810708,-0.6274160430736219,0.6499334633894108,-0.2958694258344655
38791,1303.035279,465664.184083,5248233.639161,476.752351,-0.31537469886937336,-0.6243808237365734,0.6490897836269346,-0.2989478868535941
38821,1304.043328,465664.197045,5248233.647252,476.490006,-0.3075422228774891,-0.6283572269650767,0.6522628317157814,-0.29178446639676053
38851,1305.045289,465664.219916,5248233.730608,476.197871,-0.30699911050043704,-0.6285519750354008,0.6526536997431085,-0.2910620364160695
38881,1306.041295,465664.153703,5248233.819235,476.151521,-0.3111322674760604,-0.6267986018244711,0.6500962077739009,-0.2961336615855861
38911,1307.043164,465664.118418,5248233.974664,476.141746,-0.2919562803574411,-0.6371021323088463,0.6563635902508403,-0.27937294206919067
38941,1308.039993,465663.941597,5248234.294228,476.235655,-0.3107524529696207,-0.6277403886232116,0.648290198164932,-0.29848741418662245
38971,1309.044233,465663.791358,5248234.608605,476.330444,-0.30608202991580047,-0.6289580698655155,0.6528014086483118,-0.2908192878411749
39001,1310.045453,465663.452065,5248234.921784,476.496891,-0.3009218983163182,-0.6321093230670527,0.6545934000223251,-0.28529159723452735
39031,1311.044634,465663.020537,5248235.352743,476.657632,-0.2980379882584521,-0.6318298043722547,0.6603220488067398,-0.2755707671750444
39061,1312.04464,465662.635462,5248235.866085,476.736864,-0.3040011116053374,-0.6279039965093465,0.6613453701796548,-0.2755761177102341
39091,1313.044541,465662.226223,5248236.308817,476.817092,-0.30776577704194874,-0.6271174324119521,0.6566392765748906,-0.28430408527843953
39121,1314.043449,465661.894736,5248236.924239,476.865838,-0.29676079316237436,-0.6302203257767495,0.667070537725347,-0.26414441186272114
39151,1315.03862,465661.412886,5248237.429722,476.940835,-0.30329959713482113,-0.6280985431920348,0.6612731849981476,-0.27607852002701005
39181,1316.042491,465661.056328,5248237.713624,477.123649,-0.2965022659529619,-0.6297353717399575,0.6680247943620311,-0.26317796636850616
39211,1317.046651,465660.821419,5248238.243657,477.103951,-0.3084478643816805,-0.6235552162495056,0.6649719767734349,-0.27175554704999727
39241,1318.039756,465660.354467,5248238.688601,477.230626,-0.30420149538476227,-0.6232283080207083,0.6729776881845769,-0.25719439630960417
39271,1319.041699,465659.856718,5248239.274666,477.325724,-0.3046449217788912,-0.6235608502322805,0.6716613983893518,-0.2592957840104411
39301,1320.039596,465659.324288,5248239.780532,477.320229,-0.3031094355476495,-0.6260060301766239,0.6684097004417983,-0.26357084933617875
39331,1321.034632,465658.900506,5248240.328818,477.312741,-0.2947528911123193,-0.6303278098201666,0.6706375296447011,-0.2570075663872442
39361,1322.0407,465658.385208,5248240.71444,477.398912,-0.2939505292800146,-0.6307277303478954,0.6699428825985524,-0.2587511363486811
39391,1323.042725,465657.882248,5248241.167496,477.386637,-0.2952490899720155,-0.6312044816314746,0.667623624265857,-0.2620831424589533
39421,1324.034353,465657.35176,5248241.577245,477.464586,-0.2978976701629327,-0.6302897798677974,0.6646130010254727,-0.2688518744097109
39451,1325.038242,465656.948527,5248242.005218,477.721593,-0.3110532463917389,-0.6239584123383884,0.6585635455511258,-0.28322399978188284
39481,1326.04022,465656.617334,5248242.346448,477.776706,-0.30103692909107693,-0.62910409542055,0.6614331899314184,-0.27588211197113444
39511,1327.043239,465656.359712,5248242.554052,477.756979,-0.2527766843899508,-0.6499287338877917,0.6810391820099125,-0.22334328121325805
39541,1328.044274,465655.889226,5248242.667328,477.736809,-0.2878045933261785,-0.6331143068734603,0.6715294518502629,-0.2557009694744553
39571,1329.044971,465655.652241,5248243.023973,477.893,-0.17452037732680709,-0.6785671881638645,0.6993338721152302,-0.14149679981333182
39601,1330.035778,465655.259446,5248243.221261,478.003907,-0.16657558340931802,-0.6803978431290795,0.700524391352259,-0.13629720172361975
39631,1331.037919,465654.750604,5248243.255666,478.168495,-0.14666576393727926,-0.6855733711775199,0.7033854462573648,-0.1171632212527137
39661,1332.03876,465654.418963,5248243.374682,478.228791,-0.14117629167970996,-0.6881438386562915,0.7017000967158663,-0.11892975345090587
39691,1333.037608,465654.2004,5248243.496916,478.259681,-0.13064294087006068,-0.69124416800753,0.7022871503581065,-0.10911773750536519
39721,1334.035788,465653.820572,5248243.658469,478.292281,-0.12341431437832891,-0.6925134846561952,0.70316904113301,-0.10366908974204299
39751,1335.039902,465653.220771,5248243.795153,478.468789,-0.10762618382723348,-0.695431196684807,0.7051972051640296,-0.08653876045544599
39781,1336.036949,465652.626029,5248243.994725,478.635013,-0.039104813000887674,-0.706992565792744,0.7060524956562566,-0.011054360747230967
39811,1337.037832,465652.097589,5248244.028846,478.754887,-0.03417362030173938,-0.7063210341540054,0.7070182969502189,-0.008239427449829504
39841,1338.03783,465651.787365,5248243.994332,478.787188,0.05997256353060998,-0.7110192522496349,0.6928796854586778,0.10379140635245596
39871,1339.042571,465651.393733,5248243.922388,478.7853,0.08877488933683537,-0.7105128320736441,0.6846720720161809,0.13606868957622908
39901,1340.038419,465650.859319,5248243.835725,478.823689,0.07564707083858006,-0.7094996830193108,0.6912308511576537,0.11440118389643372
39931,1341.04418,465650.292887,5248243.890265,478.859939,0.08093246930996656,-0.7086716151141091,0.6910424938549063,0.11702456592418126
39961,1342.044986,465649.693071,5248244.030379,478.953078,0.08767618054433134,-0.707414029892035,0.6906271393707679,0.12211646916619792
39991,1343.044857,465648.969703,5248244.160243,479.052604,0.08983491383508957,-0.7062452661797498,0.6917750528452844,0.12080806477979919
40021,1344.037987,465648.30644,5248244.152485,479.221624,0.10132106431169896,-0.7039716541260718,0.6905701844381708,0.1314183110482609
40051,1345.039906,465647.815762,5248244.070748,479.326885,0.10290151090515971,-0.7025131607355188,0.6924032198431491,0.1283133632856146
40081,1346.044851,465647.362466,5248243.883595,479.357741,0.1022100414064947,-0.7019792421994925,0.6937241944890731,0.12459932960171112
40111,1347.046807,465646.817416,5248243.766058,479.307088,0.09551327481775655,-0.7013256530526493,0.697180199535053,0.11383897434589982
40141,1348.047745,465646.27115,5248243.437979,479.390697,0.1036840246799058,-0.6989358959806504,0.6971884552005296,0.12110530240662967
40171,1349.050737,465645.721833,5248243.179271,479.438467,0.10332215046146323,-0.6991153972134257,0.6975038194119094,0.11853529646873476
40201,1350.043586,465645.205006,5248242.971474,479.501788,0.11735758408144764,-0.6971382634270397,0.6946495821891046,0.1329939738822779
40231,1351.042525,465644.705613,5248242.698935,479.592139,0.12225830455608508,-0.6961007675397087,0.6939465843730276,0.13760365705426678
40261,1352.052486,465644.215001,5248242.520542,479.596072,0.1264173394335807,-0.6944481605478552,0.694256450731756,0.14060010391027508
40291,1353.055453,465643.654566,5248242.306038,479.606454,0.11629032836514516,-0.6956905004814986,0.697543382568968,0.12619237894092758
40321,1354.046218,465643.058527,5248242.104213,479.633748,0.11998141732846725,-0.6945740387683245,0.6975250671323807,0.12895791905454343
40351,1355.048722,465642.4425,5248241.887544,479.633509,0.11969054319940023,-0.6947357452345968,0.697875009759285,0.12643926967299313
40381,1356.042366,465641.873436,5248241.723692,479.624967,0.11615454228505176,-0.6942725618575755,0.7000402733552334,0.12015551522505852
40411,1357.045506,465641.349184,5248241.679406,479.646098,0.13073164867311965,-0.6922252262541332,0.6960364296174033,0.13880475790865268
40441,1358.039478,465640.919517,5248241.599228,479.639267,0.15258921023800956,-0.6900822245752223,0.6892407040596701,0.159531527014516
40471,1359.039301,465640.634699,5248241.377978,479.518346,0.15663510717766513,-0.6885866134501035,0.6897813767313032,0.1597359423906431
40501,1360.03728,465640.409865,5248241.203375,479.331052,0.16163195108665682,-0.6871049439921741,0.6888611449751149,0.16502191149361248
40531,1361.042331,465640.118399,5248240.888223,479.138764,0.16617894925607876,-0.6851961238398951,0.6890844996045509,0.1674914359114358
40561,1362.039314,465639.918349,5248240.441937,479.063453,-0.1471569274910465,0.6875932197463321,-0.6967218441178983,-0.14191220799924845
40591,1363.036297,465639.398626,5248239.793779,479.126472,-0.13122622928767072,0.6901102125445263,-0.700818907232048,-0.12401786385342466
40621,1364.038351,465638.593775,5248239.362505,479.29865,-0.1366158279849823,0.6901066486819527,-0.6983576698718298,-0.13185406296405847
40651,1365.03825,465637.820551,5248239.098466,479.326832,-0.14765517940426512,0.6873970038683896,-0.6968026321443841,-0.14194857838144653
40681,1366.037189,465637.210909,5248238.789143,479.350715,-0.14460150841589023,0.68735355962742,-0.698671302144524,-0.13599227695365393
40711,1367.040232,465636.671759,5248238.450581,479.327142,-0.14832719054086035,0.6863371376115908,-0.698152566875204,-0.139726058582312
40741,1368.035568,465636.091839,5248238.015016,479.3114,-0.13767638706461843,0.6877860107396275,-0.701619927855704,-0.12539973170409546
40771,1369.039651,465635.518739,5248237.602281,479.225908,-0.13679290299347835,0.6884643146906821,-0.7013977490149764,-0.12387811253337001
40801,1370.046372,465634.956895,5248237.554615,479.115451,-0.1536626627594543,0.6867961718506402,-0.6955140207987738,-0.14477241200347205
40831,1371.045452,465634.237403,5248237.399917,479.149761,-0.15253165585522466,0.6862064045932683,-0.6968280981020327,-0.14242705484825258
40861,1372.042545,465633.573943,5248237.032824,479.17268,-0.1569904610928629,0.6831968514290839,-0.6977168987354567,-0.14760483238096608
40891,1373.044334,465633.007252,5248236.537665,479.119116,-0.15963079086398935,0.6823406545934348,-0.6975207361211703,-0.14964646463622444
40921,1374.046803,465632.429641,5248236.078493,479.066589,-0.14951701249195096,0.6848492841528213,-0.6998591291314713,-0.13719810619023987
40951,1375.047973,465631.759069,5248235.693051,479.054252,-0.1480127106736961,0.6851126144176952,-0.7001282798505687,-0.13613719109140981
40981,1376.045887,465630.99289,5248235.431668,479.072298,-0.15348462271674804,0.6841338894606729,-0.6986331923791561,-0.14253053843656963
41011,1377.048227,465630.357742,5248235.220204,479.115986,-0.1565978181434828,0.6834750767365718,-0.6979685009564067,-0.1455297718863881
41041,1378.0409,465629.830122,5248234.940033,479.177497,-0.1606303570936954,0.682275408470002,-0.6977196523127545,-0.14793729128794034
41071,1379.044998,465629.269288,5248234.516295,479.141147,-0.16405815253789946,0.6791326957267877,-0.6986337476041792,-0.15419011281290948
41101,1380.041245,465628.735218,5248234.159674,479.140207,-0.1628840910219727,0.6797849148249264,-0.6985694285688596,-0.15284631476548527
41131,1381.039026,465628.117067,5248233.817912,479.059287,-0.16242748931059128,0.6786391657699157,-0.699765573997712,-0.15295206715511667
41161,1382.041026,465627.46885,5248233.444485,479.067899,-0.16248347726499276,0.679006637579963,-0.6993026928617322,-0.15337812586728014
41191,1383.048159,465626.875477,5248233.102466,479.198497,-0.16356584383557632,0.6789388032926433,-0.6989653831180002,-0.15406397799815663
41221,1384.042251,465626.361479,5248232.896305,479.258315,-0.16179440657775676,0.6787259485005085,-0.7004876581981676,-0.14990229332563124
41251,1385.040251,465625.903868,5248232.818554,479.274037,-0.16543577917618146,0.678993372261485,-0.6981024896885017,-0.1557302709304184
41281,1386.042014,465625.302417,5248232.608337,479.121571,-0.16998654756451986,0.6787837230558513,-0.6956887395001577,-0.16240199719896897
41311,1387.041674,465624.591378,5248232.270647,479.137199,-0.16765748505567807,0.6798582333499729,-0.6957000618905377,-0.16026594815044437
41341,1388.042649,465623.781662,5248231.84015,479.24165,-0.18073490734896602,0.6794502977872547,-0.6902623590964722,-0.1709387659863742
41371,1389.041684,465622.998269,5248231.292828,479.413628,-0.1713657182261927,0.6797623033851865,-0.6951747650546433,-0.15902530473012308
41401,1390.038387,465622.44697,5248230.639856,479.461571,-0.17045997267203944,0.6799781828499102,-0.6957767570807952,-0.15642177876150756
41431,1391.036437,465622.150042,5248230.169347,479.332708,-0.16746718358607277,0.6810474635322923,-0.6962749093542691,-0.1527427426809017
41461,1392.035269,465621.882643,5248229.93027,479.129105,-0.1687099195157194,0.681524381150438,-0.6948505039786426,-0.155705677722871
41491,1393.042893,465621.354351,5248229.758531,479.108928,-0.1723700505053896,0.6796454958886982,-0.6946237308841399,-0.16083668144914326
41521,1394.038754,465620.629819,5248229.505015,479.244363,-0.1736615168285184,0.6797640019566222,-0.693502970113547,-0.16375655608379128
41551,1395.04776,465619.925794,5248229.269441,479.292918,-0.17364284545351924,0.6787208680609956,-0.6949206104813167,-0.1620848253526772
41581,1396.048718,465619.271324,5248229.040316,479.217877,-0.1762022061667376,0.6781373355366198,-0.6942120909062499,-0.1647789717556239
41611,1397.052788,465618.626819,5248228.798177,479.168748,-0.17845725751019778,0.6772881933734736,-0.6935886614700348,-0.1684294482536853
41641,1398.042704,465618.085594,5248228.49678,479.19274,-0.17600236648736733,0.6778409553226774,-0.6946609157751182,-0.1643198660313498
41671,1399.047878,465617.624551,5248228.191436,479.153935,-0.16625754698916873,0.679567679913262,-0.6978210304437233,-0.15359689435958981
41701,1400.039846,465617.092693,5248227.962773,479.006171,-0.17264127864902687,0.6781755290932191,-0.6961218530886117,-0.16027259996031362
41731,1401.043676,465616.595293,5248227.686926,478.81482,-0.17753172844428292,0.6769625205081731,-0.6946075596746978,-0.1665069646158018
41761,1402.040711,465616.015355,5248227.318828,478.740219,-0.17925452958847649,0.6766958768153268,-0.6938310293047905,-0.1689645131292524
41791,1403.04262,465615.388885,5248226.819618,478.85527,-0.17726166469054347,0.6777036566583362,-0.6939488572565774,-0.16652639278909448
41821,1404.040665,465614.647197,5248226.308754,478.899673,-0.178126359777678,0.6785074171508322,-0.6923924042015067,-0.16879408587897096
41851,1405.044683,465613.847889,5248225.91395,478.778677,-0.178333544604967,0.6781550618906715,-0.6924504742961617,-0.1697504036746563
41881,1406.048639,465613.226458,5248225.673065,478.499137,-0.17510794614089667,0.6787476832666619,-0.6944208535918573,-0.16253758874553412
41911,1407.048663,465612.798071,5248225.592546,478.394983,-0.1737400084480355,0.6793878764742268,-0.6944449097341412,-0.1612227964918661
41941,1408.034814,465612.243395,5248225.363585,478.380351,-0.18966721557934754,0.6747786719917591,-0.6901107928562873,-0.1801310210449094
41971,1409.04783,465611.62745,5248225.083407,478.487914,-0.19782176422079742,0.6722022472805675,-0.6887052354527642,-0.1862680515050246
42001,1410.042851,465611.263702,5248224.727818,478.752896,-0.1983594331634408,0.6697461583752647,-0.6908903959607927,-0.18645127885265944
42031,1411.041684,465610.977645,5248224.355706,479.015725,-0.1947768917691779,0.6670374108701131,-0.6960302303554089,-0.18073453838110234
42061,1412.048707,465610.631983,5248224.102676,479.175649,-0.19532886598524551,0.6682950216145366,-0.6943047090384391,-0.18212459802342074
42091,1413.054377,465610.21011,5248223.946714,479.361702,-0.2057124884874469,0.6634389798293363,-0.6936817424123274,-0.19062196192230546
42121,1414.032254,465610.034777,5248223.923225,479.306468,-0.21464304723096356,0.6589346369401818,-0.6928940755967358,-0.1990761324691185
42151,1415.036239,465610.128022,5248223.956121,479.251703,-0.22335534735050563,0.6551447831564446,-0.6913998778277802,-0.20703601341930994
42181,1416.032848,465610.138144,5248223.757255,479.375735,-0.21646262615073547,0.6557927493491276,-0.6960059583485263,-0.19661003871722504
42211,1417.037697,465610.098182,5248223.396444,479.462522,-0.22294362570249424,0.6557101492029468,-0.6913767620526302,-0.20576324473650828
42241,1418.036686,465609.959645,5248223.004018,479.556977,-0.21610220356843957,0.657063149378894,-0.6945998727183662,-0.1977343474482454
42271,1419.037484,465609.54789,5248222.481794,479.685156,-0.20814547526652014,0.6600368136242503,-0.6961654878484569,-0.1907366753289497
42301,1420.031512,465608.846309,5248222.235179,479.882182,-0.20021751220747713,0.6635098739640655,-0.6974515565626935,-0.18228801717588072
42331,1421.037532,465608.116529,5248222.142887,480.091287,-0.2027072664507217,0.6638380076600475,-0.69547598005804,-0.18585484894487803
42361,1422.039613,465607.398465,5248221.961625,480.113591,-0.20544831098719427,0.6625146301306395,-0.6953825244445634,-0.18790556424033117
42391,1423.042616,465606.767887,5248221.685018,480.058337,-0.20526013856532213,0.6630921044591965,-0.6949433088256735,-0.18769905177822216
42421,1424.040583,465606.247164,5248221.36251,480.035079,-0.20783672028638095,0.6626273610568282,-0.6937690559056033,-0.19082288947427717
42451,1425.049526,465605.75369,5248220.922666,480.002712,-0.20657102776103667,0.6632118752393954,-0.693949842527447,-0.18950470993441076
42481,1426.043611,465605.283585,5248220.249504,479.989186,-0.21653809934812387,0.6603628706054064,-0.6903521886119524,-0.2011118751719462
42511,1427.045454,465604.772583,5248219.402049,480.108551,-0.2047498051771189,0.664535955849291,-0.6938283528825107,-0.18727439066712628
42541,1428.04424,465604.148806,5248218.725115,480.106225,-0.2093675684557556,0.6646294524788661,-0.6903584579736215,-0.19452020892660704
42571,1429.037003,465603.472071,5248218.301684,480.101988,-0.2057653693064299,0.6665455008033637,-0.6909477665004127,-0.18965466543450168
42601,1430.033989,465602.788457,5248218.091585,480.049612,-0.20977908675916723,0.6664380594618937,-0.6880239213046948,-0.19615333637658672
42631,1431.039053,465602.072478,5248218.044678,480.013628,-0.20824132406112147,0.6676178364852807,-0.688038821411561,-0.1937125591968004
42661,1432.037002,465601.386515,5248218.072041,479.94564,-0.21595869259048428,0.6656016806368016,-0.6849006964391285,-0.20309426837129177
42691,1433.040849,465600.700226,5248217.968394,479.818741,-0.22213932219671706,0.6629818714251994,-0.6838011127957138,-0.20862693458627732
42721,1434.043854,465600.123073,5248217.650668,479.746784,-0.21830168943296038,0.6639699420369525,-0.6854868136418816,-0.20395126080821727
42751,1435.049944,465599.629671,5248217.159716,479.667586,-0.21028274996839347,0.6659022509908051,-0.6889415604484967,-0.19420320151300052
42781,1436.047752,465599.09037,5248216.500562,479.583092,-0.22212508164515818,0.6630793693020377,-0.6835842930103766,-0.20904237001059706
42811,1437.050645,465598.480015,5248215.910567,479.510449,-0.21940392025428465,0.6639693638112149,-0.6845379952903203,-0.20594741246515258
42841,1438.050772,465597.814722,5248215.398913,479.488954,-0.22316871130137972,0.6632493090285283,-0.6824944341731262,-0.21094413405441156
42871,1439.05294,465597.014311,5248214.916962,479.60803,-0.2196369930198386,0.6643882853011301,-0.683437384810064,-0.20799312175119605
42901,1440.051175,465596.022447,5248214.356723,479.791456,-0.2201484547116905,0.6648061246202875,-0.6823581559994961,-0.209654051943616
42931,1441.055831,465594.89965,5248213.81128,480.020813,-0.2214861519667325,0.6642654838269233,-0.6820983329386824,-0.21080112828308953
42961,1442.054641,465593.919235,5248213.133564,480.149886,-0.22906595556311793,0.6613205273717797,-0.6806492324702883,-0.2165653952418859
42991,1443.053453,465593.299852,5248212.834343,480.122398,-0.2248527692170932,0.6629384743872964,-0.6826966083404353,-0.20947351219883348
43021,1444.058406,465592.785703,5248212.786883,480.074807,-0.23321028079064504,0.6606051239248442,-0.6790562625903919,-0.21930897704963853
43051,1445.059289,465592.104836,5248212.693848,480.093988,-0.2276808699387695,0.6630064382752402,-0.6800354197991131,-0.21479225332434454
43081,1446.05728,465591.300887,5248212.595545,480.153321,-0.23850510137446032,0.6595292202621464,-0.6756531892919401,-0.22722080018870036
43111,1447.056947,465590.507254,5248212.543502,480.17303,-0.23726913755607543,0.6588405190229526,-0.6767332722988932,-0.22729849322112733
43141,1448.059015,465589.669435,5248212.470138,480.249152,-0.2492548089614998,0.6554146936239263,-0.6709901104491311,-0.24098940074385825
43171,1449.060002,465588.90341,5248212.373724,480.302295,-0.2600633769167252,0.651181714842933,-0.6668307101059749,-0.2523216564237946
43201,1450.049853,465588.145173,5248212.245796,480.25813,-0.2609579964126702,0.6515492531326867,-0.665770525974983,-0.2532471156667288
43231,1451.049658,465587.456417,5248212.039764,480.305187,-0.24571766999573874,0.656264937566035,-0.6743718822606921,-0.23272671266849543
43261,1452.050671,465586.942911,5248211.871268,480.254678,-0.23868328654003357,0.6593426384800467,-0.6774532957074526,-0.222158965481318
43291,1453.052808,465586.735286,5248211.832274,480.12869,-0.2333577837314879,0.6603497737621884,-0.6812616754139936,-0.21299025958074513
43321,1454.052927,465586.736909,5248211.918171,480.067612,-0.21816233722485268,0.6652773631437944,-0.6869113058513423,-0.19484373892592327
43351,1455.053813,465586.877063,5248212.115318,479.993868,-0.23327649687401122,0.6602158574209401,-0.6815407557323655,-0.21260126032523452
43381,1456.048797,465587.001463,5248212.38328,479.890931,-0.24694010399139302,0.6551823613891352,-0.6758880532087098,-0.23006955012564578
43411,1457.056963,465587.003411,5248212.670885,479.739191,-0.24970603260369303,0.6550207227848935,-0.6733840862689554,-0.23483743816394168
43441,1458.048965,465586.769728,5248212.966456,479.657789,-0.24127347522222015,0.6582223791373946,-0.6765402234446902,-0.2254412025746612
43471,1459.050983,465586.49324,5248213.312695,479.700495,-0.2770302540184957,0.645566813741469,-0.6582685803932935,-0.27051839756499607
43501,1460.047863,465586.080747,5248213.408565,479.744969,-0.2646805436374622,0.6500220370046162,-0.6652457436237043,-0.25468345415179894
43531,1461.052891,465585.643572,5248213.32009,479.890841,-0.2515817643629198,0.6552875483217984,-0.6716507483299154,-0.2370445467044366
43561,1462.048973,465585.428101,5248213.189933,479.926519,-0.2525249179416036,0.6520099392121232,-0.6755230213844808,-0.2340573702466383
43591,1463.053027,465585.454286,5248213.088181,479.927649,-0.24561857264580977,0.6518373607335474,-0.6817725288322343,-0.22353029068351893
43621,1464.050739,465585.599473,5248213.101221,479.900824,-0.26079272389445446,0.6467714225945046,-0.6743026411465891,-0.24287822096994535
43651,1465.046298,465585.643235,5248213.13251,479.883967,-0.2541784356030612,0.6505894131927586,-0.6750792780384398,-0.23747569702809834
43681,1466.051346,465585.548148,5248212.949854,479.908201,-0.2643764573751013,0.6465831748249891,-0.67068231224621,-0.24944041945744472
43711,1467.056417,465585.556986,5248212.732325,479.913665,-0.26446173560724273,0.6461600778248711,-0.6718043963295519,-0.2474186680451734
43741,1468.04862,465585.650894,5248212.726173,479.902969,-0.2594215654994847,0.6479794120316205,-0.6750252555264045,-0.2390900193200554
43771,1469.044805,465585.861149,5248212.979031,479.852895,-0.27666905135839975,0.6399871524041693,-0.6685745728627389,-0.2586092057515587
43801,1470.049635,465585.922507,5248213.363375,479.684337,-0.2808354718934055,0.6396451706678221,-0.6642485129705752,-0.26600640290060834
43831,1471.050613,465585.692831,5248213.493036,479.689614,-0.27307682289688495,0.6429293243584777,-0.6676284568826163,-0.2575716914511982
43861,1472.044479,465585.294027,5248213.558517,479.799117,-0.27254109171073404,0.6441475874963907,-0.6659694622288717,-0.2593837200563842
43891,1473.045492,465584.799241,5248213.642162,479.902107,-0.26379284791516916,0.6465930058622007,-0.6719691664777698,-0.24655274782905914
43921,1474.042291,465584.486462,5248213.892209,479.914336,-0.27106828024639207,0.6435498053839739,-0.6691738955341952,-0.25411008041811906
43951,1475.048213,465584.310273,5248213.968767,479.888402,-0.24424201043247493,0.6553407422867684,-0.6797017981527195,-0.22108780479006543
43981,1476.047973,465584.484416,5248213.965329,479.859219,-0.13998770405298194,0.6851249495116767,-0.7080006687992488,-0.09870308632668788
44011,1477.046741,465584.892753,5248214.059242,479.792583,-0.035084146284419866,0.7008525582314756,-0.7122037458387398,0.01845585850501808
44041,1478.044485,465585.089471,5248214.305148,479.651719,0.10043871690413433,0.7035311056855494,-0.6807601249342542,0.1775435151702761
44071,1479.049557,465585.022196,5248214.755023,479.635831,0.2275115297520331,0.685586271912103,-0.591155628165309,0.35881052225935717
44101,1480.048828,465585.02219,5248215.02701,479.574416,0.2546288252395944,0.6785629535420238,-0.5556530507747319,0.40738945322892517
44131,1481.04891,465585.135426,5248215.178282,479.40967,0.2613995724348515,0.6745339716945716,-0.5575708847781506,0.40717182246385103
44161,1482.043975,465585.37994,5248215.123503,479.255777,0.2643790504544941,0.6715633185314889,-0.5661654832002211,0.3981997896991086
44191,1483.051971,465585.591155,5248214.877168,479.22309,0.2743458447426498,0.6627105784486312,-0.5840407136213629,0.3800598525461111
44221,1484.050693,465585.684735,5248214.572426,479.214341,0.2746956191224317,0.6615649469463148,-0.5894666805483928,0.37336733966714664
44251,1485.050017,465585.639092,5248214.320134,479.228116,0.2747295392108374,0.659276756963056,-0.6009943459399635,0.3587250118983508
44281,1486.043017,465585.607817,5248214.130841,479.19598,0.2773684268745511,0.6576854366990423,-0.6020520575593648,0.35784066582162255
44311,1487.04369,465585.58232,5248214.068396,479.158494,0.2848508214902329,0.6529926721616615,-0.6052814292549067,0.35509853702690725
44341,1488.043784,465585.251518,5248214.199335,479.240076,0.293873285938328,0.6468527060648196,-0.6095894649675111,0.3515974298385204
44371,1489.050845,465584.723781,5248214.416631,479.435262,0.298284077473772,0.6414266062759219,-0.623095217978262,0.3336927736999962
44401,1490.044921,465584.363711,5248214.573253,479.532426,0.2859045642874079,0.6458032558584941,-0.6340411270299956,0.31494219164273457
44431,1491.045664,465584.419998,5248214.483419,479.484992,0.2763929599098053,0.6496767358629268,-0.6399658574795217,0.30326683275836464
44461,1492.049383,465584.544662,5248214.29432,479.406522,0.2808835369017798,0.6475872276227923,-0.6387861024230442,0.3060841986587164
44491,1493.051285,465584.497231,5248214.251143,479.365183,0.2736897540563152,0.6499341763946977,-0.6452770129552435,0.29376361488499275
44521,1494.046266,465584.275253,5248214.171539,479.456119,0.2763178887639305,0.6480414883159392,-0.6463166857050732,0.29319855993765825
44551,1495.051289,465584.105164,5248214.093886,479.448002,0.2678548811154216,0.6518264767470924,-0.6501308693273788,0.28408776746235015
44581,1496.050323,465584.044204,5248214.172231,479.397924,0.26042962053628893,0.6547549525597991,-0.6546130204764583,0.27377757079137777
44611,1497.050276,465583.730101,5248214.390772,479.462138,0.2798945227879149,0.6456625836580216,-0.6478569238694084,0.2916509735485913
44641,1498.047879,465583.351162,5248214.416421,479.693775,0.3131092294144001,0.6310633506630897,-0.6272382146445442,0.3321052242812803
44671,1499.043792,465583.061441,5248214.544385,479.93014,0.31277119230472694,0.6313733571723056,-0.627943947483686,0.3304969953507259
44701,1500.041577,465582.905977,5248214.735743,479.898465,0.30837059063270134,0.6329483851830893,-0.6329344331976386,0.32199056476819704
44731,1501.046527,465582.728254,5248214.978902,479.80956,0.306423121350588,0.6327492386706774,-0.638347498359283,0.31344176971470494
44761,1502.053717,465582.457117,5248215.256414,479.784504,0.3010813238851616,0.6335311913266776,-0.6473914949393644,0.2981149414302037
44791,1503.050539,465582.112167,5248215.556179,479.780975,0.30446510860339987,0.6334482752475473,-0.6409463921699572,0.30859682855360465
44821,1504.04926,465581.737332,5248215.972941,479.82148,0.323941251564828,0.6222844070615018,-0.6369070365523657,0.31964606841444454
44851,1505.059236,465581.47978,5248216.442542,479.820659,-0.3238347794541365,-0.6205589198035039,0.6435733806457662,-0.3095980723331119
44881,1506.053664,465581.347807,5248216.855437,479.782742,-0.316916619261961,-0.6233524061867286,0.6492318229157257,-0.29915493352159306
44911,1507.240187,465581.139737,5248217.19742,479.724718,-0.32925582661766845,-0.6148747942392069,0.649211399467075,-0.303387782960374
44941,1508.251927,465580.963528,5248217.478528,479.697925,-0.32407182482588465,-0.6180588516893538,0.6507146779844556,-0.29925092490758454
44971,1509.249257,465580.812748,5248217.779274,479.622675,-0.32418717159625887,-0.6168862404422437,0.6542132375214237,-0.2938691613238606
45001,1510.251335,465580.554253,5248217.940382,479.502774,-0.32423915157164745,-0.6163611604926257,0.6546284803463565,-0.2939888520738533
45031,1511.249187,465580.200779,5248217.909269,479.474036,-0.31948307241754503,-0.6201395840763003,0.6524349992535912,-0.2961182778034575
45061,1512.249784,465579.824149,5248217.999272,479.400641,-0.320831399921917,-0.6199206835740039,0.6502267405141462,-0.29995123740640256
45091,1513.240464,465579.485518,5248218.134406,479.281208,-0.3168114755334592,-0.6215444570557667,0.6537628563260233,-0.29309913777083024
45121,1514.251244,465579.144131,5248218.309626,479.169459,-0.3175534369704613,-0.6207613797955542,0.6544331873284235,-0.2924591037149081
45151,1515.250301,465578.779591,5248218.604458,479.139659,-0.32907046602791157,-0.6138663489916725,0.6516911753774367,-0.3002987610680108
45181,1516.244933,465578.403378,5248218.981566,479.171781,-0.34683913576270625,-0.6044601459826958,0.6432609005977852,-0.3170898288877829
45211,1517.242803,465578.062419,5248219.457227,479.160715,0.32852114868669563,0.626843241452153,-0.616131345371001,0.3457218112336162
45241,1518.250279,465577.771308,5248219.953431,479.103611,0.3214047669692473,0.637539890439961,-0.592649944097594,0.37283764245092677
45271,1519.243722,465577.477654,5248220.438831,479.123107,0.32444098624622847,0.635488459394398,-0.5926434537706357,0.3737194149665246
45301,1520.2513,465577.109879,5248220.940785,479.205622,-0.42074315464156276,-0.5181777170731435,0.6995586766265729,-0.25511705020952474
45331,1521.246845,465576.66913,5248221.336086,479.43009,-0.4445748181044668,-0.4796015432272283,0.7248761461971016,-0.21654136675443653
45361,1522.250644,465576.213814,5248221.794085,479.514541,-0.4832454490040131,-0.43856400574130366,0.7290201680853977,-0.20655518248107468
45391,1523.2464,465575.848886,5248222.128142,479.461841,-0.5110044889914871,-0.4091271193922582,0.7278257227224693,-0.2043505070995844
45421,1524.254327,465575.605154,5248222.537706,479.276479,-0.5091989883265624,-0.4099221718461072,0.7298874389777987,-0.19986127623580807
45451,1525.244257,465575.333474,5248222.980972,479.027024,-0.5156927315636334,-0.4032195322306394,0.7292341567608395,-0.19922991756623823
45481,1526.247018,465575.11412,5248223.490147,478.850815,-0.5041007994238803,-0.41807667247100466,0.728305917625172,-0.20165507756546325
45511,1527.251911,465574.867567,5248223.995019,478.770722,-0.494144387123619,-0.4306588611849137,0.7262493606546503,-0.2071621010364781
45541,1528.250155,465574.492145,5248224.532153,478.777061,-0.5024666865138635,-0.4183727824836745,0.7307620754479784,-0.19615869317369
45571,1529.243243,465574.128899,5248225.059368,478.806847,-0.498486653231335,-0.4233768437460182,0.7305431363908279,-0.1963920329395634
45601,1530.241272,465573.767744,5248225.621482,478.824585,-0.5094383265524689,-0.4111552508859033,0.7303215640887284,-0.19507527812453107
45631,1531.245383,465573.488966,5248226.219819,478.849722,-0.5070064937920115,-0.4137765107304352,0.7308512404665456,-0.1938810943052176
45661,1532.248234,465573.220462,5248226.842695,478.836103,-0.49915968560088614,-0.4255855527899553,0.727524390039296,-0.20105921372879898
45691,1533.243859,465572.843338,5248227.352572,478.814974,-0.49385024797218513,-0.43213784386839443,0.7270162258878027,-0.202030254591836
45721,1535.44833,465572.389399,5248227.83318,478.750239,-0.49123395518841206,-0.43654830447014736,0.725241642433264,-0.20527868670392957
45751,1536.453247,465571.909784,5248228.299885,478.758052,-0.49159716792517066,-0.43757225152930773,0.7235758201221129,-0.20808839879756816
45781,1537.451046,465571.494763,5248228.766784,478.869142,-0.4904020561684826,-0.4393290819452461,0.7232018667552322,-0.20850621329979346
45811,1538.451768,465571.075071,5248229.189833,478.993697,-0.48748955373277797,-0.4431770296967034,0.7223909996098358,-0.20999833102509796
45841,1539.448534,465570.730274,5248229.630245,479.11826,-0.4809192229541174,-0.4504397617415066,0.7224130690849963,-0.20961889144506776
45871,1540.451483,465570.456628,5248230.234254,479.089392,-0.4807936168243418,-0.45158197141315576,0.7212111270232315,-0.21157913737761502
45901,1541.451635,465570.283966,5248230.78776,478.974628,-0.4726635987723228,-0.46117097789125633,0.719925316181891,-0.21358368539479605
45931,1542.446447,465570.060709,5248231.30347,478.807997,-0.4740715080181345,-0.45605353958142086,0.7256061190246805,-0.20190872778215985
45961,1543.442386,465569.827631,5248231.828459,478.606921,-0.4723211584493642,-0.4592547203037235,0.7239159028372371,-0.2048013446712379
45991,1544.447337,465569.574256,5248232.389877,478.504714,-0.4725469094866587,-0.4589886406888871,0.7241619395326159,-0.204005714100207
46021,1545.450616,465569.245014,5248232.981438,478.457277,-0.4676497841107778,-0.4633662532653514,0.7251673553488691,-0.20181105393981852
46051,1546.449522,465568.864012,5248233.580812,478.431305,-0.46607224934506575,-0.466428114763505,0.7230781510002614,-0.2058627205072275
46081,1547.447265,465568.499421,5248234.126693,478.369756,-0.4600924843202014,-0.4709823793256042,0.7250755103495684,-0.2018811742787597
46111,1548.445278,465568.057629,5248234.560901,478.284175,-0.461658282572972,-0.46562716939371224,0.7308763544154635,-0.18942735760849042
46141,1549.44692,465567.560442,5248234.983978,478.177016,-0.46369237536128943,-0.46393638780727675,0.7303886238189964,-0.19048587164389286
46171,1550.449819,465567.005224,5248235.385747,478.215601,-0.45199380091733743,-0.4779948031638245,0.7271920950882541,-0.195995481891371
46201,1551.449767,465566.587189,5248235.956237,478.338848,-0.457697824294666,-0.4734347214195518,0.7253903258094144,-0.20045234199787254
46231,1552.443508,465566.435001,5248236.552405,478.376896,-0.4601358502091788,-0.46962487735891295,0.7268228627086852,-0.19863534469437683
46261,1553.450968,465566.397894,5248237.093555,478.451217,-0.47338357603408066,-0.45446970934102665,0.7290032093918116,-0.1947295404634513
46291,1554.44888,465566.275612,5248237.76319,478.523835,-0.46389951356606196,-0.4656898819260778,0.7269930503912092,-0.1985227439557779
46321,1555.445602,465566.027993,5248238.341108,478.545821,-0.45786481378152166,-0.4725965123491258,0.7257897698212292,-0.20060298811109983
46351,1556.445732,465565.750897,5248238.902605,478.530457,-0.4611213797404389,-0.4685865538537223,0.7268566826329608,-0.1986783269649058
46381,1557.446656,465565.504642,5248239.533924,478.572401,-0.4741714704101725,-0.4536054185431372,0.7288642494414016,-0.19534699077176143
46411,1558.439376,465565.233036,5248240.194022,478.825538,-0.4666518754842618,-0.46096560488259414,0.7292734315300028,-0.19469720153792444
46441,1559.446308,465564.80907,5248240.850697,479.085441,-0.46746574874853886,-0.4585973616890739,0.7311801142608781,-0.19115405857119008
46471,1560.442276,465564.337666,5248241.415061,479.268544,-0.4586387348044706,-0.46868473242760816,0.7295632694621779,-0.1942229862242716
46501,1561.442744,465563.900174,5248241.909997,479.360922,-0.4649889455367872,-0.4612703716484118,0.7308259054053384,-0.1921156442260493
46531,1562.445748,465563.566002,5248242.377817,479.406641,-0.4669419708816413,-0.4587764545691449,0.7313723382737257,-0.1912690862898569
46561,1563.4495,465563.238352,5248242.794525,479.349114,-0.4586668422333924,-0.4652719465420653,0.7339935819197684,-0.18547281552075032
46591,1564.442008,465562.857332,5248243.020978,479.204996,-0.4638373475057571,-0.4583092688647534,0.7358839486814909,-0.18243449017226893
46621,1565.445929,465562.563343,5248243.253842,479.045852,-0.45889496628116133,-0.46522850099905466,0.7335768469459597,-0.18666242633376567
46651,1566.44695,465562.23252,5248243.573538,478.89405,-0.44977022176867576,-0.47182359857979955,0.7371919088082911,-0.17786885343126457
46681,1567.452153,465561.803062,5248243.8749,478.743638,-0.43733238936327135,-0.4832869850300621,0.7378598509246148,-0.17531945615894898
46711,1568.443962,465561.308361,5248244.229814,478.498745,-0.44295761332417016,-0.4777988348632024,0.7379597228076136,-0.1758188662096058
46741,1569.451952,465561.011454,5248244.677774,478.107417,-0.43047073891934207,-0.4910927584694306,0.7359515106547002,-0.17860072642121536
46771,1570.44667,465560.609745,5248245.005772,477.803288,-0.415149904994898,-0.5045726116625815,0.7360344657199592,-0.17694717068962354
46801,1571.444936,465560.414975,5248245.395427,477.664641,-0.41870279904668495,-0.5053663698754107,0.730270217944336,-0.18973193472094527
46831,1572.442925,465560.533608,5248245.948015,477.758351,-0.4367603585784257,-0.49121621933973664,0.7266452644985225,-0.19983411774242413
46861,1573.444898,465560.636306,5248246.660269,477.941814,-0.4189431112504298,-0.5070101591236766,0.7273998583890946,-0.19574681120447207
46891,1574.438748,465560.427174,5248247.300335,478.038218,-0.4115811065594385,-0.5118219022286057,0.7293649876938656,-0.19148380570880447
46921,1575.443667,465560.079723,5248247.957712,477.97413,-0.41272862921256004,-0.5098803094989149,0.7305192322846759,-0.18978619516661308
46951,1576.444539,465559.802185,5248248.588109,477.862073,-0.41419748454440175,-0.508806495259935,0.7302827275702155,-0.19037734106504933
46981,1577.442467,465559.664779,5248249.257614,477.800683,-0.41041412181945935,-0.512444998017187,0.7299805613266479,-0.18997039954571632
47011,1578.441775,465559.394647,5248249.955074,477.729765,-0.40578658237617476,-0.5155514002240041,0.7308309744540435,-0.18822882369362515
47041,1579.450627,465559.00896,5248250.585078,477.597535,-0.4158847592057132,-0.5057869406824808,0.7320410735020211,-0.18797687198554752
47071,1580.447615,465558.498829,5248251.125237,477.503891,-0.40666878900187564,-0.5134924232556903,0.7323687765041861,-0.18596236853866033
47101,1581.453416,465557.965496,5248251.682021,477.591734,-0.4199054115051467,-0.501501168926229,0.7327519102218351,-0.1877515939228518
47131,1582.447226,465557.503483,5248252.365118,477.735457,-0.397748253169721,-0.522495124147701,0.7300907722184183,-0.1891101178251117
47161,1583.450052,465557.068961,5248253.111791,477.848453,-0.4054069671155639,-0.5148238306251813,0.7315428519567743,-0.18827286099043483
47191,1584.448717,465556.844414,5248253.875774,477.996957,-0.41445008329941313,-0.5070249155795715,0.7312297305845497,-0.19094487304948762
47221,1585.44451,465556.501869,5248254.646544,478.111474,-0.4161190901220029,-0.5048860070191591,0.7320570825729389,-0.18980898452676942
47251,1586.445434,465556.155146,5248255.409092,478.219717,-0.41215679086295903,-0.5076136972363937,0.7328938713828859,-0.18794064864459736
47281,1587.448317,465555.851304,5248256.117798,478.194918,-0.39536498070470155,-0.5219205330395633,0.7327727933422089,-0.1852822780557421
47311,1588.449271,465555.534152,5248256.721816,478.072943,-0.39437140945415783,-0.5223896322394995,0.733072432621459,-0.18489205516808396
47341,1589.452266,465555.276352,5248257.295576,478.023144,-0.39249464950415514,-0.5211234982852888,0.7369250785699948,-0.17697366532939302
47371,1590.445039,465555.013824,5248257.962672,478.059835,-0.40536653856358634,-0.5117261924604708,0.7350345629537918,-0.18313509938352593
47401,1591.443934,465554.83068,5248258.647606,478.041282,-0.3985019718218767,-0.5166325399587873,0.7359250872459309,-0.18083490556824816
47431,1592.445999,465554.59467,5248259.323887,478.026058,-0.40035228927848443,-0.515119555923098,0.7358224877965778,-0.18148045081474248
47461,1593.446279,465554.276464,5248259.993706,478.020329,-0.38798356546808804,-0.5259455875689011,0.7349635117613622,-0.1807723104429415
47491,1594.441965,465553.930967,5248260.625657,477.95835,-0.37890801476136954,-0.5350050987803006,0.7320645293761994,-0.18514800959740874
47521,1595.446982,465553.701127,5248261.234788,477.962623,-0.3952879844472937,-0.5217269272721462,0.7320436873905117,-0.18883977987294748
47551,1596.443745,465553.558229,5248261.952912,478.087626,-0.4034496826552207,-0.5149826330163384,0.731686054739538,-0.19145954809476254
47581,1597.442782,465553.396281,5248262.739836,478.395719,-0.3905717368536804,-0.5267756336010203,0.7301622482137793,-0.19189643430439854
47611,1598.44996,465553.029342,5248263.495682,478.742593,-0.3987721303362417,-0.5195311928666002,0.7304756393672309,-0.19358064985100715
47641,1599.447881,465552.510072,5248264.208336,478.858234,-0.3970361579845597,-0.520721366577053,0.7306530498113492,-0.19328131943972343
47671,1600.445874,465552.295581,5248264.792825,478.730658,-0.39533595682180245,-0.5213372292799415,0.7315082389959706,-0.19186628388416166
47701,1601.449238,465552.363831,5248265.386064,478.540529,-0.39824801039885,-0.5198256896266524,0.7301410356017167,-0.19512519762446273
47731,1602.446795,465552.438934,5248266.102473,478.363954,-0.3786066853500842,-0.5340950318795334,0.732358307783285,-0.1872185454238592
47761,1603.449662,465552.068464,5248266.711263,478.303486,-0.3860274466228009,-0.5255542196193247,0.7360031010915391,-0.18186535645317578
47791,1604.449664,465551.524232,5248267.295727,478.462961,-0.38368718609938607,-0.5280756496811816,0.7349315790605125,-0.18383640971405762
47821,1605.450599,465550.89582,5248267.919177,478.689932,-0.38607950167925353,-0.5261178110975656,0.7349009647789131,-0.18456229082894568
47851,1606.450438,465550.333881,5248268.520029,478.817062,-0.3895811814426702,-0.5230839856466596,0.7350896324716648,-0.18507533400864348
47881,1607.455457,465549.965807,5248269.137685,478.901402,-0.38966739834463476,-0.5238373606155704,0.7338256267986597,-0.18775965419703664
47911,1608.451339,465549.69333,5248269.704479,478.993437,-0.38928976653460484,-0.5232916838927797,0.7346322780091569,-0.18690828592432407
47941,1609.452291,465549.332947,5248270.176348,478.872058,-0.382814290258724,-0.5282387891664635,0.7349729277888533,-0.185018367226443
47971,1610.449244,465548.892966,5248270.506064,478.637429,-0.3727846533241961,-0.5369939719342289,0.7333757206402105,-0.18662563791642167
48001,1611.455186,465548.748065,5248270.945956,478.429959,-0.3632247702828133,-0.5442617898060125,0.7338015711606902,-0.18270775728538724
48031,1612.451874,465548.55719,5248271.455166,478.292528,-0.3737308605958565,-0.5348699417200232,0.7356042075851642,-0.18200505230817596
48061,1613.453833,465548.082,5248271.912518,478.159794,-0.3654147538878208,-0.5410482591524439,0.7356222695184932,-0.18055114371743675
48091,1614.451571,465547.396625,5248272.304828,478.071745,-0.34904123191701103,-0.5524127949295755,0.7364340088951584,-0.17514357813678452
48121,1615.447256,465546.890265,5248272.72675,477.955646,-0.34990210449244546,-0.5531374665164607,0.7342294125676986,-0.18031813588211681
48151,1616.441845,465546.464336,5248273.168787,477.828367,-0.3450237997919929,-0.55561391938008,0.7356988554706319,-0.17606517039835873
48181,1617.444649,465545.896967,5248273.608457,477.713289,-0.3468182152682962,-0.5548182751563289,0.7348041297342752,-0.17876436455883626
48211,1618.445658,465545.334289,5248274.067081,477.723417,-0.35168494130386374,-0.5516118331952176,0.7341663535052118,-0.18177418111483828
48241,1619.448541,465545.112921,5248274.595521,477.635341,-0.3387334856059246,-0.5615449474290637,0.7331962967371873,-0.17986130266687553
48271,1620.451563,465544.969855,5248275.135908,477.555999,-0.3487627864571922,-0.5546174464404953,0.7325326331839098,-0.18482410072035138
48301,1621.447383,465544.912882,5248275.70328,477.60327,-0.3511712158349233,-0.5534843938964967,0.731760011222225,-0.18671124459469157
48331,1622.447259,465544.777409,5248276.353776,477.727863,-0.3563168422996729,-0.5495751716806198,0.7316347032270689,-0.1889870355332511
48361,1623.448068,465544.347072,5248276.989428,477.914047,-0.34137823191503086,-0.5588785110436534,0.7338948013974409,-0.18031675781803344
48391,1624.447039,465543.874472,5248277.669306,478.038391,-0.34484128209398374,-0.5565732138371995,0.7334652383269527,-0.18259105117364077
48421,1625.450861,465543.569284,5248278.35712,478.161657,-0.3542575351511534,-0.5506219425169373,0.7320169318145571,-0.18833025976806306
48451,1626.444612,465543.422261,5248279.083538,478.367082,-0.36631139474481955,-0.5430903042293106,0.7299374290209234,-0.19509032074027707
48481,1627.447747,465543.331324,5248279.92861,478.716693,-0.3435012712894278,-0.557953763386273,0.7326652880709039,-0.18410879990272355
48511,1628.447617,465543.106498,5248280.927231,478.979833,-0.3444341477432087,-0.5555935761645698,0.7349431637155351,-0.18038692330896294
48541,1629.44759,465543.045672,5248281.687712,479.102694,-0.32542768680605116,-0.5676789559827053,0.736502596184528,-0.17146821690301234
48571,1630.444638,465542.822804,5248282.126622,478.870172,-0.3300101727884413,-0.5628495619401179,0.737927481752799,-0.17250127000672538
48601,1631.446372,465542.418358,5248282.317008,478.479546,-0.3223430072583748,-0.5657855580917607,0.7412267571125312,-0.16298644872155188
48631,1632.447373,465542.03425,5248282.641026,478.200872,-0.3165907687872925,-0.5699111070936601,0.7409216902811266,-0.16126581783164048
48661,1633.448423,465541.706556,5248283.04835,478.012437,-0.3313255814374057,-0.5617601281427979,0.738866248338196,-0.16948623714269936
48691,1634.446506,465541.590189,5248283.572198,477.928949,-0.3322211908554,-0.5608323983117645,0.7390936882562934,-0.16981348983577094
48721,1635.450522,465541.370219,5248284.097227,477.846123,-0.32949716013975205,-0.5623173578979499,0.739631203506796,-0.16785855136273553
48751,1636.446467,465541.085217,5248284.560122,477.841642,-0.323904294266452,-0.5660783637851936,0.7394430684852501,-0.16692885514238479
48781,1637.448717,465540.873182,5248285.091124,477.830738,-0.2627823872943556,-0.6010859718102648,0.7422430832413117,-0.1368074442463567
48811,1638.447681,465540.599772,5248285.465499,477.918388,-0.25421505379043785,-0.6049323190576138,0.7427020421202476,-0.13351131943141104
48841,1639.446558,465540.246658,5248285.935409,478.086493,-0.3509620257393607,-0.5479612395420781,0.7377860361333861,-0.17954359174033377
48871,1640.446578,465540.107099,5248286.36802,478.102329,-0.43431098053866324,-0.4838704762810169,0.7323924798033603,-0.2021004450628733
48901,1641.451668,465540.230512,5248286.814992,477.94938,-0.4190446893270137,-0.4978646294369666,0.7319547065935422,-0.2019273795154589
48931,1642.447224,465540.122399,5248287.205006,477.721975,-0.4239297118106077,-0.4933368458527523,0.7324344709152543,-0.20110221725113925
48961,1643.445892,465539.833662,5248287.600779,477.354304,-0.4204779894372965,-0.4944293450661302,0.7357031597227389,-0.19359427654304345
48991,1644.443904,465539.615845,5248288.124325,477.173498,-0.4327798943964348,-0.48516918188801494,0.7332940840141459,-0.1989779241578819
49021,1645.450811,465539.52296,5248288.744096,477.428387,-0.4470209028308854,-0.47187173196376586,0.733467757249778,-0.19883266854507725
49051,1646.448743,465539.445214,5248289.467072,477.908191,-0.4256706173426897,-0.49307444132585304,0.7318294211510776,-0.2002693665540739
49081,1647.450968,465539.347592,5248290.206828,478.287589,-0.43793898887061833,-0.48060199146895155,0.7335992858872245,-0.19764426520598197
49111,1648.44485,465539.118187,5248290.798497,478.434376,-0.4257592231318435,-0.48873010883994306,0.7380610861252814,-0.1874507876191414
49141,1649.444016,465538.805307,5248291.185743,478.3842,-0.42978904067288143,-0.4883069655850476,0.7334291914217177,-0.19727977354278536
49171,1650.445219,465538.572172,5248291.479283,478.336627,-0.43313904721065977,-0.48597964925319725,0.7325453898061398,-0.1989763759016425
49201,1651.445896,465538.357366,5248291.957471,478.210383,-0.41590691880784747,-0.502508506501626,0.7308781501491223,-0.20080778225921683
49231,1652.450856,465537.979911,5248292.244527,477.961474,-0.40315367896806564,-0.51356746125807,0.7302737096772671,-0.20103701854548417
49261,1653.448545,465537.483034,5248292.445521,477.718542,-0.3987341412495839,-0.5172576380772017,0.7305557777692521,-0.19935866176495756
49291,1654.456499,465536.986442,5248292.81809,477.531115,-0.4104237143150186,-0.5039989127872235,0.735800392454995,-0.19009274867873366
49321,1655.456361,465536.431698,5248293.284997,477.39169,-0.40403195041152673,-0.5078038103255922,0.7385077392787974,-0.1830294847580234
49351,1656.447264,465535.74032,5248293.766262,477.3802,-0.41108294828086134,-0.5016336287709079,0.7383085731568979,-0.18513498567767006
49381,1657.448932,465535.04936,5248294.22956,477.36244,-0.40260819476171983,-0.5096978760404578,0.7374617479196767,-0.18510777138145865
49411,1658.450743,465534.516712,5248294.836983,477.466718,-0.4253790643180928,-0.49246092831844523,0.73393908012896,-0.19459782213338184
49441,1659.454542,465534.186073,5248295.698509,477.833257,-0.4400055893164813,-0.47911859541453855,0.7340247817213714,-0.1950591518415597
49471,1660.449633,465533.967429,5248296.666896,478.212495,-0.4231189932952185,-0.4959244468553319,0.7323363347949138,-0.19675556729918953
49501,1661.451216,465533.661757,5248297.558755,478.459286,-0.4179676207881007,-0.5003411986263188,0.7324586651955067,-0.19612765411825434
49531,1662.447959,465533.347569,5248298.236446,478.449111,-0.4126636603263015,-0.5052357713966297,0.7319526349551548,-0.19669992102071987
49561,1663.448798,465533.160638,5248298.79412,478.356685,-0.41959716390467167,-0.4992684901324466,0.7318130849256905,-0.19778474040119237
49591,1664.448722,465533.090996,5248299.47076,478.341238,-0.42316140648686973,-0.4966461185952793,0.7311152277339384,-0.19936795309138683
49621,1665.447952,465533.00649,5248300.255999,478.360918,-0.4094794608735555,-0.5086374159435046,0.731269335798649,-0.19712866038610272
49651,1666.446993,465532.73725,5248301.010299,478.343194,-0.4166332057859831,-0.502497160787837,0.7310003242232193,-0.19887659797524093
49681,1667.453045,465532.403868,5248301.708105,478.43453,-0.41501884672548095,-0.5043623143471389,0.7302199377847763,-0.20039175429804273
49711,1668.450854,465532.085415,5248302.423743,478.649139,-0.4008210938939841,-0.5180307907130117,0.7279194440643693,-0.2027802591868884
49741,1669.449982,465531.764713,5248303.107301,478.813252,-0.4125014062193987,-0.5077438463600297,0.7284378768764406,-0.20351175858481713
49771,1670.449307,465531.510844,5248303.735494,478.912963,-0.4125379617845131,-0.5093607575016428,0.7256418130761918,-0.20930362614997716
49801,1671.454683,465531.349276,5248304.32212,478.968682,-0.4030360816134869,-0.5173086323922943,0.7259990891913878,-0.207072495187884
49831,1672.451609,465531.164869,5248304.835608,479.015258,-0.4037123244978841,-0.516587436682283,0.7258983671149039,-0.20790704637038998
49861,1673.45676,465530.95382,5248305.312144,479.225025,-0.4012422827943699,-0.51868489178565,0.7258976649884871,-0.20746853615797667
49891,1674.452684,465530.707246,5248305.919126,479.425074,-0.4010616280118452,-0.5184676495466407,0.7264918058356887,-0.20627778107122968
49921,1675.452994,465530.38664,5248306.400333,479.551732,-0.3976953781813848,-0.5218806352010834,0.7253633607936836,-0.20815134780580052
49951,1676.452225,465529.835442,5248306.888224,479.693295,-0.4124176260171125,-0.5059443140705676,0.7304181504406323,-0.2010506859400334
49981,1677.455227,465529.273986,5248307.055393,479.72552,-0.425436010672714,-0.4916528190036867,0.7340177032405455,-0.19621344938125165
50011,1678.455028,465528.686352,5248306.918306,479.788057,-0.415746749378317,-0.4997664661130229,0.7348083045895212,-0.19350678343804184
50041,1679.456933,465527.973713,5248306.845934,479.739807,-0.3543787493296947,-0.5469866899874443,0.7380225545068768,-0.17476833820588025
50071,1680.452876,465527.211205,5248306.720001,479.55274,-0.3469147456846479,-0.5547424079677602,0.7339245218003955,-0.18238918917728658
50101,1681.451798,465526.541899,5248306.607714,479.30905,-0.35177880774284154,-0.5491024455571832,0.7375535993521343,-0.17536494173253936
50131,1682.457739,465525.919279,5248306.492818,479.082438,-0.3606352015781746,-0.544552099293279,0.7341109826014869,-0.18570494813502358
50161,1683.458848,465525.443669,5248306.572189,479.020273,-0.35230912544707915,-0.5513972283856341,0.7333514484407365,-0.18448585237147272
50191,1684.455936,465524.984081,5248306.668029,478.957846,-0.27425321138203973,-0.5973847539712911,0.7392703432919311,-0.1462736862813286
50221,1685.456867,465524.308197,5248306.686061,478.914374,-0.2412628178896974,-0.612157622194669,0.74272645084141,-0.12414796620732158
50251,1686.45589,465523.540754,5248306.555419,478.903434,-0.24050207317960068,-0.6142352565824866,0.7397565880312502,-0.13279304511804763
50281,1687.448779,465522.688417,5248306.290275,478.840824,-0.1456254469827986,-0.6486235609518851,0.7440670768370818,-0.06667001227146085
50311,1688.44654,465521.599649,5248305.874326,478.645926,-0.13520171754215057,-0.6499357647452765,0.7454921184971741,-0.05954408901999064
50341,1689.455356,465520.603095,5248305.539901,478.620495,-0.13694510340395555,-0.6495071593471212,0.7453084143802904,-0.062464838625027407
50371,1690.449347,465519.734825,5248305.498631,478.622816,-0.12546666024026246,-0.6523153439985809,0.7454235005791295,-0.0555573031790087
50401,1691.451437,465519.11223,5248305.565767,478.780615,-0.008311416612257738,-0.6733908227473226,0.7382663020599769,0.03792871519401217
50431,1692.451454,465518.705055,5248305.590236,478.939723,0.131351969932659,-0.672610185865822,0.7100341970132742,0.16184448379870517
50461,1693.457437,465518.322408,5248305.495591,478.980596,0.1705202922272464,-0.6654891975838804,0.7006179724100364,0.19282482872790743
50491,1694.450867,465517.895124,5248305.335564,478.934028,0.17481421666560779,-0.6630012382346785,0.7024006114458589,0.19105687318533296
50521,1695.451647,465517.537592,5248305.119181,478.853434,0.18259462353312159,-0.6586908194617599,0.7041557170209604,0.19222469664507258
50551,1696.453302,465517.140246,5248304.913932,478.812718,0.18306526961938008,-0.6559572354240906,0.7078410777428811,0.18753191998634386
50581,1697.452243,465516.708024,5248304.746419,478.804524,0.1871529780497372,-0.653038430156847,0.709831713949268,0.18615453101453092
50611,1698.449012,465516.206427,5248304.571085,478.805472,0.18685243923538242,-0.6517751868422124,0.7121505243916644,0.1819804999917965
50641,1699.45304,465515.686297,5248304.311395,478.773526,0.1937152073811415,-0.6477522703356494,0.7136087816088403,0.18345005182621085
50671,1700.451493,465515.090174,5248303.99686,478.68457,0.19041739694478185,-0.6449309560973775,0.7191328328987941,0.17508068270100702
50701,1701.451534,465514.561811,5248303.725351,478.537465,0.1973271622707235,-0.6415065905667655,0.7199983639406783,0.1764472760127918
50731,1702.453784,465514.140741,5248303.478753,478.482987,-0.2070568672328919,0.6378702557799775,-0.7194604678473376,-0.18062565080236218
50761,1703.454645,465513.68419,5248303.291193,478.511888,-0.20065850859855763,0.638713312458981,-0.7227560182537908,-0.1714794608476615
50791,1704.450582,465513.206443,5248303.17063,478.604126,-0.19472050898132998,0.6396556980856435,-0.7254604183844475,-0.16319219542025437
50821,1705.446615,465512.735317,5248303.10573,478.6323,-0.19901888024528874,0.6379901546492763,-0.7259581865194893,-0.16231068757736913
50851,1706.453968,465512.472546,5248302.972761,478.53773,-0.20648572756186134,0.6318961259326518,-0.7289079632379871,-0.16359740668117012
50881,1707.459053,465512.31589,5248302.742861,478.337991,-0.1990163481551577,0.6330723219125092,-0.7319017880806079,-0.154698742721776
50911,1708.460295,465512.046973,5248302.358901,478.171039,-0.19725059080561302,0.6340181870478494,-0.7321212777226088,-0.15202492435521753
50941,1709.461242,465511.689557,5248301.973864,477.96607,-0.20974528540840792,0.6312022605783868,-0.7290491707634253,-0.1614866189467148
50971,1710.453908,465511.276405,5248301.584109,477.722347,-0.2201077375316085,0.627770323960643,-0.727990335868295,-0.16579226494451732
51001,1711.459973,465510.750917,5248301.148441,477.679441,-0.22816552321708256,0.6251712744400527,-0.7260941126347966,-0.17288351924681175
51031,1712.462743,465510.043867,5248300.601188,477.794314,-0.25732721090992483,0.6114245965662144,-0.723778714034393,-0.18996589786033075
51061,1713.451596,465509.22359,5248299.825236,477.697562,-0.24212944558952446,0.622096269684057,-0.7208151247853285,-0.18653449735746472
51091,1714.449554,465508.322574,5248298.698399,477.588242,-0.24176571650549478,0.6199949802155582,-0.7237912549925186,-0.18243295213981817
51121,1715.459605,465508.443856,5248298.090476,477.508778,-0.2290604910409862,0.6243616797916299,-0.7278465369325641,-0.16716220543863972
51151,1716.45459,465507.579677,5248297.385539,477.370295,-0.22314715169037924,0.6259300281983148,-0.7296621606099922,-0.16127640827500359
51181,1717.457464,465506.831898,5248296.903282,477.281645,-0.2237702963621648,0.6241052185611076,-0.7318320986221875,-0.1576112624688544
51211,1718.453308,465506.27145,5248296.646071,477.337702,-0.24148732648327356,0.6168904753958966,-0.7298750045314084,-0.1685600494603101
51241,1719.454164,465505.792102,5248296.466418,477.331875,-0.24177862907260245,0.6160061462071175,-0.7310548834694224,-0.16624764574073664
51271,1720.452957,465505.341977,5248296.210703,477.19295,-0.24408018819970057,0.6146073199781507,-0.7315167545502472,-0.16602994238976088
51301,1721.45679,465504.863398,5248295.926425,477.055263,-0.238386981533424,0.6174503742237394,-0.7321733428631974,-0.16077586388160953
51331,1722.452817,465504.359713,5248295.624355,476.944084,-0.24570266023312867,0.6148892876716381,-0.7306525010716597,-0.16639798477973633
51361,1723.453666,465503.778037,5248295.282828,476.858403,-0.2539791353425784,0.6109791593973547,-0.7300126018594597,-0.17111594525093182
51391,1724.452492,465503.133409,5248294.801791,476.858227,-0.25060095378452857,0.6113386857317757,-0.7317823608996812,-0.167208700629239
51421,1725.459615,465502.353088,5248294.308362,476.857511,-0.2416582933396483,0.6149072292090972,-0.7333245037236376,-0.16039183571815502
51451,1726.44953,465501.572318,5248293.847268,476.808479,-0.2537326093683193,0.610200844702929,-0.7314835527673323,-0.16794792079051482
51481,1727.455762,465500.805483,5248293.29767,476.736021,-0.25122950157652457,0.6115081340844986,-0.7316342165986134,-0.1662916491837131
51511,1728.458833,465500.089361,5248292.731828,476.660046,-0.2660734884913985,0.6054124557801465,-0.72920154181461,-0.1759140941581017
51541,1729.458673,465499.410034,5248292.076037,476.551017,-0.2632915837665833,0.6060574569147554,-0.7304942188584207,-0.17248216444064407
51571,1730.457667,465498.734623,5248291.39153,476.463387,-0.25511914042708245,0.6093118975744188,-0.732305173181479,-0.16547618860020805
51601,1731.459692,465498.133376,5248290.924139,476.315982,-0.2578393275684001,0.6089513255710048,-0.7311340571673708,-0.16775027479670818
51631,1732.459615,465497.567014,5248290.608135,476.222984,-0.2588047659507581,0.6091108499158856,-0.730641610213421,-0.16782998260340815
51661,1733.456488,465497.012551,5248290.308389,476.142957,-0.2545173239794507,0.6106601062734839,-0.7317237794152994,-0.16399840559769768
51691,1734.448306,465496.388114,5248289.897494,476.036341,-0.25437547339532385,0.610403092110837,-0.7320970889231964,-0.16350851985941126
51721,1735.458418,465495.705106,5248289.45631,475.931302,-0.24192644974935007,0.6135094924636215,-0.7359818565268937,-0.1529980471507124
51751,1736.45449,465495.180504,5248289.148104,475.829955,-0.2533590774602335,0.6074865251274094,-0.7354837444500315,-0.16072635535868202
51781,1737.461634,465495.032119,5248288.90208,475.633758,-0.2592851297767426,0.6046536178349615,-0.7350879281395907,-0.1637405319986287
51811,1738.459766,465495.060156,5248288.753018,475.328837,-0.2647598930514803,0.6033009132352042,-0.7332616069208182,-0.16810003847958138
51841,1739.456652,465495.100259,5248288.6684,474.976332,-0.2771985365623849,0.5979081432286748,-0.7311110560222267,-0.17647506155424636
51871,1740.456287,465495.114278,5248288.513224,474.574898,-0.2814387479702014,0.5962374989623898,-0.730070140953136,-0.17969603574010098
51901,1741.458322,465494.955935,5248288.231347,474.232876,-0.2967215902193804,0.5900885589673802,-0.7260518425313921,-0.19131260395032432
51931,1742.452226,465494.428804,5248287.939204,473.991013,-0.2832525577897011,0.5970623095242097,-0.7275522307521685,-0.18426160364751054
51961,1743.45832,465493.685031,5248287.770529,473.990667,-0.2805218754758852,0.5990566983585063,-0.7274578294880966,-0.18232842852326858
51991,1744.454155,465493.034257,5248287.834828,474.134602,-0.28053769892660896,0.5958594023987948,-0.7308745743332654,-0.17908804719210802
52021,1745.45703,465492.634917,5248288.13881,474.232821,-0.2717780456937003,0.5980584178055258,-0.7343025299721647,-0.17106319664773662
52051,1746.457222,465492.540442,5248288.449935,474.110154,-0.2820077544108717,0.5919612359287566,-0.7344415877014209,-0.17506877466999196
52081,1747.45916,465492.592137,5248288.491358,473.819012,-0.28309875311529875,0.5913830308830033,-0.7344533056915021,-0.17521286632841987
52111,1748.448778,465492.555731,5248288.330017,473.40043,-0.28701658661727597,0.5915310430342178,-0.7314090864659377,-0.18097859643748135
52141,1749.451856,465492.250902,5248288.002242,473.090722,-0.28889407044419224,0.5908562808432115,-0.7305636442523389,-0.1835914844077908
52171,1750.452022,465491.775239,5248287.62331,472.84951,-0.2978992222936718,0.5869191645462548,-0.7285317223168153,-0.1897985174421732
52201,1751.456921,465491.258805,5248287.230356,472.688146,-0.2949791198928221,0.5886684254411219,-0.7288122502117548,-0.18785501765245702
52231,1752.45164,465490.644439,5248286.827101,472.492416,-0.29607651496287296,0.5882674466057597,-0.7286601583095201,-0.1879746851140457
52261,1753.454808,465490.162016,5248286.326521,472.368223,-0.2920341331437652,0.590592481269879,-0.7292464865690734,-0.1847055710397487
52291,1754.452791,465489.638734,5248285.943108,472.261213,-0.29462781265042093,0.5901092260788243,-0.7279613554861981,-0.18718391551673672
52321,1755.452922,465489.106304,5248285.520404,472.113688,-0.30002939457799965,0.5874246035151562,-0.727107525813527,-0.1903400732361727
52351,1756.449676,465488.509905,5248284.938303,472.003824,-0.29894695317302866,0.5881353412619963,-0.7270280668181915,-0.19015185932775322
52381,1757.45237,465487.755649,5248284.384971,472.011489,-0.2965343916283251,0.5900246271148025,-0.7265860721633588,-0.1897655756924302
52411,1758.458297,465486.950057,5248283.940178,471.973119,-0.3024142789554176,0.5873647810189382,-0.7254280730135145,-0.19313810806350212
52441,1759.459563,465486.16559,5248283.511162,471.926553,-0.3039162827937109,0.5864185098576015,-0.7255030930195215,-0.193373954731113
52471,1760.455416,465485.511591,5248282.959886,471.926156,-0.30085084996190203,0.5875941663704456,-0.7266610867121183,-0.19022493733205875
52501,1761.454008,465484.924133,5248282.33107,471.888164,-0.30258144490961,0.5862958419275497,-0.7271370178429728,-0.18966658170934153
52531,1762.450699,465484.435203,5248281.802484,471.917823,-0.3061487183284628,0.5850076136680904,-0.7260364703752038,-0.19212000911233032
52561,1763.461502,465484.116297,5248281.338195,471.94192,-0.3055132206774847,0.5851036643828131,-0.7266989065329617,-0.19032622825263099
52591,1764.460805,465483.816213,5248280.890781,471.92243,-0.30869379170098915,0.583383208432855,-0.7261616590092441,-0.19251342828176135
52621,1765.460208,465483.392813,5248280.454973,471.938735,-0.306084673106162,0.58608954550535,-0.7255263817312887,-0.1908472869881332
52651,1766.460045,465482.974265,5248280.023972,472.024967,-0.30560663483115985,0.5867764468124441,-0.7251836319993685,-0.19080536180501179
52681,1767.460296,465482.555773,5248279.791317,472.121519,-0.30392747972853673,0.588364493872134,-0.7247284052540711,-0.1903261622434986
52711,1768.456282,465482.127184,5248279.785116,472.164974,-0.30467594161079997,0.5878090144778894,-0.7249999361912186,-0.18981102608867034
52741,1769.456043,465481.852755,5248279.702343,472.114596,-0.3109561908457641,0.5843517750323258,-0.7241541511771454,-0.193494226591314
52771,1770.453652,465481.561661,5248279.564648,472.079455,-0.3173222616313839,0.5809728436967567,-0.7228463639104745,-0.1981672812082085
52801,1771.453326,465481.103706,5248279.300815,471.996375,-0.3155014495708983,0.5822022981160649,-0.722877262212276,-0.19735192718470984
52831,1772.458434,465480.491288,5248278.9132,471.963727,-0.3117844704139184,0.5836043651050995,-0.7240654649570892,-0.1947449395888383
52861,1773.459546,465479.536588,5248280.496973,471.42071,-0.26165713984888805,0.663939737604174,-0.6708911587590694,-0.20155549879651752
52891,1774.455327,465479.618387,5248280.53641,471.802351,-0.2667636049723928,0.6606677877863091,-0.6716691298717291,-0.2030168298960259
52921,1775.455116,465479.783519,5248280.546929,471.862612,-0.2657700521428903,0.6611889426684298,-0.6717605289757478,-0.202319680671933
52951,1776.465206,465479.832774,5248280.528918,471.813706,-0.2676295073059784,0.6594516421396879,-0.6722340118190588,-0.20395933872240796
52981,1777.458226,465479.805327,5248280.286732,471.871079,-0.27267149866429546,0.6566120649071535,-0.6713274333809142,-0.20935693736947308
53011,1778.460106,465479.747931,5248279.889858,471.953376,-0.2749878519595555,0.6544834409165533,-0.6722326348871798,-0.2100866284020419
53041,1779.463092,465479.657705,5248279.506691,471.97589,-0.27781486768663977,0.653164521293565,-0.6712667509261008,-0.21353209715805976
53071,1780.470077,465479.316852,5248279.234013,471.904429,-0.263006500866589,0.6609742539943181,-0.6735634211745907,-0.20063133781677467
53101,1781.463939,465478.661132,5248279.086844,471.921182,-0.24908034648668384,0.6668010174075972,-0.6767113014739295,-0.18814143253341942
53131,1782.473967,465478.126366,5248278.786278,472.01278,-0.23145658825989102,0.6734902491909259,-0.6819754768276627,-0.16657785267411182
53161,1783.452648,465477.808816,5248278.46762,471.976651,-0.20038475440116058,0.6857789324016875,-0.6867528444910541,-0.13387956028099995
53191,1784.458882,465477.607956,5248278.163202,471.883686,-0.25679076717821,0.6599789731679979,-0.679314669974762,-0.1924001975706397
53221,1785.45889,465477.584771,5248277.7451,471.880241,-0.36434539010192335,0.5984190110589993,-0.6530649215525792,-0.2874949254372505
53251,1786.459891,465477.613496,5248277.266804,471.84242,-0.36400501411792896,0.5996482051120051,-0.6515426076829006,-0.2888158759083769
53281,1787.453321,465477.598971,5248276.671353,471.850936,-0.3675115780896674,0.5973353897293449,-0.649817902888994,-0.2930228066753233
53311,1788.462359,465477.494835,5248276.03385,471.854293,-0.36562665853296505,0.5993708274682688,-0.6489267701685314,-0.29319925768777
53341,1789.460301,465477.214799,5248275.442386,471.849206,-0.36041037282339805,0.6028353629767248,-0.6502808380687087,-0.289531897977887
53371,1790.458285,465476.956797,5248274.852008,471.810072,-0.3529920642392593,0.6083123229437466,-0.6518442323467128,-0.2836402952600607
53401,1791.457085,465476.872993,5248274.501214,471.747412,-0.34962742752216336,0.6107611922398392,-0.6532295473637264,-0.2793252341428995
53431,1792.456315,465477.026564,5248274.209547,471.683528,-0.3363738406383847,0.6206968916728755,-0.6546660976169332,-0.2701856928721975
53461,1793.452318,465477.231577,5248273.841278,471.607338,-0.3708668676720261,0.5982235903298234,-0.642671871500514,-0.3025874551564592
53491,1794.460372,465477.321952,5248273.394818,471.51512,-0.42875406374628566,0.5543550123780498,-0.6254869969188829,-0.3429671846660775
53521,1795.451307,465477.294491,5248272.914952,471.494011,-0.5074797829539762,0.48079461333413204,-0.6116487429246859,-0.370387128502759
53551,1796.456245,465477.274374,5248272.394654,471.550279,-0.49594383519722957,-0.49105018237230824,-0.5085815008443556,0.5042363411346792
53581,1797.45316,465477.186791,5248271.973829,471.588964,0.5067414281059922,-0.48113202897609175,0.3961975240777944,0.595611129554405
53611,1798.458219,465477.193653,5248271.781015,471.672028,0.5630651433417172,-0.41436960340708867,0.37310031773215463,0.6099603503786035
53641,1799.458328,465477.277024,5248271.593969,471.707453,0.5575038756896432,-0.4203382027084597,0.3725648639003822,0.6113105970958937
53671,1800.462999,465477.354026,5248271.274488,471.700137,0.5690213122886689,-0.40832493477717974,0.38170415563729765,0.6031479348963326
53701,1801.456024,465477.39909,5248270.836308,471.716041,0.577163084483936,-0.39691220325592685,0.374328620745927,0.6076360427969744
53731,1802.459952,465477.380555,5248270.338288,471.783376,0.5867360203830564,-0.38563600616952926,0.37780702727591525,0.6035623938513768
53761,1803.45695,465477.248047,5248269.99275,471.777655,0.5910958553989377,-0.38024280611142386,0.38030125299702056,0.6011589266571729
53791,1804.4579,465477.114217,5248269.803421,471.762278,0.5958342751200171,-0.37402608481996236,0.38217954906888907,0.599186779510325
53821,1805.45488,465476.942884,5248269.686076,471.718957,0.5998880488217655,-0.36803385405858424,0.3796901360832637,0.6004338529002778
53851,1806.463009,465476.781402,5248269.604334,471.7372,0.5988914189666029,-0.36957750427204134,0.3823670029933966,0.5987796018954438
53881,1807.454394,465476.602557,5248269.564762,471.744778,0.5986491927748168,-0.3705942221397715,0.38654593154030065,0.5957023663846899
53911,1808.45765,465476.49273,5248269.587733,471.780464,0.6001330550533421,-0.367233514441792,0.38135793043412386,0.5996215398049626
53941,1809.454387,465476.428649,5248269.645949,471.796935,0.6042561169661912,-0.36309258403612554,0.3880880334544033,0.593654780841866
53971,1810.455841,465476.415403,5248269.682089,471.800334,0.6083959104360066,-0.356264450942393,0.38324693763845474,0.5967007976785386
54001,1811.455846,465476.482057,5248269.599803,471.71402,0.6117867773082574,-0.35112129902340766,0.379970699132402,0.5983753339533016
54031,1812.465926,465476.569533,5248269.359058,471.570056,0.6161636329573075,-0.3456776472242849,0.38201940430540854,0.5957436666591397
54061,1813.456523,465476.703477,5248268.981781,471.482008,0.6154343692742527,-0.3473758937969331,0.38541804805566543,0.5933156442887255
54091,1814.461614,465476.987879,5248268.431291,471.488138,0.6131773623324803,-0.3516672948236195,0.3916670675132192,0.5890165908529359
54121,1815.457606,465477.422829,5248267.778278,471.483481,0.6167645365137877,-0.34611693289009093,0.3886313076455582,0.5905677623976715
54151,1816.458051,465477.925666,5248267.123992,471.492934,0.617909136015891,-0.34368101540139173,0.38475544538947826,0.593325295705406
54181,1817.454911,465478.418236,5248266.380149,471.500948,0.621191624607011,-0.33915283889320774,0.38487745801641354,0.5924235475566482
54211,1818.460892,465478.810108,5248265.542285,471.550423,0.6211946652480475,-0.33581329366372803,0.371292088528335,0.6029003273032385
54241,1819.451679,465479.223766,5248264.615318,471.627382,0.6191351622739791,-0.33788621618992526,0.3692886773832038,0.605087124719567
54271,1820.461504,465479.567581,5248263.671474,471.635466,0.6168498848778139,-0.34183401439124583,0.3733548032696313,0.602703838553305
54301,1821.456536,465479.827913,5248262.760387,471.623982,0.6187860667771812,-0.3397976086254842,0.3774509179375218,0.5993097640477336
54331,1822.456672,465480.148186,5248261.953607,471.55669,0.617310586084319,-0.3426605425435677,0.38238441783991706,0.5960650550780598
54361,1823.454982,465480.562992,5248261.284029,471.468327,0.6178825443462316,-0.34336326423362645,0.3887506142062206,0.5909279060269044
54391,1824.468243,465480.957827,5248260.591037,471.410912,0.6200874133270402,-0.3402992923987558,0.390054310706644,0.5895300044318791
54421,1825.457897,465481.409762,5248259.758882,471.323579,0.6182405634446576,-0.34566327136735686,0.4010205169951455,0.5809286130740985
54451,1826.458784,465481.818521,5248258.829626,471.26335,0.6162713106892989,-0.3486904295226718,0.4018643139853413,0.5806287360488451
54481,1827.45852,465482.321395,5248257.899547,471.176682,0.6111869715892819,-0.35473457222527677,0.4001372527612996,0.5835272469905001
54511,1828.459354,465483.022273,5248256.99864,471.166748,0.6158725957394995,-0.3465377638004011,0.3930937162428456,0.5882940203059162
54541,1829.456198,465483.839267,5248256.11859,471.175709,0.6215753016427604,-0.3339624056161977,0.37374251373000705,0.6020214194308446
54571,1830.464312,465484.567087,5248255.427614,471.163578,0.6333738702079278,-0.3128940751040477,0.3611638513274335,0.6086834241187689
54601,1831.45729,465485.208642,5248254.93382,471.165265,0.636050027032314,-0.30614153509741965,0.3519943139119914,0.6146687942087304
54631,1832.45687,465485.741487,5248254.635907,471.07113,0.6312609186830671,-0.3156395019205835,0.3614730044314318,0.6092771327056762
54661,1833.4576,465486.154303,5248254.381837,470.840131,0.6279016755541753,-0.3255500394063374,0.37839116171303316,0.5971405081019479
54691,1834.460521,465486.565298,5248253.843177,470.704145,0.6265640217834417,-0.3291230219802538,0.38062237692109124,0.5951656653370413
54721,1835.454402,465487.145351,5248252.787135,470.82284,0.6296418229782321,-0.32253184866687024,0.3690479434428434,0.6027669506474188
54751,1836.458173,465487.59667,5248251.621943,470.914701,0.6340336158647732,-0.31297090483561163,0.3570180890269391,0.6104004184036673
54781,1837.456333,465488.046848,5248250.577933,470.979263,0.6319203260100186,-0.31703988916081854,0.3620038168472193,0.6075488843248192
54811,1838.459239,465488.56427,5248249.722484,470.92844,0.6339148764388831,-0.31268657612903655,0.3572622367066692,0.6105265995528154
54841,1839.457482,465489.116435,5248248.981477,470.863521,0.6344300077137961,-0.3112533831107888,0.3554271900975165,0.6117936002883201
54871,1840.457834,465489.586082,5248248.255062,470.815265,0.6352442494812112,-0.310932016181266,0.35763569343540447,0.6098218884194656
54901,1841.454893,465490.027782,5248247.508357,470.785892,0.6365707702899178,-0.3082921550533775,0.35426163846418063,0.6117452844589153
54931,1842.46387,465490.533517,5248246.616959,470.779655,0.6395249564684591,-0.29991577275477055,0.3394327112785041,0.6211632585891151
54961,1843.45987,465491.025392,5248245.681028,470.765082,0.6368762093900638,-0.3061908130537317,0.34744814728297196,0.616372991673117
54991,1844.455815,465491.54787,5248244.735623,470.702166,0.6384678166864316,-0.30283844494408746,0.3436479654496648,0.6185093363578388
55021,1845.457588,465492.115966,5248243.701062,470.731326,0.635948884325372,-0.30947988482495054,0.3533381717644734,0.612326182510751
55051,1846.463872,465492.586845,5248242.727468,470.799254,0.6364837425405904,-0.3078198700910708,0.35044413448143624,0.6142672721757174
55081,1847.458117,465493.002684,5248241.84656,470.783807,0.6372433264930779,-0.30541734074406224,0.3462030421023816,0.6170775027919252
55111,1848.46239,465493.381406,5248241.01038,470.829325,0.6397802133689997,-0.2995195978444468,0.3382205723042964,0.6217524696844978
55141,1849.458447,465493.772933,5248240.168578,470.937264,0.6386966687080311,-0.301772123969197,0.339648627420767,0.6209983578622186
55171,1850.459373,465494.143319,5248239.308923,470.964813,0.6423542710088938,-0.2932918159638177,0.3297350720784282,0.6266064821295039
55201,1851.458378,465494.558238,5248238.436472,470.960633,0.6428145392124839,-0.2905835449998384,0.32194427556739,0.6314289785730121
55231,1852.453311,465494.994341,5248237.570753,470.986109,0.6431210694957143,-0.2887206882416645,0.31742847093625576,0.6342513854860854
55261,1853.457024,465495.458304,5248236.754757,471.007649,0.6459137198282083,-0.2832502245108671,0.31425399837331186,0.635459834575417
55291,1854.461978,465495.869777,5248236.109457,471.037353,0.6475341206382741,-0.27914125893414604,0.3094277851958646,0.6379922929931512
55321,1855.460029,465496.263623,5248235.412956,470.923105,0.6504921954377446,-0.2717546128403981,0.30084260593475864,0.6422640115473791
55351,1856.463457,465496.671826,5248234.587984,470.871822,0.6527668179019172,-0.2660629902979344,0.29416205989064004,0.6454259439787202
55381,1857.457237,465497.156409,5248233.715161,471.034575,0.6486507284218026,-0.2765116566276728,0.30586841887821703,0.6397171614079337
55411,1858.4579,465497.566301,5248232.952167,471.241796,0.6476615976351339,-0.27853938997506933,0.3082404852956828,0.6387002946654278
55441,1859.459957,465497.898531,5248232.256246,471.30771,0.6466207942310067,-0.2805146871282503,0.3094848003696795,0.6382885061737691
55471,1860.462968,465498.151462,5248231.622803,471.389127,0.643592859194185,-0.28834603956650934,0.3191245930904934,0.6330910575465348
55501,1861.457538,465498.335821,5248230.972545,471.454574,0.6448241516137341,-0.2863230399199081,0.3186570302004356,0.6329918067483097
55531,1862.462585,465498.473537,5248230.303074,471.496773,0.633524203277494,-0.31469876067841596,0.35706185759882203,0.610015248774294
55561,1863.46049,465498.59661,5248229.677662,471.499483,0.6192448994496415,-0.3356125088177041,0.35850852060269106,0.6126758025954344
55591,1864.463235,465498.721446,5248229.187718,471.428312,0.6196553746170907,-0.3353691187636384,0.3597003741731955,0.6116947046587183
55621,1865.45842,465498.88273,5248228.843368,471.337073,0.6188630983594658,-0.3366853005313919,0.3607804654931497,0.6111374064918254
55651,1866.464628,465499.047741,5248228.660252,471.255912,0.6155628889884583,-0.343928790620337,0.3713680042255499,0.6040539066342897
55681,1867.457308,465499.202237,5248228.586681,471.150623,0.6019676053368287,-0.3699376394325802,0.4060994630535697,0.5795380670531459
55711,1868.460403,465499.46205,5248228.487192,471.023638,0.5999855255674881,-0.37148752098605375,0.3998247687363154,0.5849397790936203
55741,1869.463173,465499.810851,5248228.322522,470.921672,0.6006453944004011,-0.3691445722478925,0.3913794258405787,0.5914216262483188
55771,1870.464205,465500.143725,5248228.067635,470.918584,0.5978688860125857,-0.374165321706357,0.3959710268871593,0.5880136503826904
55801,1871.459121,465500.45259,5248227.623574,470.971703,0.6029393819159564,-0.365579122645354,0.38515557980881115,0.595374828291217
55831,1872.471343,465500.884819,5248227.11674,471.046379,0.6004505531683431,-0.3691746719466369,0.3860418400859405,0.5950973806831829
55861,1873.462266,465501.276944,5248226.713106,471.041954,0.6020351934360022,-0.36691070471351767,0.38405970097743514,0.5961780830559175
55891,1874.460301,465501.62998,5248226.317437,471.024466,0.6018738776598357,-0.3677416164707737,0.38667803070929585,0.594133014966309
55921,1875.458167,465501.975925,5248225.866401,471.026723,0.5930366264612494,-0.3799654201774133,0.38843154572386496,0.594184124183263
55951,1876.457423,465502.356629,5248225.384779,471.013074,0.6002440487704371,-0.36838396110617244,0.37499945316039207,0.6028065603863365
55981,1877.455665,465502.737613,5248224.860473,470.977289,0.6032704519750376,-0.3638740557820656,0.3716109731935874,0.604620308875462
56011,1878.461895,465502.990511,5248224.43992,470.895351,0.6054331834143014,-0.3605131030253941,0.36917686056139865,0.6059615570263972
56041,1879.453877,465503.184852,5248224.112749,470.761715,0.6090325997223647,-0.35418822670209005,0.3612381326631792,0.6108494119265941
56071,1880.460929,465503.42993,5248223.66637,470.57103,0.6112003611752814,-0.3506378251128984,0.35846726342518936,0.612363009294126
56101,1881.457671,465503.583903,5248223.130624,470.570179,0.6109401683712676,-0.35165861172900725,0.3603606054076364,0.6109243533675475
56131,1882.459517,465503.719586,5248222.43321,470.640117,0.6071167070584184,-0.3582196496057196,0.3663189688096147,0.6073700681933202
56161,1883.45655,465503.976638,5248221.681239,470.761498,0.6085215649927596,-0.35460264907666333,0.3583375243555918,0.6128235348330553
56191,1884.465898,465504.368687,5248220.904971,470.979969,0.6070163964940953,-0.35746859628155814,0.36332795659993017,0.6097049229034771
56221,1885.458644,465504.710868,5248220.102985,471.090126,0.6058236683813707,-0.3599502093858089,0.3659887957922609,0.6078369279227627
56251,1886.461588,465504.924768,5248219.330904,471.136838,0.6043320976558791,-0.36264451137180387,0.3697812749506299,0.6054200878816605
56281,1887.458795,465505.159766,5248218.576809,471.05969,0.6047584032260738,-0.36159502629264945,0.3667889150071055,0.6074390525112605
56311,1888.461874,465505.399836,5248217.965634,471.060216,0.6034003576660263,-0.36353146642653655,0.3679063769366839,0.606957806684786
56341,1889.457691,465505.665673,5248217.476431,471.131215,0.6053276788746359,-0.3593804776394443,0.3600807748848444,0.6121812713879937
56371,1890.460677,465506.065795,5248216.873457,471.112625,0.6048186192528306,-0.36032203211250297,0.3618264618009129,0.6111007138926022
56401,1891.455534,465506.504658,5248216.182046,471.167518,0.6045274984943307,-0.35995443085805284,0.35867048556131165,0.6134613223806821
56431,1892.4586,465506.890765,5248215.425643,471.250857,0.6056630709125207,-0.3586434132420813,0.3589068116315828,0.6129706740418635
56461,1893.456535,465507.18175,5248214.668953,471.351886,0.608852462680683,-0.35308160959108364,0.35188589048300833,0.6170967312627877
56491,1894.459583,465507.454408,5248213.896384,471.322451,0.6105464824579029,-0.3507502253717939,0.3502961022738521,0.6176567921521338
56521,1895.457454,465507.707253,5248213.120858,471.285406,0.6132107335040102,-0.34585925763372155,0.3441311408802074,0.6212308170889559
56551,1896.461547,465508.084163,5248212.283995,471.309473,0.6148216334791509,-0.34279666982272583,0.3391267205007386,0.624081620949449
56581,1897.456367,465508.645979,5248211.384896,471.377462,0.612701016348523,-0.3468700249721771,0.3437136548214855,0.6214012985426928
56611,1898.46057,465509.259485,5248210.395685,471.409459,0.6093140009688996,-0.35208356535330226,0.34807535009832036,0.6193683571876355
56641,1899.459587,465509.90572,5248209.37171,471.478725,0.6035087792430992,-0.36091016610268467,0.35343754965683943,0.6169302260975756
56671,1900.462895,465510.538187,5248208.302778,471.581597,0.608826700309338,-0.35374520123222414,0.353312597154809,0.6159257993357157
56701,1901.459618,465511.120502,5248207.302425,471.603684,0.6125507349664603,-0.3484561113899995,0.35218117481747874,0.6158963838432484
56731,1902.463591,465511.742994,5248206.471307,471.607002,0.6120813711060126,-0.34856037541087104,0.3502714103381605,0.6173912851167662
56761,1903.458179,465512.418518,5248205.71051,471.515725,0.612436678959944,-0.3473013395273027,0.3467311768026337,0.6197423536116573
56791,1904.45943,465513.038466,5248204.929761,471.453035,0.6133160465894566,-0.3452644906280718,0.34323437048447775,0.6219533948981564
56821,1905.455365,465513.609117,5248204.052058,471.403274,0.6124762929814945,-0.3469405972307354,0.3451193106875966,0.6208040543676768
56851,1906.45922,465514.092447,5248203.075944,471.408415,0.6118158992462681,-0.3481248187354698,0.3449063123095622,0.6209106632510795
56881,1907.461228,465514.592726,5248201.971153,471.442511,0.6145847824683134,-0.34431571970431296,0.34329349420439537,0.6211938563442281
56911,1908.467351,465515.050036,5248200.886057,471.418993,0.6147932226772417,-0.34411904825588674,0.34401461928272603,0.6206974429602197
56941,1909.457238,465515.465941,5248199.942867,471.357588,0.6164297302311245,-0.3408779741027403,0.33989445019490616,0.6231278818874156
56971,1910.461452,465515.874837,5248199.089465,471.269992,0.6166283729142547,-0.34076769652763267,0.3403957922210015,0.6227178585512116
57001,1911.459515,465516.213567,5248198.286446,471.164034,0.6121237308599594,-0.3475959120665909,0.3448761199117005,0.6209203507273129
57031,1912.659648,465516.29737,5248197.488931,471.074893,0.6176196404460144,-0.3383863151415062,0.3357264547657292,0.6255624901084814
57061,1913.664845,465516.200067,5248196.61314,471.04349,0.6256348603373562,-0.32493671832274046,0.3256373891667372,0.6300455867577964
57091,1914.661606,465516.16571,5248195.615013,471.048378,0.6231062788314513,-0.32981575873477686,0.3287099718596475,0.6284185587417472
57121,1915.666494,465516.351007,5248194.500817,471.120213,0.6231405984175004,-0.3294916399082424,0.3274955995827342,0.6291881166141028
57151,1916.66441,465516.734318,5248193.449818,471.077965,0.6193376119347088,-0.3367044365279865,0.3360043264515954,0.6246215954249363
57181,1917.669448,465517.135901,5248192.607951,470.94006,0.617804256885743,-0.3392963131494384,0.34053091382203743,0.6222817760376574
57211,1918.662581,465517.617354,5248191.9544,470.807248,0.6162132708931826,-0.34264981808197054,0.3440336703206057,0.6200912357300743
57241,1919.665566,465518.228972,5248191.19685,470.805492,0.6203306624593561,-0.3348482187169614,0.3359628440124062,0.6246563111647154
57271,1920.694937,465518.892548,5248190.302465,470.918783,0.6265144279717647,-0.32422844250123617,0.32698628333165186,0.6288366712663852
57301,1921.66458,465519.592941,5248189.378179,471.082148,0.6269825541578705,-0.32326864978684877,0.32641875701869055,0.6291590036811314
57331,1922.660786,465520.249738,5248188.558402,471.097092,0.6260981868880034,-0.3238350129578255,0.3258935445623501,0.6300201126716088
57361,1923.665878,465520.867229,5248187.815286,471.053152,0.6285288166168121,-0.31841616060075784,0.3180493918971502,0.6343557831882636
57391,1924.660843,465521.407375,5248187.112985,470.948093,0.6295289159546076,-0.31666589147722957,0.3173230010729136,0.6346039474680467
57421,1925.661876,465521.845671,5248186.414454,470.786072,0.6302471831448282,-0.3154042316517387,0.31712652041890804,0.6346175453303996
57451,1926.660791,465522.342854,5248185.669777,470.648495,0.630557899290782,-0.3105436880660508,0.3021919097014752,0.643924998082313
57481,1927.663874,465522.926699,5248184.785419,470.587555,0.6345663650261864,-0.30438955980354526,0.29967885394167687,0.644100231920669
57511,1928.660586,465523.46241,5248183.908926,470.55113,0.6357611935777632,-0.3037544644287052,0.3027209123955212,0.6417951225107835
57541,1929.667487,465523.955545,5248183.151425,470.557398,0.6382425010514385,-0.30102205455909825,0.30866714617015795,0.6377749018233582
57571,1930.663231,465524.516847,5248182.436879,470.517396,0.6380847560264579,-0.3023025795908601,0.3121028496010456,0.635651481371887
57601,1931.664961,465525.099094,5248181.774027,470.472964,0.6369405298454889,-0.30359255481105796,0.31112733755919153,0.63666168561236
57631,1932.660951,465525.73571,5248181.071901,470.401179,0.6352709187273712,-0.30717137337695716,0.314198164050544,0.6351032364145714
57661,1933.665128,465526.357467,5248180.300431,470.375474,0.6337854686537939,-0.3102711471982891,0.3167512354524987,0.6338110521116401
57691,1934.660975,465527.004226,5248179.479595,470.296032,0.6293937902838641,-0.3176709452962707,0.3205659613946736,0.6326026333029238
57721,1935.662894,465527.660512,5248178.696042,470.269133,0.6325758884552752,-0.31154312483443847,0.31546982086251785,0.6350333997817624
57751,1936.662959,465528.321881,5248177.88034,470.180468,0.6313287237712083,-0.3129661031170423,0.3141087166952166,0.6362483594770476
57781,1937.665029,465528.959757,5248176.898238,470.124674,0.6336845168348723,-0.3079294053041149,0.3075104894908157,0.6395785435159059
57811,1938.659932,465529.462795,5248175.752558,470.054246,0.6393448896502815,-0.2962618624388037,0.29499627169952053,0.6453248954021094
57841,1939.662954,465529.935353,5248174.550994,470.073263,0.639683019472582,-0.29559713602291615,0.29299273101885553,0.6462067992087384
57871,1940.664959,465530.385861,5248173.30247,470.066552,0.6356508630622619,-0.30429161108382563,0.3044475214659782,0.6408325072789569
57901,1941.666525,465530.839193,5248172.144942,470.018822,0.6332893025270673,-0.30624836452030646,0.301628192645255,0.6435658722578249
57931,1942.667603,465531.34263,5248171.068902,469.930991,0.6336267024578495,-0.30376306389668717,0.29513193560197026,0.6474120353625837
57961,1943.669603,465531.865156,5248170.042718,469.815495,0.6355888644261092,-0.29971402901198296,0.29128225638916433,0.649117049031814
57991,1944.663379,465532.385627,5248169.068481,469.641118,0.6359994546052964,-0.29885283862742945,0.2916785718285391,0.6489339606787095
58021,1945.669225,465532.778135,5248168.14269,469.392467,0.6351113950111414,-0.29989751835667194,0.2915518346618803,0.649378566104397
58051,1946.668089,465533.085089,5248167.188443,469.169743,0.6343910250285913,-0.30110926340348326,0.29179633830104323,0.6494121463368915
58081,1947.666878,465533.477782,5248166.169002,469.03109,0.6356305564748007,-0.29732435166595733,0.28449527379262346,0.6531726148359356
58111,1948.665905,465533.955476,5248165.045388,468.916575,0.6361835818204536,-0.2968846148567762,0.28561034604978824,0.6523470747330459
58141,1949.666028,465534.484168,5248163.943698,468.827741,0.6323406425328293,-0.3042467027467908,0.2919123769109759,0.6498972379346281
58171,1950.661059,465535.020497,5248162.88379,468.736591,0.6321891578341148,-0.303121834793978,0.2885314144342311,0.6520764103022797
58201,1951.666107,465535.519235,5248161.905394,468.622927,0.6314375106195714,-0.30462151502917423,0.2906137799431416,0.6511804923913558
58231,1952.666131,465536.032406,5248160.961118,468.456144,0.6301885844503979,-0.30689224640888824,0.2920389279752392,0.6506863773505505
58261,1953.663052,465536.537541,5248160.1063,468.312222,0.6340004417676471,-0.298855289679462,0.2837724245256652,0.654371581555815
58291,1954.667126,465537.049357,5248159.32571,468.101166,0.6335140347684535,-0.3007168416046859,0.2879205325144564,0.6521741453655524
58321,1955.668098,465537.510946,5248158.612755,467.940919,0.6340618717889277,-0.2984775620678804,0.284281290636121,0.6542635825718847
58351,1956.66401,465537.942819,5248157.969844,467.734963,0.634507489188093,-0.29661764153972586,0.2805740327702926,0.6562746627949668
58381,1957.666918,465538.422486,5248157.309271,467.445252,0.6348302696763294,-0.2955639588393187,0.2783928879576846,0.6573658607445998
58411,1958.665675,465538.781692,5248156.522783,467.198142,0.6365831844696871,-0.2942898332859194,0.27963648899521215,0.6557124196607906
58441,1959.67178,465539.164159,5248155.494815,466.963243,0.6380386836354753,-0.29257307703660285,0.28034305063064097,0.6547636266173845
58471,1960.664406,465539.560217,5248154.370271,466.807271,0.642294663794668,-0.2843711725836427,0.27308080434273846,0.6572803628314339
58501,1961.666336,465540.066209,5248153.206548,466.72394,0.6416371599930625,-0.28594078322746214,0.27435497538385595,0.6567107208546442
58531,1962.661877,465540.63971,5248152.078435,466.800376,0.6405289812533991,-0.2878043230703609,0.2761340651817654,0.6562326369837809
58561,1963.664969,465541.131563,5248150.968317,466.980094,0.638916794258511,-0.2922015134968906,0.28230530210808985,0.6532283842012793
58591,1964.661968,465541.385092,5248149.92989,467.136932,0.6414289673692233,-0.28757015381714407,0.27885845995555403,0.6543013417107232
58621,1965.662051,465541.597006,5248148.849711,467.019166,0.6398694944515803,-0.2907753560310679,0.28174121149571585,0.6531757896157904
58651,1966.652891,465541.817584,5248147.835446,466.770935,0.6440160700956306,-0.28148040011707315,0.271904523842161,0.6573279362104428
58681,1967.655885,465542.172544,5248146.851038,466.497132,0.6438118751409985,-0.2824254700174706,0.2739062956365182,0.6562906859947977
58711,1968.66187,465542.64683,5248145.791696,466.293559,0.6450537808571257,-0.2799194531320792,0.27076286435224045,0.6574482419536423
58741,1969.668426,465543.237711,5248144.733748,466.177559,0.6457077141772818,-0.27898434787338117,0.2697537727119504,0.6576185699942507
58771,1972.066182,465543.911895,5248143.693763,466.135473,0.6436088880101362,-0.28338239209493843,0.27351813164969163,0.6562391719363975
58801,1973.068958,465544.584933,5248142.644752,466.062437,0.6455085508967965,-0.2789215820901036,0.26942747581598697,0.657974389348778
58831,1974.074183,465545.22838,5248141.60626,465.987747,0.6469647346708082,-0.27541243804986354,0.2654996920856117,0.659616960487074
58861,1975.071096,465545.903078,5248140.562006,465.863536,0.6469551321491571,-0.27606219562666057,0.2666477191993257,0.6588912770536969
58891,1976.064049,465546.520573,5248139.563624,465.781717,0.6467395538328093,-0.27755986705476204,0.2697870218285708,0.6571936035610451
58921,1977.072282,465547.100655,5248138.498849,465.681637,0.6491232433751711,-0.27212019807136506,0.26349423799849614,0.6596668850664638
58951,1978.075114,465547.715371,5248137.490351,465.64512,0.6525725904008813,-0.26400753007392325,0.25490395187561765,0.6629276081443154
58981,1979.066702,465548.475723,5248136.505407,465.614036,0.6512608575535714,-0.26771797518154056,0.2614488701892949,0.6601748779376749
59011,1980.073582,465549.256424,5248135.500377,465.583408,0.6413409825081889,-0.287376904772449,0.2794324928112175,0.6542275909193579
59041,1981.068579,465549.76718,5248134.526229,465.488922,0.6503935067409792,-0.27177212606282297,0.2721488064406868,0.6550291787679191
59071,1982.077487,465550.155066,5248133.611837,465.330464,0.6565632703943508,-0.2582936012889596,0.25956700790703296,0.659419484022458
59101,1983.073513,465550.579881,5248132.586334,465.230718,0.6578700094725662,-0.25470490951896924,0.25474914073892274,0.6613889438116425
59131,1984.079832,465551.19102,5248131.62155,465.162081,0.6615989143259131,-0.24301768174179494,0.2419564781149329,0.666848067869912
59161,1985.075627,465551.903316,5248130.823334,465.047792,0.6540056441581203,-0.25910893877647595,0.2550258172136151,0.6634010912034879
59191,1986.080842,465552.474818,5248130.074223,464.917774,0.6529926715510018,-0.2609511137704624,0.2552420423508725,0.6635936911538537
59221,1987.073619,465552.919272,5248129.246995,464.80941,0.6522508568334693,-0.2620232883554465,0.2551248164066876,0.663945738876949
59251,1988.072675,465553.318642,5248128.289763,464.627706,0.6550076900971866,-0.25501666226584835,0.24702480172192393,0.66701587328532
59281,1989.063559,465553.718108,5248127.188719,464.520793,0.6527334000792234,-0.26210500822645766,0.2551614317544642,0.6634249896021681
59311,1990.068878,465553.963133,5248125.94366,464.393015,0.6564454869721955,-0.25303295072155685,0.2450289057280172,0.6670940592155725
59341,1991.066937,465554.285244,5248124.735672,464.319586,0.6609666610988322,-0.240219803561005,0.2298353354314196,0.6727505016572641
59371,1992.067097,465555.173493,5248123.654717,464.362143,0.6533092234621302,-0.2574508950549211,0.2464929967643687,0.667942585647037
59401,1993.064979,465556.03565,5248122.663748,464.288836,0.6600583803160213,-0.2438273284255669,0.23708565307733798,0.6698220372549217
59431,1994.070019,465556.869502,5248121.638017,464.209495,0.658195066366611,-0.2488745514971917,0.24159853588458566,0.6681847496659503
59461,1995.067026,465557.599947,5248120.623361,464.156681,0.6589871162976672,-0.24888740238862564,0.24511774905299213,0.6661143524839572
59491,1996.066964,465558.142627,5248119.557125,464.042313,0.6639324191318787,-0.23531531041687576,0.22931020168313276,0.6717419734638753
59521,1997.067791,465558.528979,5248118.481791,463.857501,0.6702363191068857,-0.22018158319391737,0.21633412143464004,0.6749095456988109
59551,1998.073492,465558.772603,5248117.318409,463.674923,0.6740095941551747,-0.21139853254951277,0.20974740193649088,0.6760382790963698
59581,1999.066219,465559.239355,5248116.105672,463.575687,0.665461409018742,-0.23416673330727894,0.23205131862548548,0.66968592611997
59611,2000.068161,465559.747401,5248115.00305,463.471543,0.6465545571590581,-0.27784313624650586,0.2757055030062164,0.6547952900484617
59641,2001.062058,465560.080657,5248114.024389,463.171598,0.6081740192009268,-0.3528711275254981,0.35138466302676885,0.6181708083672652
59671,2002.068928,465560.388829,5248113.059517,462.871298,0.5975883961880935,-0.3678687656519641,0.35478038821701235,0.6178119099982037
59701,2003.067965,465560.75452,5248111.929082,462.70755,0.5840504708186127,-0.3917619272111286,0.383862936557764,0.5983785472939593
59731,2004.069062,465561.135129,5248110.676838,462.553874,0.5748257531188143,-0.40471190843023996,0.39063098290045734,0.5942987968390676
59761,2005.060988,465561.566503,5248109.468541,462.45784,0.5863159661029742,-0.3875181905238637,0.37298626738376034,0.6057594277012752
59791,2006.062077,465562.084162,5248108.350346,462.328215,0.5836412744135318,-0.3912160090235053,0.37446938005430386,0.6050500644462524
59821,2007.064257,465562.628058,5248107.202214,462.229172,0.58558428689337,-0.3885064059633466,0.37005893854744537,0.6076266925260647
59851,2008.063345,465563.1474,5248106.031838,462.151496,0.5817011344949202,-0.3934921619643468,0.36951442066351853,0.6084790888121392
59881,2009.061295,465563.685464,5248104.788439,462.097681,0.5828722411460152,-0.3905426951424581,0.3616534889581647,0.6139569265809072
59911,2010.067341,465564.237726,5248103.426351,462.073389,0.5949311592995892,-0.3771725900057759,0.36893007219644974,0.6063731152284905
59941,2011.071218,465564.908693,5248102.025897,462.079206,0.5926123268884157,-0.3796937563091489,0.36692966834807267,0.6082811027195564
59971,2012.071325,465565.647561,5248100.729432,462.064526,0.5914595010629695,-0.38142032179334057,0.36760413358059846,0.6079156172528102
60001,2013.067386,465566.371378,5248099.664132,462.025921,0.5818476621315332,-0.3929889884947688,0.36775103478845744,0.609731194384826
60031,2014.06733,465567.072321,5248098.709883,461.90972,0.5763757105755718,-0.40027688158128033,0.3711284011406607,0.6081391026704721
60061,2015.068197,465567.770957,5248097.769593,461.730425,0.5638167528876461,-0.4177081808393528,0.38366255153783124,0.6003612174104777
60091,2016.073178,465568.358281,5248096.762999,461.601553,0.5772218741623609,-0.40008878329095915,0.3742940177305447,0.6055145429833853
60121,2017.074137,465568.782273,5248095.734982,461.556867,0.5746828216467045,-0.403685660542996,0.3767674467020716,0.6040064843043892
60151,2018.076145,465569.254559,5248094.807829,461.421818,0.574596507253435,-0.40342393834381357,0.37416658869925956,0.6058773338923312
60181,2019.061992,465569.705308,5248093.987849,461.234979,0.5726219944106602,-0.4057511753745659,0.37463332742563793,0.605904204624222
60211,2020.067953,465570.222721,5248093.175486,461.094505,0.5737944419173886,-0.4019848831170365,0.35876389465180436,0.6168116082438495
60241,2021.067084,465570.818139,5248092.313789,461.052611,0.5722516573904112,-0.4045055018186401,0.36217357720286825,0.6146003901629544
60271,2022.067991,465571.387989,5248091.435743,461.09552,0.5651188988581479,-0.4131135902643919,0.36385153398202014,0.6144834032837251
60301,2023.063912,465571.996018,5248090.549148,461.171658,0.5531568979038183,-0.42871778550179246,0.3740553318306773,0.6085237180463106
60331,2024.074227,465572.487455,5248089.703569,461.264773,0.5584279661954155,-0.42365307313875267,0.3785221852281929,0.6044809637044133
60361,2025.077324,465572.899152,5248089.022523,461.291717,0.571809738965026,-0.4080867633928305,0.37894679711895957,0.6024102762416947
60391,2026.080278,465573.268883,5248088.467231,461.160006,0.5708835062420381,-0.4093357965611538,0.378683578318326,0.6026068166445437
60421,2027.074442,465573.558989,5248088.026418,461.140133,0.5934609588425769,-0.3802537866576296,0.3675781968695428,0.6067103240001104
60451,2028.078452,465573.890635,5248087.422237,461.095469,0.5903844396330317,-0.38378788891877885,0.36797604818983115,0.6072451710117199
60481,2029.074337,465574.247659,5248086.790204,460.957515,0.5929476828537895,-0.380416290754398,0.3647044502858592,0.6088408290092546
60511,2030.081428,465574.871879,5248086.059773,460.914306,0.57976762832772,-0.396067168286539,0.3651919740051823,0.6112569978911746
60541,2031.07617,465575.52186,5248085.171686,460.999706,0.5861397829407149,-0.38836690761790965,0.36121046752515273,0.6124853451893965
60571,2032.069984,465576.190951,5248084.246366,461.136266,0.5854623833877831,-0.38939447410818,0.36267383318221896,0.6116154281056246
60601,2033.068907,465576.832983,5248083.283498,461.247931,0.5853166114591923,-0.3915943149878872,0.37193195728768624,0.6047519954222944
60631,2034.070904,465577.395056,5248082.179053,461.288464,0.5873150314604431,-0.3917905921177191,0.3857835419727827,0.5939126572919624
60661,2035.068835,465577.837137,5248081.240172,461.240098,0.5932620612056073,-0.38189751413893774,0.3720477421282747,0.6031375407034678
60691,2036.06988,465578.174475,5248080.597853,461.049197,0.5986686775568765,-0.3736492324706429,0.36505272593450094,0.6072220128373066
60721,2037.067808,465578.515835,5248079.938344,460.743461,0.5723845727815203,-0.4099554192710524,0.3909096728849293,0.5928761107491257
60751,2038.0718,465578.779628,5248079.211956,460.452525,0.5433832948131475,-0.45119880996274664,0.44724478079489827,0.5487497925812204
60781,2039.071444,465578.959817,5248078.278256,460.268971,0.5454608001271908,-0.4491068274527144,0.44814982718526386,0.5476653224860789
60811,2040.076484,465579.086977,5248077.144236,460.197552,0.552640630863388,-0.44105360504162955,0.4461029461163878,0.5486822505466875
60841,2041.069436,465579.078373,5248075.82503,460.25677,0.5442835342209859,-0.4510886944712018,0.4533731747122724,0.5428878231711365
60871,2042.079604,465579.061835,5248074.469033,460.370301,0.5326799525832264,-0.4628110689878958,0.4440867773240611,0.5521276272241253
60901,2043.075577,465579.010144,5248073.162087,460.333263,0.5395082504766456,-0.45525289567955546,0.441352065401344,0.5539711210965572
60931,2044.073642,465579.241745,5248071.970408,460.300278,0.5476724569481204,-0.4460778903863019,0.44089873827234155,0.553784884407992
60961,2045.075838,465579.734038,5248070.971017,460.436165,0.5380241158487189,-0.4562905681512726,0.43943425660875535,0.5560813810047083
60991,2046.076016,465580.245644,5248070.099928,460.495073,0.5498634528520869,-0.444717111950682,0.4527904073638205,0.5430080299177266
61021,2047.069903,465580.741221,5248069.269598,460.628922,0.5418995114241111,-0.45318448220582874,0.4480850855505034,0.547894607304491
61051,2048.076904,465581.154754,5248068.250906,460.67064,0.547728205302512,-0.44686312812528944,0.4488492898632153,0.5466639487175442
61081,2049.068978,465581.475551,5248067.307781,460.649572,0.5495770941948278,-0.4448161769450817,0.4494386738142029,0.5459930995392354
61111,2050.074564,465581.7382,5248066.457696,460.543748,0.5486702315235038,-0.44527196034292255,0.44428522633541057,0.5507308744136364
61141,2051.0744,465582.034188,5248065.658734,460.330142,0.5530707055499514,-0.4406024594977869,0.44527322010448805,0.5492850141818544
61171,2052.078363,465582.256309,5248064.728063,460.151186,0.5488797860600998,-0.4447147472519499,0.43909204104797267,0.5551197650233494
61201,2053.071458,465582.512546,5248063.682826,460.160673,0.5483407432908838,-0.4447346173809566,0.43278243011345857,0.5605648201013907
61231,2054.075485,465582.753941,5248062.506167,460.362762,0.5406816859879422,-0.4531125927592669,0.43254818243962634,0.5614751664930399
61261,2055.076239,465583.046,5248061.245636,460.526684,0.5400491108691516,-0.4539293099538465,0.43343768430194135,0.5607378293295666
61291,2056.080119,465583.326144,5248059.949765,460.707154,0.5363162987606658,-0.4567886716149212,0.42319356994787716,0.5697509451705255
61321,2057.074985,465583.53629,5248058.58055,460.831445,0.5424542264191693,-0.4502835230650333,0.4241131229268943,0.5684331271638899
61351,2058.071893,465583.726649,5248057.318788,460.972882,0.5442133666192303,-0.4481391476464082,0.4227848960577526,0.5694348493068802
61381,2059.071017,465583.825382,5248056.276902,461.09764,0.5445578918468902,-0.4474601008446237,0.42115631017366123,0.5708445698964792
61411,2060.07385,465584.011763,5248055.221952,460.996056,0.5420066009814906,-0.4500635640690714,0.41880321033998413,0.5729533172945763
61441,2061.069886,465584.165736,5248054.106244,460.904674,0.5460910665644901,-0.44591121576814086,0.41995779628723817,0.5714745698700884
61471,2062.076889,465584.365192,5248052.895255,460.852336,0.5501420360159046,-0.44039757453429745,0.4113327740650725,0.5780995290886468
61501,2063.069921,465584.661902,5248051.603015,460.913222,0.551098413781463,-0.43901461810655085,0.4099397079750112,0.5792289178223728
61531,2064.070886,465585.093246,5248050.274336,461.085903,0.5473406534336518,-0.4429521045016739,0.40822536804448595,0.5810023159173336
61561,2065.06597,465585.373994,5248049.033585,461.248458,0.5619620092421201,-0.4275976732682139,0.41586859135174775,0.573072634760448
61591,2066.071934,465585.517548,5248047.90735,461.305986,0.5590699796736895,-0.43136034309025584,0.4201284269405919,0.5699658911839732
61621,2067.071109,465585.458839,5248046.809216,461.292497,0.5630019673201058,-0.42717124887628066,0.4222291673636851,0.5676936138046106
61651,2068.076105,465585.351345,5248045.737047,461.308085,0.560216409416515,-0.4302403820916394,0.4216995628861455,0.5685246405387737
61681,2069.07802,465585.318618,5248044.622672,461.29231,0.5590243683088435,-0.4314802200649914,0.42135252378446325,0.5690154883920371
61711,2070.075913,465585.322186,5248043.485682,461.29475,0.5633068551208905,-0.4262118354770209,0.4189312515545869,0.5705483894850887
61741,2071.069663,465585.488652,5248042.231126,461.357668,0.5656761312300006,-0.42284949338638345,0.41314864170616633,0.5749060969896632
61771,2072.078838,465585.709342,5248040.852672,461.502907,0.5612230136667886,-0.42761514705790815,0.4109024720825822,0.5773501306606191
61801,2073.078895,465585.982716,5248039.40688,461.668547,0.5634240190115235,-0.42536399570608674,0.4137621089038331,0.5748215055069766
61831,2074.076615,465586.291504,5248037.979506,461.857279,0.5641830970612188,-0.4236342429538028,0.40875149516132714,0.5789245860997351
61861,2075.071285,465586.650081,5248036.639434,462.011715,0.5631853906139691,-0.4241094621720582,0.4057114119422846,0.5816800066315813
61891,2076.070118,465587.005058,5248035.364398,462.183192,0.5602902552562378,-0.4278486797918553,0.40918272966062136,0.5793011572686086
61921,2077.069197,465587.42061,5248034.06471,462.370282,0.5625193432927813,-0.42551416805158215,0.4105366227552489,0.5779008241779401
61951,2078.073203,465587.876665,5248032.734369,462.533611,0.5698486275804595,-0.4165988675955904,0.40634367757841333,0.5801747502733888
61981,2079.068168,465588.290828,5248031.341426,462.651217,0.5677386434872773,-0.41943298534015466,0.40936727763688024,0.5780719985434697
62011,2080.070108,465588.506792,5248030.034999,462.693674,0.5652607317224546,-0.42219028785566853,0.40859577507879213,0.5790381322509804
62041,2081.070886,465588.5927,5248028.942585,462.689796,0.5720979534981087,-0.41380859790151214,0.40614948867800066,0.5800939309738201
62071,2082.071606,465588.64858,5248027.828828,462.736508,0.5617165288829623,-0.4251526824106551,0.40110761452397437,0.5855189317089478
62101,2083.068578,465588.645885,5248026.659856,462.794829,0.5631875619441696,-0.42307600385952715,0.39927186655231833,0.5868632222327984
62131,2084.070529,465588.620773,5248025.72819,462.784935,0.5419729196953676,-0.4481690561181074,0.4114813583463366,0.5797352354209091
62161,2085.068304,465588.648255,5248025.02651,462.720992,0.5459272261828856,-0.4427021313763347,0.40500331824389413,0.5847654220271117
62191,2086.073243,465588.867356,5248024.430786,462.681166,0.5496484648951045,-0.4371767442101811,0.39691597399581335,0.5909490409055551
62221,2087.071228,465589.23788,5248023.86199,462.639534,0.5488323555768106,-0.43787867928519364,0.3939363168614569,0.5931774489620233
62251,2088.069958,465589.576309,5248023.146234,462.614903,0.5526610236224737,-0.43400371801204496,0.39480928341496846,0.5918886681206524
62281,2089.064989,465589.833769,5248022.207336,462.642835,0.5645713311044275,-0.4189723293853694,0.3844306705448709,0.5982762395823464
62311,2090.072303,465590.010904,5248021.097096,462.640221,0.5651190556849077,-0.4194513322531462,0.38985974498346865,0.5938942767987276
62341,2091.069248,465590.12165,5248019.90684,462.61853,0.5632756374272496,-0.42233419679009154,0.3941219111286912,0.5907810945442161
62371,2092.072465,465590.222188,5248018.734912,462.624017,0.5725040813223529,-0.41092824212295315,0.3890933485792806,0.5932819083592139
62401,2093.060242,465590.280381,5248017.627637,462.623077,0.5673914674635193,-0.41879843779351156,0.4019435576880649,0.5840515110710435
62431,2094.066202,465590.234001,5248016.462013,462.704911,0.5699287459052507,-0.41534276091220224,0.40022642823849164,0.5852268121746961
62461,2095.066173,465590.095536,5248015.451457,462.749441,0.575651480183562,-0.4081139900534302,0.3971953421889691,0.5867744069304066
62491,2096.071201,465589.993484,5248014.547814,462.747505,0.5757131181584485,-0.4078504269824747,0.39684007513010067,0.5871374537203581
62521,2097.069143,465590.013591,5248013.680751,462.760551,0.5826353470650286,-0.3987199190604241,0.3905628891220297,0.5907783917303642
62551,2098.067988,465590.201102,5248012.684517,462.807689,0.575808076697068,-0.4069923723524976,0.39206286114200983,0.5908375246803903
62581,2099.070074,465590.45813,5248011.495674,462.948197,0.580186364833173,-0.4024242651899404,0.394573104251409,0.5880055767162516
62611,2100.07703,465590.771863,5248010.162289,463.050872,0.5822395179566404,-0.4004484686394633,0.3968977517350927,0.5857562141040898
62641,2101.070671,465591.095146,5248008.910314,463.107463,0.5805875722128124,-0.402546921440721,0.3989331493656963,0.5845736817269465
62671,2102.075535,465591.559161,5248007.712284,463.096526,0.5868897012498683,-0.39404983070985167,0.39346606228347053,0.5877666776158015
62701,2103.075244,465591.980148,5248006.571956,463.096816,0.588535028062931,-0.39131217113678674,0.38971468864650605,0.590443703426784
62731,2104.077293,465592.416735,5248005.617086,463.081569,0.6001747161472775,-0.3760812864105328,0.3860500421471173,0.5910317597790686
62761,2105.071004,465592.894785,5248004.862793,463.07966,0.5965933964299065,-0.38242745593574995,0.3993758954849447,0.5816566464748227
62791,2106.078968,465593.433173,5248004.079835,463.067439,0.591495511930123,-0.3900424051850797,0.4072353720131639,0.5763326585447502
62821,2107.070889,465594.030037,5248002.940111,463.180741,0.5964870711164115,-0.3844614278329068,0.40845758976657415,0.5740687954084673
62851,2108.070676,465594.536893,5248001.436175,463.405657,0.5992149403982642,-0.3810704131954619,0.40592089628311506,0.5752869035109849
62881,2109.071425,465594.808687,5247999.83282,463.656708,0.6024724406863888,-0.37571999327881705,0.3979954320602221,0.5809140047572865
62911,2110.06907,465594.955621,5247998.342234,463.706849,0.6016927204602126,-0.3759492000112946,0.3949862608942339,0.583621386569108
62941,2111.071031,465594.990219,5247997.118858,463.777586,0.6002102026035653,-0.37752720251633903,0.39507028158107826,0.5840722529466897
62971,2112.077138,465595.043191,5247996.050956,463.74471,0.6020683899984794,-0.37384620681260167,0.3883137991407247,0.5890374018798512
63001,2113.073938,465595.060172,5247995.133481,463.655307,0.6007653798785595,-0.37635513829089645,0.3946490141225835,0.5845424910761264
63031,2114.071617,465595.021832,5247994.380926,463.734063,0.5960736152844328,-0.3822721414486368,0.39599058862577136,0.5845987587686399
63061,2115.072676,465595.163224,5247993.621673,463.842252,0.5958738377033034,-0.3819199464464352,0.391958388380012,0.5877415638064343
63091,2116.078586,465595.411927,5247992.703881,463.806245,0.5913399145854232,-0.3896247156263433,0.4043652485183153,0.5787904907493875
63121,2117.074205,465595.574964,5247991.693051,463.842882,0.5854114878843774,-0.39762358010990023,0.4091640953716918,0.5759979352847112
63151,2118.075132,465595.630819,5247990.691059,463.952857,0.5960394273449714,-0.38360142935556885,0.4014769866399508,0.5800027358945365
63181,2119.069025,465595.673919,5247989.779412,464.058637,0.5996840603214233,-0.3800502621504779,0.40902972191128717,0.5732674006333689
63211,2120.071899,465595.618755,5247989.182428,464.054911,0.6126803868151941,-0.3584222561000897,0.3822110069678156,0.5916679610193156
63241,2121.070626,465595.657433,5247988.725776,463.997877,0.612889645022573,-0.35890524073579166,0.38633248586520863,0.5884730423406804
63271,2122.074593,465595.713876,5247988.224268,463.974684,0.618190252989817,-0.3499037699534988,0.374354185351625,0.5960428732821457
63301,2123.067304,465595.729064,5247987.683353,463.84952,0.6147327221823572,-0.35610152052110533,0.3819071328319091,0.5911364726126584
63331,2124.072401,465595.661488,5247987.058704,463.853989,0.6117722535761766,-0.36112944911091943,0.3879804782130332,0.5871893896050544
63361,2125.073522,465595.713431,5247986.366222,463.843051,0.6079580839854077,-0.3667611223142409,0.3917684527433786,0.5851416296168385
63391,2126.076641,465595.764511,5247985.646269,463.82834,0.6029284635533166,-0.3743920363471047,0.4005810982621666,0.5795193307148448
63421,2127.072623,465595.7866,5247985.0683,463.788419,0.605924610466678,-0.36936534631882695,0.3937095613312554,0.5843093262013946
63451,2128.08081,465595.782645,5247984.757015,463.714228,0.6127865768910106,-0.3569707109823458,0.37570352804618734,0.5965830886780179
63481,2129.077443,465595.80201,5247984.571804,463.596892,0.610864595103826,-0.3603711437656155,0.3804809902129453,0.593473926366001
63511,2130.077291,465595.860618,5247984.235009,463.518584,0.6068227141076947,-0.3662658448613972,0.3829353608079834,0.5924323032835037
63541,2131.066977,465595.980628,5247983.652761,463.53013,0.6016407615844046,-0.37388417800209317,0.38770652608866996,0.5898496970144957
63571,2132.077979,465596.111376,5247982.892162,463.5549,0.5983502799386449,-0.3778254606840343,0.3847571626675553,0.5926101497040486
63601,2133.071907,465596.092654,5247982.132453,463.555995,0.6094813967690463,-0.36034058547358766,0.36779952509152075,0.6028354657744155
63631,2134.077918,465596.010151,5247981.459393,463.414941,0.6206810535124601,-0.3418892496940768,0.35056229036209524,0.6123502684986478
63661,2135.07392,465595.897404,5247980.895458,463.146273,0.6300880179472245,-0.3250318610017449,0.3326055504130288,0.6218656822880057
63691,2136.072697,465595.853058,5247980.251855,463.03403,0.6304249126797393,-0.3233279869988993,0.3279423687992102,0.6248817848540198
63721,2137.069571,465596.086672,5247979.377759,463.191234,0.627576314718218,-0.32842480387681944,0.33298236142594184,0.6224209703909215
63751,2138.076681,465596.496004,5247978.328789,463.423815,0.6115218777752628,-0.3552389253260627,0.3592748983662413,0.608907091713775
63781,2139.069561,465597.065943,5247977.399876,463.631902,0.6046308934391293,-0.3658507134525562,0.36923142500005984,0.6035253871691569
63811,2140.079566,465597.557382,5247976.500275,463.899429,0.6081499701405737,-0.3619228463100063,0.3708876487254545,0.6013383566344215
63841,2141.077342,465598.055587,5247975.636535,464.214267,0.6135172237057064,-0.3520353485714113,0.3588375991352799,0.6090183141905301
63871,2142.079448,465598.527615,5247974.807007,464.366556,0.6195072914191759,-0.3405639268637275,0.34308116430471164,0.6184838254125629
63901,2143.070257,465598.915113,5247973.913472,464.466491,0.6174222635646084,-0.34746140076219434,0.36070468394137084,0.6065908459727074
63931,2144.072354,465599.352692,5247972.923318,464.684058,0.6010199314944519,-0.37289429282005637,0.3826950982366633,0.5943646608894788
63961,2145.069155,465599.665574,5247971.976405,464.821257,0.5748921085001791,-0.4127150790154574,0.4335980197429016,0.557815457308703
63991,2146.069065,465599.799488,5247971.325047,464.83077,0.5464901354279215,-0.4495830590406196,0.4816356139893715,0.516962996974379
64021,2147.068128,465599.815436,5247970.919917,464.822473,0.5555515029645836,-0.43997277671821894,0.49763382384819443,0.5001470390423969
64051,2148.071903,465599.767301,5247970.569352,464.708959,0.5596062416765867,-0.4354990120506609,0.5020002057893417,0.49515377224349466
64081,2149.068795,465599.653997,5247970.094556,464.617815,0.5632582632381079,-0.4313850375320958,0.5020507690085767,0.49456253762827546
64111,2150.068928,465599.552463,5247969.41492,464.573005,0.565708208956145,-0.4286078517275207,0.5084027874591872,0.48764345321236346
64141,2151.069894,465599.489407,5247968.540437,464.575111,0.5583982228150598,-0.43713981595952217,0.5071160672747597,0.4898300729555499
64171,2152.07289,465599.435088,5247967.67376,464.539648,0.5550360199036555,-0.44093215498317195,0.49091778645480677,0.5064716954122095
64201,2153.071888,465599.35403,5247966.878564,464.467819,0.5467093335058266,-0.4501560388354056,0.48762947909114335,0.5105741243726827
64231,2154.072686,465599.311705,5247966.171647,464.317434,0.5453630317999842,-0.4512904750560457,0.4771579520918886,0.5208035708643836
64261,2155.070642,465599.29177,5247965.494856,464.208139,0.5521039098300148,-0.4420108425629911,0.4494471106544016,0.5457151111446116
64291,2156.073449,465599.41622,5247964.662832,464.167031,0.5508300296666271,-0.44279312764821943,0.441543764765591,0.5527744823357885
64321,2157.072812,465599.6503,5247963.594151,464.296615,0.5328260871483264,-0.4620529634328055,0.4372013361045117,0.558084591747162
64351,2158.07369,465599.965774,5247962.265947,464.519944,0.5117249007850986,-0.4837547087792381,0.43365802539134596,0.5621918930970763
64381,2159.071784,465600.229174,5247960.957227,464.678521,0.5112994498776593,-0.4845676177200425,0.43663788171156526,0.5595663112325142
64411,2160.077538,465600.298679,5247959.788126,464.725708,0.5075720739078654,-0.488442049740412,0.4372073073847593,0.559146424654242
64441,2161.074474,465600.226361,5247958.854631,464.708098,0.487498359098549,-0.5072326852804238,0.4272266060751706,0.5679240969715263
64471,2162.074382,465600.148827,5247958.104373,464.52336,0.4803712357499724,-0.5138146700368023,0.4243630765936031,0.570222710827119
64501,2163.07034,465600.15655,5247957.469001,464.286456,0.48752354368283857,-0.5072478511508456,0.4273954009881501,0.5677619070278977
64531,2164.07426,465600.342044,5247956.732405,464.138925,0.476561271852684,-0.5168373934109102,0.4190978538183536,0.5745654461131633
64561,2165.072242,465600.711645,5247955.937426,464.135354,0.5040603295576667,-0.4896997155220534,0.4174789389303515,0.5760457519446038
64591,2166.075142,465601.244638,5247955.124379,464.262801,0.5208753950627922,-0.4739062160373547,0.4276817750225863,0.5667362883501161
64621,2167.073329,465601.812893,5247954.182476,464.4455,0.5175452107642734,-0.47658663527636574,0.4210772472659085,0.5724561867303744
64651,2168.073136,465602.236359,5247953.184514,464.623856,0.5153227275476153,-0.4789314336851162,0.4216500332559087,0.5720825270505089
64681,2169.072969,465602.552394,5247952.15921,464.777315,0.5101410515304583,-0.48382932071907464,0.4182809947235728,0.5750706960096086
64711,2170.074599,465602.794481,5247951.095699,464.939602,0.5120795180944082,-0.4820794594618438,0.41960369942348946,0.5738525048680168
64741,2171.073689,465602.997379,5247950.044801,465.129058,0.5201954071477818,-0.4734642835630617,0.41759166451384705,0.575191717865465
64771,2172.075214,465603.058585,5247948.975719,465.314168,0.5284566313844912,-0.4649873674482084,0.41871550870190305,0.5737574920049825
64801,2173.076256,465602.974999,5247947.817014,465.467508,0.5274037515961496,-0.46685221114853165,0.4242022422046579,0.5691632045877302
64831,2174.079215,465602.819934,5247946.640259,465.546529,0.5285685229453545,-0.4662061102194883,0.42901640067762625,0.5649885904113418
64861,2175.072969,465602.514829,5247945.667648,465.620785,0.536588546555952,-0.4576274867574964,0.4288877359818691,0.5645397461590592
64891,2176.073066,465602.176215,5247944.806148,465.724968,0.5403905751275773,-0.4536238654896783,0.42995504320140027,0.5633312309797589
64921,2177.074943,465602.008772,5247944.073013,465.781904,0.5250798254780467,-0.46921631897167726,0.42460039520119464,0.5690709334358965
64951,2178.077804,465601.909708,5247943.47912,465.808434,0.5299272983476696,-0.46469588724431476,0.4311379712507848,0.5633425606058152
64981,2179.076557,465601.908476,5247943.025897,465.655011,0.5251737709078454,-0.4709992178421609,0.4455521579349863,0.5512127735294092
65011,2180.076692,465602.076216,5247942.686283,465.465397,0.5043049866175029,-0.4906509718794634,0.42847052810032704,0.5668783915584411
65041,2181.072916,465602.361231,5247942.284434,465.32336,0.4961477467645046,-0.4994336855215249,0.43296986367759177,0.5629746924097913
65071,2182.076952,465602.696209,5247941.558689,465.207605,0.5160181611933207,-0.4798793503957031,0.43615895894987594,0.55964848691855
65101,2183.077621,465602.872185,5247940.776663,465.205241,0.5378096451727431,-0.45686112462140666,0.43404882782124,0.5600359929824504
65131,2184.076304,465602.89234,5247940.042884,465.192231,0.5500428173133822,-0.4430199952246146,0.4290137492838957,0.5631459720876236
65161,2185.072217,465603.090799,5247939.362141,464.978923,0.5348808675446988,-0.45954771007637285,0.43021219357244356,0.5635918986285898
65191,2186.079298,465603.313871,5247938.566007,464.879414,0.5440940651514096,-0.44973158268626395,0.4306290434873297,0.5623715664102423
65221,2187.077975,465603.611746,5247937.718833,464.828507,0.5426717755451426,-0.4513260536719058,0.42993344831930125,0.5630003262165141
65251,2188.072896,465603.979469,5247936.702638,464.976069,0.5612491347301719,-0.43044947704163194,0.4248745425247024,0.5649728131455918
65281,2189.072785,465604.23241,5247935.560409,465.128945,0.5620243897858049,-0.42934004661842473,0.42282122651500403,0.5665844333053371
65311,2190.074915,465604.548243,5247934.411374,465.334528,0.558841206106631,-0.4335406770190132,0.4276807320975451,0.5628749231576136
65341,2191.072915,465604.819268,5247933.155112,465.558907,0.5537707783902499,-0.4399265543770516,0.4359395354181905,0.5565602152636893
65371,2192.075456,465605.135929,5247931.91141,465.595971,0.5437156087270175,-0.4516379886790454,0.4444248141196245,0.5503481158351431
65401,2193.071979,465605.327972,5247930.81905,465.482427,0.5244751888416321,-0.47277691367803115,0.45228029032047024,0.5448397059413356
65431,2194.074067,465605.435574,5247929.959805,465.475486,0.5153267137576524,-0.482298018203153,0.45391019078714356,0.5438681259502421
65461,2195.075245,465605.763524,5247929.330877,465.268052,0.5353508339209494,-0.4608174625175492,0.4481097206887064,0.5479456442780802
65491,2196.079475,465606.004128,5247928.583588,465.066952,0.5477011026087044,-0.4460105506533517,0.43334940658273324,0.5597377803235157
65521,2197.073543,465606.141158,5247928.016738,464.972592,0.5646434602222792,-0.4238362681525344,0.40651231456789944,0.5799037150522434
65551,2198.075664,465606.19244,5247927.648748,464.811342,0.5727322889852335,-0.4144673992308374,0.4073818991640048,0.5781301655873782
65581,2199.079516,465606.316366,5247927.232784,464.693362,0.5642302916517757,-0.42335650493811094,0.39972203731586,0.5853509550630268
65611,2200.081546,465606.39844,5247926.453974,464.518231,0.5566979137824309,-0.4321909035178452,0.4012763465647305,0.5850433739428044
65641,2201.072304,465606.552089,5247925.706586,464.485866,0.5566730833219693,-0.4317753024091369,0.3994351070542484,0.586631708814714
65671,2202.079448,465606.75524,5247924.814694,464.626857,0.5511432744792698,-0.43826955003510826,0.4014926440868307,0.5856317522577283
65701,2203.071789,465606.937551,5247923.90479,464.919652,0.5534959882302627,-0.4349047844337719,0.3970815347829153,0.5889195821366989
65731,2204.074692,465607.079878,5247922.997974,465.189375,0.5559891331760435,-0.4319715627241886,0.3959730372200664,0.5894760441124728
65761,2205.074475,465607.1228,5247922.044023,465.341269,0.5497194837350644,-0.4395399424583609,0.4010189220523375,0.5863420097023035
65791,2206.075536,465607.11189,5247921.155131,465.540845,0.5515511629436413,-0.4380490106513826,0.4058987975064593,0.5823663323936851
65821,2207.06958,465607.038022,5247920.205987,465.639644,0.5519395598301075,-0.43782290176488714,0.4072840620355623,0.5812000703686585
65851,2208.075588,465606.886156,5247919.254679,465.789669,0.5508465583628743,-0.43859819375364384,0.4051968338852397,0.5831082398536273
65881,2209.073618,465606.756092,5247918.407675,465.829015,0.54141115562182,-0.4482024514001019,0.40185171854930396,0.5869443921072556
65911,2210.073566,465606.651604,5247917.64054,465.877208,0.5420956230593927,-0.4465770135856106,0.3965461254505681,0.5911450556225166
65941,2211.071796,465606.590951,5247916.931427,465.853521,0.5404248591787041,-0.4479438325353997,0.3942547860275213,0.5931698392278294
65971,2212.0809,465606.551691,5247916.209214,465.865923,0.5482529434239292,-0.4390594179786437,0.39291955887559865,0.5935147494075084
66001,2213.076695,465606.674646,5247915.381406,465.888492,0.5469084442369009,-0.44011889329199877,0.3908490837834341,0.5953347857260223
66031,2214.079439,465606.849364,5247914.240652,465.965898,0.5540049374021297,-0.43283152912423506,0.39371264395109323,0.5922210319830583
66061,2215.075939,465606.936339,5247913.026004,466.057008,0.5475091003825264,-0.4403183416758857,0.3963716064786778,0.5909679285372655
66091,2216.076562,465607.016676,5247911.853641,466.174739,0.5495780043526549,-0.4376727124505373,0.39447705414743756,0.5922790454330644
66121,2217.074644,465607.15659,5247910.526014,466.226124,0.5521566416059333,-0.4350250983629515,0.3958172504545488,0.5909356235389456
66151,2218.07785,465607.305783,5247909.241341,466.273203,0.5491371874726683,-0.4381115376628016,0.3952365356757364,0.5918570019594138
66181,2219.072616,465607.505821,5247908.080651,466.253348,0.5569832915375815,-0.4286761944714599,0.3910944410090665,0.5941813455951259
66211,2220.075629,465607.758279,5247906.946426,466.227257,0.555121023754676,-0.43081842889143573,0.3929226140764819,0.5931677247291692
66241,2221.07768,465608.049559,5247905.962772,466.2557,0.5552447995343976,-0.43023724256777135,0.3916383243591274,0.5943219250464029
66271,2222.079906,465608.513297,5247905.048583,466.265287,0.5606763773421286,-0.42519087548467244,0.3979820219910272,0.5886128009710779
66301,2223.074684,465609.137054,5247904.079452,466.34533,0.5771660862725653,-0.4037393734640726,0.38475282362004987,0.5965224990627317
66331,2224.079648,465609.777347,5247903.172623,466.409104,0.5799224467668805,-0.4013226383411634,0.38995644815042224,0.5920845076817242
66361,2225.074323,465610.251916,5247902.404013,466.423005,0.5816848848513528,-0.39591533118139094,0.37252098498749814,0.6050800451303464
66391,2226.076546,465610.574276,5247901.772053,466.436221,0.5862196527435939,-0.3922492157210059,0.38383520860612247,0.5959510081690695
66421,2227.075432,465610.891919,5247901.175993,466.375392,0.5817162704927072,-0.39878979040930435,0.3906888960063821,0.5915531001073976
66451,2228.08251,465611.258353,5247900.498571,466.302285,0.5781770414384734,-0.4042352235160034,0.3972291122610306,0.5869533415823903
66481,2229.077605,465611.742449,5247899.703859,466.165123,0.5771166071192828,-0.405940995036823,0.3989230433870882,0.585669476573967
66511,2230.083484,465612.259472,5247898.809605,466.102142,0.5774634210289801,-0.4054054577034925,0.3977381213094426,0.5865038781585026
66541,2231.07652,465612.889256,5247898.025193,466.127743,0.5843899951322598,-0.39646647978946,0.39317093812272036,0.5888287335111724
66571,2232.075806,465613.554871,5247897.42641,466.169109,0.6306214971083257,-0.321369252254954,0.3175671505840681,0.631022532054016
66601,2233.070605,465614.240399,5247896.864774,466.246907,0.6315993639954685,-0.3194659089376567,0.3164445026585381,0.631574740758643
66631,2234.076383,465615.045451,5247896.297619,466.313603,0.632118144966135,-0.31575817715030624,0.3067777165849297,0.6376604558652078
66661,2235.075354,465615.856668,5247895.746914,466.355544,0.625594858146036,-0.3251033250566903,0.30898854452012703,0.6383298370385474
66691,2236.075329,465616.647872,5247895.289416,466.40801,0.6278694075054841,-0.3197061166281685,0.3018093118290315,0.6422453934459433
66721,2237.075009,465617.460491,5247894.860112,466.423205,0.6325953072752832,-0.3137052456255328,0.3030007096888663,0.640002160940381
66751,2238.072906,465618.134992,5247894.410956,466.474354,0.6342358288927032,-0.31309644202418985,0.3128427347916986,0.6339124187367128
66781,2239.072913,465618.747784,5247893.891668,466.530118,0.633537464813265,-0.31499095630644547,0.31752084883612564,0.6313410240729791
66811,2240.072966,465619.311959,5247893.276828,466.613995,0.6336310058490674,-0.31549236135319547,0.31886297222647925,0.6303195406279101
66841,2241.071932,465619.930149,5247892.468051,466.735942,0.6344696418699782,-0.31479320451986376,0.31946035400457934,0.6295225128244151
66871,2242.074827,465620.563976,5247891.446017,466.892017,0.6353275927730533,-0.31414146613702637,0.3221552931972059,0.627606529745747
66901,2243.075988,465621.289511,5247890.355731,467.011466,0.6369668007899743,-0.31158077467850104,0.32099316509554743,0.6278169347063465
66931,2244.080095,465621.997879,5247889.24043,467.153808,0.6384514449203454,-0.3089679140257814,0.31842662123622956,0.6289062469635354
66961,2245.07089,465622.669376,5247888.216522,467.219045,0.6414066452738526,-0.3031766606005796,0.31343058947958563,0.6312231724549587
66991,2246.072919,465623.397827,5247887.220714,467.257476,0.640511671093356,-0.30499635765194405,0.3149826935927091,0.6304822945565765
67021,2247.073877,465624.136286,5247886.20385,467.301705,0.6412955189655268,-0.3044393230201159,0.31804051548552403,0.6284162525456285
67051,2248.073676,465624.807712,5247885.196163,467.309021,0.6415122867645695,-0.30281780436675565,0.31420044933615676,0.6309052551101052
67081,2249.074395,465625.479558,5247884.375153,467.382422,0.6425694502901729,-0.3001506680837631,0.3117822822429356,0.6323020532008751
67111,2250.075566,465626.168693,5247883.79542,467.470559,0.6452790088017508,-0.2945968797074615,0.30699810377064285,0.6344917994329692
67141,2251.07531,465626.780929,5247883.328725,467.490665,0.6473735374559076,-0.29073939631879897,0.30620173377133214,0.6345223437085846
67171,2252.072331,465627.398031,5247882.839879,467.538392,0.6478117326936047,-0.2904687826115749,0.30717474658035787,0.633728270141038
67201,2253.074309,465628.01677,5247882.365704,467.523848,0.6503171295981162,-0.28578140807552244,0.3034190844427849,0.6351011548923059
67231,2254.076265,465628.487329,5247881.85937,467.53161,0.6523350397371412,-0.2832692453039487,0.3042633005130162,0.6337518241054614
67261,2255.076944,465629.072506,5247881.272529,467.59229,0.6524282247209134,-0.28088804054146327,0.2952645052440436,0.638950852735392
67291,2256.079576,465629.93503,5247880.572619,467.599209,0.65197098443563,-0.28384552027828613,0.302305962168676,0.6348044276068464
67321,2257.082456,465630.967621,5247879.785292,467.670949,0.6510035740675598,-0.28592678732615934,0.30599227019323716,0.6330947396895614
67351,2258.08229,465632.051589,5247879.092299,467.662582,0.6522768081314207,-0.28098681468853315,0.29785975298985246,0.6378565223417425
67381,2259.077323,465633.106275,5247878.569764,467.686698,0.6520995818404266,-0.2815633482441092,0.3005456413982701,0.6365222177784602
67411,2260.083388,465634.150461,5247878.136337,467.823655,0.6504225456729495,-0.28375419405292895,0.29901843767099884,0.637982792378045
67441,2261.083264,465635.097376,5247877.710365,467.898933,0.6554472056397818,-0.27523538133502995,0.2940282063633455,0.6388911169699545
67471,2262.085344,465635.926432,5247877.070033,468.001638,0.6552450237433642,-0.2753444158391425,0.2943243842921504,0.6389151495596312
67501,2263.082264,465636.736326,5247876.338768,468.149688,0.655267204763773,-0.27511932505306236,0.2939182282398361,0.6391762843314626
67531,2264.086592,465637.582295,5247875.607847,468.232289,0.6496147766083422,-0.28671160422245645,0.3049615779544605,0.6346617476954197
67561,2265.081452,465638.313531,5247874.93161,468.317195,0.6512694806853496,-0.282396835319081,0.2972217167328451,0.6385603667876542
67591,2266.083043,465638.951326,5247874.480937,468.355676,0.6546645525415995,-0.27474856225155336,0.289708834765675,0.6418694121430982
67621,2267.085096,465639.701346,5247874.139009,468.423043,0.6548779683673677,-0.27466238636430096,0.2903444285115317,0.6414012261416473
67651,2268.084042,465640.550257,5247873.656335,468.468126,0.656423360281504,-0.27202645922821617,0.2880334810708279,0.6419865195926778
67681,2269.077964,465641.358328,5247872.909257,468.563281,0.6559885658222968,-0.2723772737818069,0.2871684862985575,0.6426693416638077
67711,2270.083893,465642.201055,5247872.11173,468.627504,0.6550968258059109,-0.2727292849109156,0.28446731258130126,0.644627981120718
67741,2271.081947,465643.048111,5247871.306034,468.690205,0.6550625553939108,-0.2721498783101864,0.282686873900618,0.6456900367675238
67771,2272.080655,465643.938309,5247870.544506,468.76615,0.6519723934223477,-0.2768268328874722,0.28482366354587974,0.6458903803997474
67801,2273.084352,465644.844949,5247869.826173,468.810429,0.6512496007309714,-0.27752156265956723,0.28488419108901064,0.6462946212636326
67831,2274.087476,465645.774504,5247869.206551,468.816955,0.6526762143932812,-0.2732201079236299,0.27928354779723574,0.6491265144186031
67861,2275.078464,465646.779839,5247868.537838,468.841445,0.6512127644389913,-0.27567460761353785,0.2808710795351946,0.6488735491831851
67891,2276.079454,465647.71471,5247867.804829,468.838969,0.6555502267812197,-0.26891287324825086,0.2803111762262225,0.6475842889162254
67921,2277.080257,465648.382546,5247866.855738,468.872975,0.6587801585710135,-0.26254897787992504,0.27613460893628516,0.6487113492416808
67951,2278.08208,465648.942698,5247865.945748,468.954553,0.6547822634220597,-0.2682700177739795,0.27799259349608846,0.6496241244233097
67981,2279.076818,465649.488386,5247865.193768,468.962612,0.653605236805272,-0.2686345562378517,0.27558857915348917,0.6516798329362187
68011,2280.079365,465649.997195,5247864.563807,468.991741,0.6536768630854358,-0.26790182453533334,0.27459196486997184,0.6523299961723912
68041,2281.074563,465650.486082,5247864.012061,468.970929,0.6538701494573557,-0.2664173964871563,0.2734363978680111,0.653229006412443
68071,2282.078319,465651.038553,5247863.472781,468.915184,0.6531795425398532,-0.27098897105052,0.28105682840001145,0.6487900446108394
68101,2283.075059,465651.609118,5247862.947947,468.937862,0.6542935190598675,-0.26314326083867445,0.2632588125270809,0.6582935612766353
68131,2284.07807,465652.243205,5247862.365682,468.961239,0.6526530331317404,-0.2681208702145355,0.27040298369226,0.6550094989461321
68161,2285.073916,465652.901679,5247861.792623,468.944956,0.6585152812980719,-0.25625935167862357,0.26320233510486785,0.6568205993797072
68191,2286.083049,465653.658335,5247861.242948,468.87327,0.6584767919898886,-0.2575455275453163,0.26479541419061464,0.6557148803220272
68221,2287.079935,465654.360774,5247860.717688,468.902617,0.6570944073256456,-0.2618018555775815,0.27182713500463035,0.652531023747276
68251,2288.074595,465654.979572,5247860.260233,468.815743,0.6582941849561376,-0.2634738608674565,0.2790574936580135,0.6475779535514148
68281,2289.074291,465655.417785,5247859.841867,468.831645,0.6556295310200388,-0.26348463485268,0.27429505257162135,0.6522944039202891
68311,2290.082296,465655.972472,5247859.578464,468.698799,0.6632844792763926,-0.2443198345236919,0.24781319086672654,0.6625331240336683
68341,2291.079055,465656.331222,5247859.083549,468.766111,0.6590652225462065,-0.2525874376051094,0.25492466759921667,0.660943290036016
68371,2292.077944,465656.968305,5247858.266086,468.960324,0.6570442575193227,-0.25737207710131,0.25800086925441545,0.6599151529199835
68401,2293.076957,465657.472839,5247857.277542,469.194463,0.6563303832441187,-0.2577496896308975,0.2575416514306663,0.6606571147760155
68431,2294.078895,465658.02432,5247856.387279,469.308045,0.6534576588103834,-0.263291784636986,0.2609343912778739,0.659987702713595
68461,2295.077882,465658.537827,5247855.629077,469.276482,0.6573585205381864,-0.2543166536672682,0.2520333388436264,0.6630852217133658
68491,2296.080306,465658.918454,5247854.819932,469.237334,0.6603442406324258,-0.24368443039754303,0.23793491572399003,0.6692909368315303
68521,2297.078137,465659.681807,5247854.010336,469.26539,0.6534689422877269,-0.254084126786629,0.2380749606366255,0.6721159952703882
68551,2298.079221,465660.615564,5247853.153882,469.389014,0.6536688382095563,-0.2543716445074274,0.23815742936109358,0.6717835628120647
68581,2299.082189,465661.597522,5247852.454523,469.479548,0.6514257218659231,-0.2603820300967832,0.24556855065474825,0.6689856607009341
68611,2300.081942,465662.522947,5247851.744303,469.585925,0.6534720444167431,-0.25711827108939217,0.2459636861860206,0.6681065385966437
68641,2301.075547,465663.427217,5247851.210682,469.673504,0.6552319230984557,-0.25180475612685466,0.23950182005732773,0.6707491110197779
68671,2302.075935,465664.396259,5247850.804824,469.748563,0.6550870321448157,-0.2523028936088551,0.2409032893281195,0.6702013394370296
68701,2303.078889,465665.201904,5247850.511874,469.813051,0.6577307552296066,-0.24853382714730934,0.23962124233772403,0.6694795371100811
68731,2304.079564,465665.769028,5247850.183116,469.759011,0.6571952500985818,-0.2506913508931716,0.24225805819393628,0.6682509132618697
68761,2305.075067,465666.472849,5247849.932096,469.673524,0.658032026289446,-0.24644383471563153,0.2359068199160224,0.6712728662959419
68791,2306.0799,465667.185261,5247849.769443,469.485801,0.6562859428982544,-0.25130778439188983,0.24225791206344627,0.6689127467023245
68821,2307.075843,465668.011134,5247849.801959,469.185991,0.659972573769163,-0.2450699184385944,0.24192640849462546,0.6677189152794005
68851,2308.078918,465668.730338,5247849.884081,469.079806,0.6610297969175807,-0.24436467955091418,0.24740125967586465,0.6649196400211655
68881,2309.075543,465669.311155,5247850.001666,469.024447,0.6656707108372787,-0.23437507623755394,0.23841751962144167,0.6671640837976759
68911,2310.077497,465669.859231,5247849.905617,469.049064,0.6646258706940434,-0.23856903743896754,0.2432251509299164,0.6649802946965785
68941,2311.075398,465670.506672,5247849.542014,469.096956,0.6640524510943814,-0.2393060811287618,0.24060525371139002,0.6662402371643555
68971,2312.081403,465671.266947,5247848.941646,469.163422,0.663056451464583,-0.23953937816405796,0.23521848538266676,0.6690659852467882
69001,2313.079264,465671.892989,5247848.181068,469.143044,0.6727375731560041,-0.21631176621695844,0.21162984943151367,0.6751638203353795
69031,2314.075302,465672.304556,5247847.442669,469.13228,0.6680759367647093,-0.2265269463395908,0.22027181961177986,0.6736767851001929
69061,2315.076306,465672.660164,5247846.617918,469.133394,0.6659439114819724,-0.23102057824762134,0.22263016311459002,0.6734864584071432
69091,2316.078169,465672.994797,5247845.8211,469.117536,0.6331293100417452,-0.30181831314315677,0.2892285372494219,0.6514597730159882
69121,2317.079034,465673.253594,5247845.074572,469.034314,0.5755220405799312,-0.39833608655246516,0.36937642900094975,0.6112804566279583
69151,2318.078106,465673.409252,5247844.347638,469.027694,0.523481192089426,-0.4616612443560474,0.3885839609594679,0.6015304167482391
69181,2319.078092,465673.674172,5247843.794192,468.973223,0.5296187251451563,-0.45339375261114223,0.3795965111338413,0.6081485014400851
69211,2320.079103,465674.035418,5247843.337273,468.92855,0.5390404519097856,-0.44349182341988447,0.38016903370264743,0.6068129032726608
69241,2321.079068,465674.500141,5247842.724768,468.948864,0.5196286846513671,-0.46505368329840374,0.3826487449242621,0.6060454106302307
69271,2322.081037,465675.207022,5247842.271235,468.940079,0.5395887847181778,-0.4416498864890799,0.3714073114482457,0.6130627457066109
69301,2323.076919,465675.85395,5247841.735919,468.85753,0.5602923876265185,-0.41721145958094125,0.36400040979880655,0.6160444302389373
69331,2324.0849,465676.420935,5247841.08036,468.789859,0.5526048605240986,-0.428253992059757,0.3741829826244371,0.6092729125148297
69361,2325.085927,465677.147735,5247840.576454,468.777269,0.5598437588248065,-0.41865395586974746,0.36746453474645996,0.6134114823208733
69391,2326.084679,465677.870721,5247840.05022,468.738396,0.5426460547891658,-0.4405920825952384,0.3802349741110223,0.6056692500358051
69421,2327.079409,465678.548754,5247839.485497,468.685147,0.47371106393744955,-0.5135186064127569,0.38897496201056064,0.6004955850795514
69451,2328.083504,465679.187942,5247838.871575,468.628201,0.4352515626606585,-0.5470354606984376,0.3751119254184869,0.608768696097901
69481,2329.083459,465679.876338,5247838.237109,468.553966,0.45515283412063595,-0.5303868306620815,0.38339368530278395,0.6037673306184553
69511,2330.076154,465680.529297,5247837.74776,468.486628,0.434321466793105,-0.5482464296604056,0.3760651411182966,0.6077546589562102
69541,2331.08121,465681.129353,5247837.027077,468.383218,0.48865653746210425,-0.5009750076845102,0.39682292889502924,0.5939447728318034
69571,2332.082082,465681.616127,5247836.270878,468.326405,0.5060637148854144,-0.4845718233443885,0.40218906405897387,0.5893501686166175
69601,2333.077925,465682.103371,5247835.355312,468.272009,0.4893290837134213,-0.5005408146870753,0.397164680509639,0.5935285647888051
69631,2334.082952,465682.458058,5247834.427432,468.25211,0.5093143019745756,-0.4818668235911562,0.40446232545076133,0.5872082538736004
69661,2335.081517,465682.638762,5247833.219056,468.25165,0.44154998963322206,-0.5437221005425451,0.3844198579862258,0.6013495296600421
69691,2336.080613,465683.027557,5247832.021182,468.26521,0.38482783459107806,-0.5835513635720798,0.33907967093915065,0.6296033041153017
69721,2337.081261,465683.377804,5247830.890158,468.257244,0.35726633547876396,-0.600749333762914,0.3173645508036132,0.6408905877060536
69751,2338.080195,465683.554799,5247829.80475,468.168878,0.38990243540755065,-0.5814351137955557,0.34793671690572414,0.6235778542713619
69781,2339.083053,465683.625882,5247828.751222,468.067316,0.39746503502342134,-0.5770909626575907,0.3570791428861201,0.6176423337729363
69811,2340.08224,465683.666289,5247827.762179,467.976387,0.43270140892118725,-0.5514686653247348,0.38196354341193994,0.6022920001019191
69841,2341.084973,465683.737452,5247826.747726,467.866787,0.4699088478545973,-0.5210536375220871,0.4036092497908764,0.58718681440936
69871,2342.08593,465683.951682,5247825.713403,467.80248,0.492573014755084,-0.5003843280024295,0.41202433591936677,0.5807093042433964
69901,2343.084577,465684.352225,5247824.625807,467.727281,0.49483661014070557,-0.4984144313902427,0.41364465413364127,0.5793253696784362
69931,2344.084303,465684.851927,5247823.614078,467.755888,0.47653125050763595,-0.5162967371781626,0.41397380650316395,0.5787757199452069
69961,2345.080422,465685.152818,5247822.493638,467.769842,0.45132992824153473,-0.5391784048784396,0.40837569501662546,0.5820800935489212
69991,2346.07528,465685.056526,5247821.48919,467.696883,0.4514131585838666,-0.5405831686176523,0.41910271714701836,0.5730173736847969
70021,2347.079495,465684.838509,5247820.606926,467.58518,0.4908589865498779,-0.5061138819255456,0.44443743240296324,0.5526133933633377
70051,2348.084398,465684.708366,5247819.664929,467.332281,0.4347724010507654,-0.5533790301978143,0.4032111567994521,0.5849490330399107
70081,2349.077365,465684.73788,5247818.823827,467.031935,0.41420432290379977,-0.5692185191676672,0.38962000825916254,0.5938192532147328
70111,2350.076306,465684.760169,5247817.919535,466.890237,0.4514471938286605,-0.5406133078283408,0.41868689383949126,0.5732660529895048
70141,2351.080449,465684.518538,5247817.132344,466.74268,0.4951062446873097,-0.5022094407270901,0.44517023034574765,0.5517961128262208
70171,2352.088359,465684.241583,5247816.508699,466.52097,0.509352911386045,-0.48798235659708206,0.4453316010910041,0.5514640481320978
70201,2353.080322,465684.003293,5247815.823298,466.291603,0.5340183144292463,-0.46244826653526366,0.44391593325994494,0.5512755071927543
70231,2354.085086,465683.814602,5247814.86543,466.303417,0.5321501861450586,-0.46451463343537225,0.44377346826905756,0.551459376174377
70261,2356.084413,465684.052039,5247813.751168,466.365371,0.5140839228765193,-0.4819543207010534,0.43098124932960774,0.5636425425070091
70291,2357.084397,465684.643463,5247812.592745,466.414608,0.5181480121379467,-0.4787090427317853,0.44172377804502266,0.5542926968975358
70321,2358.081502,465685.273712,5247811.704295,466.384319,0.5286655036681912,-0.468538580760831,0.4513357256006211,0.5452343040991138
70351,2359.073146,465685.46693,5247810.853741,466.329572,0.5410436419072474,-0.455900304364174,0.4572691911838069,0.5388242541186347
70381,2360.086439,465685.293903,5247809.969311,466.388723,0.5330485341028081,-0.46479358579244806,0.4627861981949249,0.5344671343098033
70411,2361.082373,465684.933381,5247809.217164,466.516487,0.5370554112720576,-0.46084992561179366,0.4682643843367208,0.5290721100651189
70441,2362.081227,465684.343121,5247808.44253,466.620135,0.5420641966988444,-0.455502033530731,0.46819225477131104,0.5286589795688342
70471,2363.077947,465683.975384,5247807.74487,466.466462,0.5360876369326497,-0.46117569716577084,0.45715214891734235,0.5393875551140281
70501,2364.085013,465684.001103,5247807.188151,466.363593,0.529218889132691,-0.4686949862287309,0.4606713090435174,0.5366882915560411
70531,2365.082124,465684.149275,5247806.304429,466.229084,0.5311350487994613,-0.4663753347225456,0.45478720902125963,0.5418101158246129
70561,2366.085103,465684.33743,5247805.476505,466.206278,0.5460760563238515,-0.4505664506136512,0.456674917222054,0.5387381871293662
70591,2367.08192,465684.442542,5247804.649395,466.05903,0.5356286216504665,-0.46163349596605086,0.4553078754535972,0.5410094579773216
70621,2368.083639,465684.663493,5247803.999016,465.917439,0.5336683104969265,-0.4636253841029577,0.4545168070484812,0.5419078424392789
70651,2369.077606,465684.836974,5247803.196982,465.876725,0.5347068318141653,-0.4623664388715084,0.45132009220366454,0.5446246914984789
70681,2370.081652,465684.902051,5247802.326935,465.838262,0.5394714174254961,-0.4572735308606192,0.4507102090837796,0.5447309566959124
70711,2371.079671,465684.888629,5247801.41503,465.852736,0.5456892138769514,-0.45081262752485174,0.4532429685823847,0.5418136839847454
70741,2372.081584,465684.78784,5247800.568967,465.890385,0.542277630012449,-0.45472528299235904,0.45721292709724226,0.538624385161656
70771,2373.078466,465684.478763,5247799.807915,465.862501,0.553841915637259,-0.442162517234562,0.4575831939257066,0.537000057237237
70801,2374.08228,465684.178136,5247799.08991,465.834308,0.5504566608148765,-0.4461672409915148,0.4630938881887148,0.5324249321292284
70831,2375.075314,465683.861729,5247798.471563,465.822145,0.5434606187323145,-0.4542171191195335,0.47242669946222504,0.524547784497342
70861,2376.077992,465683.555252,5247798.047353,465.740424,0.5540025770358683,-0.44202154075531613,0.4592585173862332,0.5355181755590676
70891,2377.081058,465683.293496,5247797.545754,465.665796,0.5547846392656098,-0.4411760852628377,0.4581873866416737,0.5363226496704739
70921,2378.086304,465683.07231,5247796.884412,465.540944,0.5569932862528815,-0.43864077805004636,0.45551964627229924,0.5383814621259027
70951,2379.082293,465682.874112,5247796.109206,465.510161,0.5587604965117777,-0.43658905490955846,0.45304138004908084,0.5403056659283839
70981,2380.082256,465682.651987,5247795.39952,465.690053,0.5635732403810078,-0.4315078343366925,0.45885134089045054,0.5344545243475294
71011,2381.079378,465682.274721,5247794.699337,465.810985,0.5583507580238531,-0.43728191520725124,0.45917459524092324,0.5349650911341797
71041,2382.086678,465681.75957,5247794.25911,465.932987,0.5602289325451384,-0.43529679882302563,0.46058735275493046,0.5334037219179918
71071,2383.082557,465681.235717,5247793.850476,466.118498,0.5643920439804684,-0.4294408547113217,0.44317737025053316,0.5483028282748323
71101,2384.085626,465680.93236,5247793.251195,466.116987,0.5663061883180849,-0.42679289016054195,0.43511790921239457,0.5548130631696478
71131,2385.0825,465680.93746,5247792.405783,466.118732,0.5651663400042662,-0.4284619054243606,0.44167416937795173,0.5494827857454724
71161,2386.085548,465681.13971,5247791.489969,466.21706,0.5640752854781819,-0.42959653049580443,0.439902086513592,0.551137049725078
71191,2387.082248,465681.322981,5247790.537548,466.331063,0.5699566764804517,-0.42305154885932206,0.4442425341163713,0.5466491972233665
71221,2388.078879,465681.41661,5247789.77852,466.333813,0.5617885002048951,-0.43188101070548446,0.4405154131528077,0.5511974640764914
71251,2389.077651,465681.508418,5247789.071365,466.202983,0.5676716738639831,-0.4249060198739954,0.43760975376667616,0.5529027476650596
71281,2390.083514,465681.529594,5247788.340659,466.128184,0.569418754162527,-0.42415035404634227,0.45308207146221996,0.5390504578329026
71311,2391.082336,465681.429152,5247787.501567,466.071804,0.5735308914312609,-0.4203313143095054,0.46279225966518267,0.529346037275147
71341,2392.085817,465681.294187,5247786.507887,466.084465,0.7321303037825138,-0.15509843218156916,0.5992567159188142,0.28429049059780553
71371,2393.080781,465681.106424,5247785.503735,466.027866,0.7416263362912647,-0.12999326228040514,0.6011447544032146,0.2678005103325843
71401,2394.080822,465680.921566,5247784.595989,465.893143,0.744045002180646,-0.11354746198110785,0.6111194570774903,0.24502452487243984
71431,2395.081512,465680.847961,5247783.790743,465.721714,-0.47841069873544656,-0.5795855276559769,-0.4141541223755385,0.5134979867405052
71461,2396.086387,465680.942998,5247783.160037,465.507085,-0.4259663796092154,-0.6188680042889823,-0.3613682881270859,0.5522390759861979
71491,2397.084216,465681.333345,5247782.599665,465.375696,-0.44180516007234866,-0.6070713787529114,-0.3783210765565743,0.5414293164075621
71521,2398.085219,465681.832269,5247781.925894,465.406419,-0.38711141601623195,-0.6428156877310555,-0.32315964930706587,0.5766286363479465
71551,2399.08809,465682.285262,5247780.997181,465.553309,-0.4043862487220526,-0.6326548538630444,-0.3400499252452704,0.5662028312086775
71581,2400.091108,465682.543249,5247779.901957,465.637516,-0.48521342950136914,-0.573155439273861,-0.42196504207207736,0.5079431794319295
71611,2401.07781,465682.739944,5247778.865733,465.577363,-0.42731863406304854,-0.6177502611629496,-0.36314881729305704,0.5512770050657401
71641,2402.088913,465682.944698,5247777.910021,465.469781,-0.4704040062948573,-0.5850169378749067,-0.40751932953156866,0.5200031243361488
71671,2403.083585,465683.177441,5247776.889199,465.547323,0.5485372295870555,0.5118658716503798,0.4863972477048655,-0.4477923119278476
71701,2404.088198,465683.423946,5247775.764823,465.62256,-0.5028428144186295,-0.5557726885425819,-0.4419417655981813,0.4929029300761603
71731,2405.085222,465683.829961,5247774.750487,465.546714,0.531167817272436,0.5273320802964483,0.47181571553518115,-0.46601669236013576
71761,2406.084892,465684.395193,5247773.966831,465.4488,0.5882899020097128,0.45989865959787507,0.5308611395058603,-0.40074264142466787
71791,2407.08181,465684.934965,5247773.065954,465.416562,0.6109492814523128,0.4305568030234863,0.5519262160631412,-0.36978272929562334
71821,2408.083394,465685.338592,5247772.104951,465.38276,0.5838454355176823,0.4665921244662765,0.525565707740016,-0.4064443180300972
71851,2409.086877,465685.541662,5247771.171527,465.365046,0.552303256608206,0.5047398281596455,0.49330731358846486,-0.4436741067151356
71881,2410.075852,465685.590277,5247770.402445,465.326846,0.6224924964544293,0.41533485965668565,0.5618345950689803,-0.35262151663727004
71911,2411.07738,465685.604557,5247769.602924,465.289686,0.555753260880888,0.5003039997445066,0.4973682057146117,-0.43983984449357916
71941,2412.086472,465685.564356,5247768.801518,465.216042,0.5500259578834557,0.5062548867044699,0.49205077384570045,-0.4461652959387123
71971,2413.083327,465685.433475,5247768.009104,465.086113,0.5297485655427616,0.5270897481666901,0.47225090274948617,-0.4674633028754845
72001,2414.082071,465685.308183,5247767.351577,464.926701,0.5428064399213653,0.5131258806183859,0.48578062017695783,-0.45396055828671883
72031,2415.083531,465685.153631,5247766.773518,464.800219,0.5290126024359197,0.5269527893880722,0.4724363042104777,-0.4682631340219411
72061,2416.084123,465684.876912,5247766.148566,464.765216,0.5424262866891816,0.5130673491189612,0.4858112960333361,-0.45444802059535705
72091,2417.07969,465684.428736,5247765.372847,464.777917,0.6043999106444112,0.43819713560903195,0.5469152974589796,-0.3789032538292898
72121,2418.082433,465683.888612,5247764.469431,464.74494,0.6190604899093038,0.41695223526022923,0.5613446448378848,-0.3575012350420346
72151,2419.082415,465683.272281,5247763.519915,464.642298,0.6557434488257821,0.35694183111326644,0.5960285576367497,-0.2955385203404675
72181,2420.082516,465682.626195,5247762.695719,464.497267,0.692272196934391,0.2785622775208454,0.6301109743203892,-0.2147613161978692
72211,2421.08138,465682.176387,5247761.892189,464.356184,0.7133928846036821,0.21759573623869455,0.6487095963794532,-0.1513226596805147
72241,2422.084581,465682.032996,5247761.018413,464.304258,0.7173640763454291,0.20398635039130855,0.6519523860814386,-0.13688110572983558
72271,2423.080294,465682.178977,5247760.185744,464.316576,0.6758463751159519,0.31928969885266256,0.6135618530186531,-0.25461268226370987
72301,2424.083645,465682.408335,5247759.733665,464.28126,0.7431382724332609,0.08174908521853638,0.6641254297451284,-9.314874908045168e-05
72331,2425.084288,465682.574729,5247759.602042,464.13359,0.7470808725382553,-0.018068991186576094,0.6548075249460357,0.11300790555985696
72361,2426.084508,465682.753828,5247759.487172,463.885053,0.7264827819708466,0.16726982274125812,0.6592890667738195,-0.09788513846602831
72391,2427.279994,465682.941909,5247759.021107,463.703526,0.7442277425090841,0.04209736739017256,0.6654990839751413,0.038260268777115775
72421,2428.276854,465683.210667,5247758.299163,463.648678,0.7335506635304714,0.13605163443806026,0.662839347333312,-0.06354035274914968
72451,2429.278595,465683.629232,5247757.457314,463.691932,0.730131305540034,0.1542087596196347,0.6604965145924057,-0.08289927224206114
72481,2430.27759,465684.221864,5247756.368727,463.853642,0.6833993304428139,0.29952769234318266,0.6222686062579278,-0.2367071995856855
72511,2431.278127,465684.856956,5247755.290167,464.020649,0.7423793556614776,0.08107045942943122,0.6650530385869369,-0.0022200814922799517
72541,2432.277067,465685.272194,5247754.464421,464.036427,0.7449623275786948,-0.023623149624322548,0.6570930920862915,0.11270202137866267
72571,2433.279876,465685.417203,5247753.956344,463.942973,0.7409089123240282,-0.0864024188437709,0.6383203198342247,0.19009412127549954
72601,2434.27965,465685.420496,5247753.279796,463.893346,0.7455838656817484,-0.04703338498089621,0.6487172300164094,0.14511552436640376
72631,2435.282498,465685.338357,5247752.368343,464.007429,0.7137585693532693,-0.22404187610736198,0.5135221958466282,0.4202962012651615
72661,2436.28048,465685.456912,5247751.344384,464.081013,0.7183752626040938,-0.22024888231276032,0.38415625926068986,0.5365178285847665
72691,2437.283346,465685.965001,5247750.414543,464.084138,0.7189810450522071,-0.2161022330100276,0.36573884346185315,0.5500919742433099
72721,2438.286426,465686.695293,5247749.591932,464.071736,0.723879430520994,-0.20729494064550646,0.3701779976228527,0.5440548021360652
72751,2439.288613,465687.396678,5247748.681709,464.001671,0.7240524269680111,-0.20835940069218392,0.3854484429246809,0.5326949793191843
72781,2440.285431,465688.003768,5247747.570822,463.997018,0.7262423346721752,-0.20432287838452634,0.38395819242137513,0.5323535847264301
72811,2441.285231,465688.346681,5247746.729774,464.049651,0.7441213033223386,-0.13807906766277367,0.22388217168810573,0.6140801496673385
72841,2442.284024,465688.66462,5247746.176549,464.048246,0.7528981754857871,-0.09151580726388046,0.14159227464692353,0.6361767224060649
72871,2443.282898,465689.353561,5247745.602761,464.032147,0.7529207034442835,-0.08821293968199474,0.13526879315187268,0.6379900039944683
72901,2444.286872,465690.077873,5247744.933871,464.077987,0.7529099026551878,-0.08626286980291631,0.13511298189252316,0.6383023405105387
72931,2445.28347,465690.607011,5247744.319063,464.190186,0.7535275200665484,-0.07348390229030359,0.113189482709274,0.643416298838127
72961,2446.281288,465690.972822,5247743.778451,464.278243,0.7583643296855034,-0.025798734337920855,0.03395468329459282,0.6504345072715487
72991,2447.280224,465691.384255,5247743.347207,464.329489,0.75828159479099,-0.017982834614764538,0.024799358790605748,0.6512070580575933
73021,2448.282012,465691.98978,5247742.976841,464.343529,0.7577816978290666,-0.011643515977832053,0.01685305213100983,0.6521865542962694
73051,2449.28107,465692.775754,5247742.686877,464.368036,0.7567047597347534,-0.013335417746816647,0.02290517852903218,0.6532192786689935
73081,2450.284348,465693.605432,5247742.524709,464.390254,0.7551146951319223,-0.01117879318046676,0.02042122361355636,0.655179216249247
73111,2451.28121,465694.427816,5247742.403067,464.440594,0.7551219806021808,-0.009523504488855236,0.022673664273004157,0.6551228909312554
73141,2452.287365,465695.133782,5247742.197238,464.498544,0.7539933474076811,-0.01110032958972062,0.027657791475544757,0.6562056547444977
73171,2453.290289,465695.863306,5247742.013481,464.553545,0.753217620693435,-0.0068636469909410195,0.02313160030951703,0.657328711752366
73201,2454.287351,465696.643563,5247742.062514,464.60033,0.7541739570769558,0.015862486495322452,-0.010735152221895855,0.6563952928653927
73231,2455.285133,465697.443266,5247742.248806,464.701712,0.7510795126304868,0.07654140309362005,-0.11167462754188934,0.6461809010506196
73261,2456.278992,465698.287847,5247742.478919,464.836545,0.7457024616092655,0.12832414735736133,-0.20749235297391583,0.6200061898176793
73291,2457.278956,465699.21201,5247742.762876,464.893994,0.7430946067739145,0.13603215712628783,-0.21543445364982983,0.6187840122301882
73321,2458.275034,465700.107886,5247743.11193,464.979612,0.7420068888694634,0.12729921858061718,-0.18900635556321355,0.6304738562190635
73351,2459.279217,465700.997531,5247743.535609,465.070094,0.7419611622964845,0.13116581925958096,-0.19309624307871545,0.6284926430838299
73381,2460.280103,465701.811383,5247744.116721,465.179574,0.7414144881400296,0.1270055119184681,-0.17751349114871878,0.6345574183465035
73411,2461.281103,465702.756702,5247744.656038,465.346761,0.7395860973670899,0.1345717930501681,-0.19081551534973712,0.6312624463710752
73441,2462.275948,465703.841363,5247745.194571,465.471339,0.7384712230780208,0.14072898257395877,-0.1986019359575302,0.6288186361609136
73471,2463.272556,465704.765664,5247745.614484,465.514123,0.7381612289934625,0.14495832080314286,-0.20066793259849514,0.6275647106613309
73501,2464.27249,465705.420294,5247745.784131,465.51485,0.7387702624009096,0.14461207582002403,-0.19327225999525796,0.6292469153165873
73531,2465.278571,465705.80933,5247745.879154,465.469265,0.7357601034848693,0.1533546065191936,-0.20512405184174637,0.6269478113330507
73561,2466.277541,465706.212146,5247746.363232,465.497574,0.7339075810780469,0.16235558291814253,-0.2202685489437239,0.6216929253881747
73591,2467.284397,465706.888062,5247747.005944,465.616807,0.7336719399536313,0.16249288733372438,-0.21841018353038977,0.6225901844880356
73621,2468.283602,465707.694104,5247747.833952,465.739169,0.733834043112983,0.16338431924368635,-0.21881700608907773,0.6220227320926
73651,2469.285213,465708.582134,5247748.70576,465.903292,0.7344710053333015,0.16026820833540342,-0.21292099598328743,0.6241242610178955
73681,2470.279872,465709.461796,5247749.432982,466.090849,0.7355269504926926,0.1566159943761488,-0.20351273592416083,0.62694026965984
73711,2471.284637,465710.337897,5247750.026476,466.257847,0.7334296269376982,0.16316162629692085,-0.21412667807352703,0.6241866962466989
73741,2472.281335,465711.251797,5247750.56867,466.377231,0.7322848751417607,0.1623011642057683,-0.2099173899479641,0.6271777125612029
73771,2473.282174,465712.095056,5247751.20953,466.472011,0.7281272409162353,0.17162616019544108,-0.2240245378999717,0.6246504531263735
73801,2474.282542,465712.980867,5247751.819237,466.582363,0.732204794045548,0.15830262566227563,-0.19763466280154698,0.6322633615388963
73831,2475.281432,465713.999463,5247752.327228,466.678651,0.7262425732205198,0.16913337369778972,-0.20852484161128895,0.6328372754307608
73861,2476.279273,465714.972087,5247752.842479,466.789886,0.7232378567723907,0.17187049478190147,-0.2055840035428132,0.6364925396593522
73891,2477.285112,465715.882039,5247753.437056,466.894948,0.7217060991467896,0.17956965052282486,-0.21704585983877123,0.6322864396713594
73921,2478.283045,465716.64306,5247754.114816,466.975153,0.7239419465434509,0.17263913758310892,-0.19957583329653086,0.6373956957600473
73951,2479.284239,465717.251757,5247754.928386,467.099617,0.7190795223492535,0.18401543391833655,-0.21820169803479994,0.6336015937421131
73981,2480.283241,465717.89435,5247755.885334,467.185879,0.7151555859227439,0.18884530151087622,-0.22412104367902555,0.6345547240396114
74011,2481.280244,465718.565375,5247756.791186,467.318578,0.7149545299887612,0.1839257088911544,-0.2113864606497487,0.6405678089877824
74041,2482.280072,465719.386708,5247757.546308,467.365462,0.7149491325373158,0.19425578945881009,-0.23010380514724058,0.6310029041158486
74071,2483.28435,465720.185898,5247758.019503,467.387609,0.7200538811710118,0.18589997398793529,-0.2162787702533028,0.6326034314004045
74101,2484.282395,465721.016914,5247758.34665,467.321099,0.7180470718062885,0.19093194097636565,-0.22564562410321576,0.6301090769926131
74131,2485.284444,465721.880596,5247758.820873,467.312871,0.7184996988829682,0.1904388829311538,-0.22550719350627146,0.6297918070679737
74161,2486.285215,465722.739303,5247759.264102,467.410219,0.7198173976564836,0.18908568416248278,-0.22584433723098854,0.6285728704108609
74191,2487.287203,465723.537497,5247759.706417,467.588371,0.7189690071928101,0.189938656678949,-0.22689729952465448,0.6289073770147721
74221,2488.281059,465724.301749,5247760.16188,467.753447,0.7179608897132927,0.19318457855781118,-0.23257827442136608,0.6269922054672751
74251,2489.279014,465725.0127,5247760.640061,467.851692,0.7174747579185802,0.1942327064938025,-0.2338128628624197,0.6267656441109758
74281,2490.282213,465725.712704,5247761.025412,467.870016,0.7165934458871622,0.19687610104637804,-0.23952241306581337,0.6247900829778502
74311,2491.281172,465726.506263,5247761.49738,467.850184,0.7176811717637176,0.1934382901844343,-0.23288377704424265,0.6271208097137163
74341,2492.278784,465727.322313,5247761.950353,467.897068,0.7179464587268667,0.19559232015123051,-0.2400330004130547,0.6234426079537047
74371,2493.280551,465728.159512,5247762.48857,467.96877,0.7170917874896272,0.1955374220026008,-0.24079511716596408,0.6241491780500376
74401,2494.278548,465729.017228,5247763.06752,468.055237,0.7158088237165057,0.19872045277938286,-0.24418870689531894,0.6232975091892649
74431,2495.283679,465729.944197,5247763.624841,468.142843,0.7167370310848369,0.19555406338507508,-0.24250878882381144,0.623887909730977
74461,2496.28145,465730.896377,5247764.224282,468.350005,0.7157461000323035,0.19835088883725488,-0.24784087793439782,0.6220444874852004
74491,2497.277378,465731.815004,5247764.894928,468.557898,0.7160048554496451,0.19616661922029735,-0.24436726444651738,0.6238111449334144
74521,2498.279475,465732.704054,5247765.53256,468.723869,0.7151864663717612,0.19749098093103684,-0.24673177483847425,0.6234012047266407
74551,2499.282442,465733.552357,5247766.161814,468.825881,0.7135521440874754,0.20159578166470646,-0.2533945426733612,0.6212838998610223
74581,2500.282466,465734.494858,5247766.7796,468.960505,0.7141223611981645,0.19907624295929208,-0.2503032570855626,0.6226926868193731
74611,2501.282429,465735.499339,5247767.39031,469.130311,0.7136835294645262,0.20049583165621052,-0.25244473789553235,0.6218753054820532
74641,2502.275048,465736.498699,5247768.028818,469.308888,0.7142544220059323,0.20131898889000682,-0.25397856122414597,0.6203274746420553
74671,2503.278016,465737.478734,5247768.652038,469.541189,0.7140279667255938,0.20043308947213523,-0.25072428249558587,0.6221960893042023
74701,2504.278241,465738.478739,5247769.236571,469.713959,0.7133918412500901,0.2010413844919805,-0.24983688106650334,0.6230858491558894
74731,2505.274184,465739.430852,5247769.728026,469.793788,0.713591823382337,0.2003885042325196,-0.24950947658930697,0.6231983456857495
74761,2506.27332,465740.363555,5247770.16116,469.849032,0.7122887439588726,0.20391465255754657,-0.25630242470296943,0.6207838809063951
74791,2507.282407,465741.267246,5247770.733034,469.952306,0.7129749289923248,0.20274007386742265,-0.25400613998883315,0.6213244675083983
74821,2508.283299,465742.1555,5247771.355979,470.026135,0.7135834287982448,0.2020297060088551,-0.2552593347169739,0.620342937474397
74851,2509.287064,465743.025971,5247771.986089,470.122948,0.7130483389294905,0.20312707989985015,-0.2552155235274671,0.6206178311262537
74881,2510.284254,465743.848332,5247772.485849,470.140674,0.711137806118425,0.2088635386156483,-0.26437264970759217,0.6170625130670391
74911,2511.285228,465744.650889,5247773.052983,470.193644,0.7088382609439632,0.2125511441476734,-0.270241312448113,0.6159058077253163
74941,2512.285337,465745.402502,5247773.741738,470.336852,0.7110858963871863,0.20783474918606606,-0.2617384274913704,0.6185907860325284
74971,2513.28738,465746.243299,5247774.414473,470.484978,0.711131781710557,0.20587782754377612,-0.2587012153339384,0.6204672355183368
75001,2514.286551,465747.328982,5247774.874049,470.637814,0.7109916560586589,0.2074586905746753,-0.2648958647363733,0.6174803135044679
75031,2515.285608,465748.404116,5247775.421853,470.896257,0.7103116320522002,0.2091768209775037,-0.26465902673902336,0.617784786558101
75061,2516.281406,465749.307566,5247776.087626,471.046352,0.7095075605666462,0.21122347840679387,-0.26672420744508657,0.6171238618229667
75091,2517.285327,465750.08306,5247776.714779,471.093519,0.7086516633623219,0.21375770497932906,-0.2717798437987029,0.6150253491365516
75121,2518.287243,465750.885637,5247777.370254,471.197171,0.7099705788458527,0.2094962324201539,-0.26469409095097857,0.6180535122387711
75151,2519.284996,465751.739777,5247778.088249,471.393484,0.708962902883393,0.21217452765112946,-0.26888183620528866,0.6164869263091026
75181,2520.284892,465752.743486,5247778.69001,471.728292,0.705552688628155,0.2267475817567131,-0.2990689154438949,0.6011145660789436
75211,2521.284819,465753.540796,5247779.254285,471.927795,0.7084741605957854,0.21548591951269472,-0.2714929066231558,0.6147534334293517
75241,2522.283882,465753.994148,5247779.778897,471.921419,0.7067182867886119,0.22018192302632184,-0.27693322848664037,0.6126803170095854
75271,2523.280845,465754.206578,5247780.077156,471.791605,0.7076284712094787,0.21628155965078247,-0.26773323227886753,0.6170924971365889
75301,2524.280286,465754.521802,5247780.281294,471.574608,0.7050134869485497,0.2242830484446583,-0.287500528581557,0.6082734117700225
75331,2525.2842,465754.904176,5247780.874914,471.517959,0.7042254344568655,0.22954816735850278,-0.3004522463089714,0.6009181508444265
75361,2526.284228,465755.379476,5247781.587274,471.714282,0.7034899489326191,0.2308313973338883,-0.302476703826982,0.6002721061299032
75391,2527.279423,465756.050747,5247782.460745,471.882253,0.7005733367523109,0.2347868572854836,-0.3081995479030819,0.5992371568503367
75421,2528.280482,465756.756649,5247783.253943,472.040643,0.7043811147680072,0.22582599951112742,-0.2908322489897055,0.6068496239189489
75451,2529.2798,465757.5546,5247783.717687,472.153589,0.707028841316292,0.220011767870753,-0.2819781642659492,0.6100765152196347
75481,2530.279529,465758.424593,5247784.037946,472.297897,0.706059680212036,0.22132838633968482,-0.28262199859879744,0.6104246712635145
75511,2531.282429,465759.353888,5247784.379923,472.392099,0.7055309161208061,0.22344634012276113,-0.28862863523175936,0.6074465988115592
75541,2532.280165,465760.20339,5247784.813346,472.492819,0.7012844119607581,0.23220769605460373,-0.2997298527895078,0.6036901314255902
75571,2533.279874,465760.909438,5247785.375607,472.58825,0.702383503615831,0.22942129574429812,-0.29290521970378675,0.6068194255111102
75601,2534.286879,465761.508121,5247785.966365,472.598464,0.6998796218055042,0.23414730024361038,-0.2975150734045371,0.6056635517076341
75631,2535.290835,465761.93908,5247786.636918,472.578861,0.6974610627678246,0.23982488847965336,-0.30871694639006714,0.60060464184028
75661,2536.283666,465762.475452,5247787.368859,472.552962,0.6973586334325758,0.2417159076303918,-0.31228035972077206,0.598118159988586
75691,2537.285819,465763.176805,5247788.127647,472.716219,0.698432983262109,0.23959740491071801,-0.3099118500687069,0.5989483255161762
75721,2538.28759,465764.089779,5247788.831598,473.020355,0.6996509876754,0.2377243951684363,-0.3063256480407313,0.6001168259089761
75751,2539.289676,465765.06241,5247789.416834,473.352515,0.7004980762616944,0.23675682359601477,-0.30648151331886436,0.5994311750552931
75781,2540.288399,465766.001464,5247789.809853,473.524624,0.7023965794801484,0.2310136286220456,-0.2920271680584164,0.6066233441281702
75811,2541.289238,465766.816978,5247790.014178,473.631601,0.7015315017868117,0.23273843565095972,-0.2921185701441912,0.6069210109630397
75841,2542.285301,465767.469465,5247790.175791,473.596975,0.6974351558317651,0.24304447974130275,-0.3121213143082959,0.5975733172018837
75871,2543.287641,465768.006261,5247790.704895,473.606393,0.6953257462704108,0.24538252067111893,-0.31345914491589877,0.5983752080352075
75901,2544.287671,465768.451004,5247791.305986,473.635532,0.6968035649922414,0.2422689786295535,-0.3067803809400548,0.6013786924045208
75931,2545.283403,465768.945974,5247791.821472,473.625218,0.6963339251066096,0.24403308195017492,-0.3138188314413368,0.5975656120396452
75961,2546.281543,465769.375891,5247792.308243,473.683131,0.6953016403252764,0.24815176970595365,-0.3221577182482106,0.5926134766657688
75991,2547.287351,465769.864264,5247792.823708,473.747851,0.6981151099421439,0.2408364117814924,-0.3097898309109645,0.598885111431934
76021,2548.284316,465770.482461,5247793.241681,473.895198,0.6978425929732218,0.2432560157324718,-0.31855951883048605,0.5936009258793848
76051,2549.287209,465771.131576,5247793.667061,473.959254,0.6955341806033056,0.24727202978396523,-0.32256866954478247,0.5924847680127439
76081,2550.283969,465771.787458,5247794.000576,473.978089,0.6959738177644842,0.2458105495646109,-0.3208066841103977,0.5935323833955178
76111,2551.285915,465772.396688,5247794.382523,473.962976,0.6912880271542919,0.2574705137434142,-0.3457220243353307,0.5799190287922188
76141,2552.282805,465772.891959,5247794.805004,473.896445,0.6914764547933018,0.2576549086587108,-0.34650301219184243,0.5791458564580585
76171,2553.283607,465773.480718,5247795.20158,473.868984,0.6940570178442661,0.25168412843360916,-0.3345096068659721,0.5856989656727348
76201,2554.276892,465774.140903,5247795.572405,473.969906,0.692901820790269,0.251534095510801,-0.33063213603755787,0.5893216915745888
76231,2555.279951,465774.893743,5247796.040269,474.260079,0.6910714681015142,0.2575053085443489,-0.34750680548700036,0.5790943465340667
76261,2556.282615,465775.728302,5247796.63648,474.472462,0.69119598616071,0.2586924967224568,-0.35162236353521725,0.5759236184744754
76291,2557.28287,465776.29213,5247797.084756,474.498363,0.6896384732808466,0.26147556061727223,-0.35270889389028554,0.5758695542754778
76321,2558.277641,465776.768492,5247797.431664,474.266467,0.6891056434897456,0.26326577864148726,-0.356887877143782,0.5731104475183473
76351,2559.282683,465777.257202,5247797.811595,474.062212,0.6874461579446254,0.26696823484540705,-0.3656620896546204,0.5678353438278719
76381,2560.280675,465777.814654,5247798.316103,474.041431,0.6860481926297742,0.26911761213151586,-0.36672262704648606,0.567827529309891
76411,2561.284487,465778.477191,5247798.719083,474.170039,0.6886617473900309,0.2654162135580183,-0.36313842284802267,0.5687088157516854
76441,2562.283652,465779.316027,5247799.061278,474.30984,0.6912964156804537,0.2604278888657459,-0.353132265278936,0.5740942288398787
76471,2563.283562,465780.220893,5247799.185924,474.51125,0.6899142958762243,0.2649518884316488,-0.3667095674574593,0.5651042862138634
76501,2564.281582,465781.214381,5247799.251025,474.773277,0.6796500504863539,0.28439162782176647,-0.47006681575555653,0.48603950418069336
76531,2565.281586,465782.019125,5247799.729239,474.924466,0.6852570724359228,0.2723027143592177,-0.5163052239386535,0.43554895495547635
76561,2566.279611,465782.72234,5247800.278395,475.067195,0.6873284830611054,0.26655588217481435,-0.5315387458587153,0.4171259758177024
76591,2567.283438,465783.341863,5247800.942426,475.191521,0.6858987582659295,0.26871574764972683,-0.5327181514615048,0.4165886598045383
76621,2568.283253,465783.873458,5247801.699209,475.299559,0.6844092417007874,0.27157393246523504,-0.5315936797139111,0.4186164697765067
76651,2569.288156,465784.413437,5247802.482038,475.370493,0.680192325931179,0.2809482935215513,-0.5162831896415598,0.43801612322515965
76681,2570.280781,465785.089053,5247803.08671,475.3734,0.6809483845085904,0.2782926957122186,-0.5262019235429531,0.42658411691958636
76711,2571.281579,465785.733795,5247803.682768,475.400918,0.6818124980808491,0.2750259184319316,-0.5367459168034306,0.41400034111854245
76741,2572.27949,465786.290237,5247804.349893,475.494774,0.682747569202154,0.27128411434057165,-0.5463419135448317,0.4022079058884512
76771,2573.286885,465786.655623,5247805.177183,475.608313,0.6807289263814899,0.2739040924830213,-0.5494326371416783,0.3996354015250623
76801,2574.286809,465786.820256,5247805.995823,475.653696,0.7295265954637947,0.05618561234502384,-0.6723015211057234,0.1124490471073456
76831,2575.284658,465786.977249,5247806.857439,475.440318,0.5255348476553565,-0.5132535253683137,-0.48552448779946417,-0.47397248268641795
76861,2576.282163,465786.971118,5247807.628874,475.206718,-0.46420335301639026,0.5695225248721011,0.4235520358379578,0.5298707518340383
76891,2577.279968,465786.664257,5247808.498321,475.216586,0.04190206143672534,0.7327253854005419,-0.10428165812468912,0.6711803502902521
76921,2578.279796,465786.376437,5247809.252251,475.343297,0.281014329280483,0.6797188996683546,-0.46686290727047625,0.49097066102532083
76951,2579.28469,465786.117825,5247809.971372,475.565072,0.27860193735685396,0.6806308348254773,-0.4633926864452793,0.4943580133211239
76981,2580.28066,465785.949931,5247810.566509,475.727657,0.2779703511309525,0.6805981458974283,-0.46107094934409376,0.49692275794539137
77011,2581.282639,465785.966699,5247811.057059,475.776748,0.2775729272172498,0.6807600704485145,-0.46909869655567404,0.4893520301876233
77041,2582.287799,465786.053441,5247811.432191,475.845274,0.2830904100827688,0.677440180428476,-0.4868030592375608,0.47324137940078276
77071,2583.288318,465786.021835,5247811.876561,475.95975,0.2847003943878163,0.6760895740618915,-0.4952841754832718,0.4653409059991266
77101,2584.28501,465785.799677,5247812.474879,475.883096,0.2828533339054217,0.676993469026816,-0.5027805686009363,0.45703997005835784
77131,2585.290064,465785.525824,5247813.075277,475.690473,0.2837932862211026,0.675774648291164,-0.5053397846857666,0.45543572261793874
77161,2586.284885,465785.039979,5247813.702335,475.421629,0.2852276221560405,0.6748594921601777,-0.5085041851477146,0.4523641929770489
77191,2587.282497,465784.440249,5247814.173029,475.332598,0.2824562325310756,0.6760703433863846,-0.511022290788057,0.44944809023456
77221,2588.280281,465784.057297,5247814.759102,475.378763,0.2858498795825601,0.6738410572174488,-0.509915296223062,0.451900947806545
77251,2589.281007,465783.910614,5247815.334243,475.361809,0.28465112256311464,0.6741232645159063,-0.5160826048169036,0.4451857002054038
77281,2590.277987,465783.85908,5247815.934878,475.375545,0.2842117486005983,0.6744314459319578,-0.5010631083385265,0.46184593552141695
77311,2591.284188,465783.930408,5247816.486208,475.713893,0.2863947158670772,0.672919326952248,-0.5038135368577479,0.4597059562551221
77341,2592.280985,465783.963555,5247817.121752,476.164404,0.28955196590236454,0.6708026032122655,-0.5008575697686669,0.4640314874781116
77371,2593.280886,465783.799827,5247817.743259,476.439171,0.29038986024178914,0.6697568318023543,-0.5116408126750244,0.4531260245539508
77401,2594.285981,465783.550359,5247818.256968,476.612233,0.2857595730208458,0.6725765090969109,-0.5119262001691518,0.45156823561708853
77431,2595.289922,465783.242837,5247818.666681,476.671572,0.2872111427431345,0.6705884038457598,-0.5288291747169418,0.43377489102065037
77461,2596.287892,465782.779306,5247819.027791,476.477042,0.2867434951058593,0.6707011291787752,-0.530723840277256,0.4315905104310726
77491,2597.289572,465782.273369,5247819.441619,476.035155,0.28684021261430925,0.670062541573927,-0.5369154246116212,0.42480667323029375
77521,2598.29061,465781.75562,5247819.909003,475.656952,0.28779368648744064,0.6689986897823292,-0.5406026243490304,0.42114647052354204
77551,2599.28742,465781.323185,5247820.502949,475.523352,0.28457746463033956,0.6708900235947132,-0.5431424088769056,0.4170354499860237
77581,2600.283349,465780.999869,5247821.222313,475.668802,0.28385970935807975,0.6720894739634775,-0.531885028071313,0.429904316452186
77611,2601.28466,465780.740017,5247822.108528,475.977241,0.2875644175907111,0.6691916898250128,-0.5374464163479842,0.4250182790887566
77641,2602.282502,465780.439916,5247823.071062,476.219698,0.28496071155655905,0.6706013535779509,-0.538147573554211,0.42366072100952984
77671,2603.284299,465780.195675,5247823.962462,476.339068,0.2838686898963533,0.6702732190612911,-0.5456146656293016,0.4152794424913996
77701,2604.286318,465779.910172,5247824.722331,476.2956,0.2833828082722135,0.6700042086747141,-0.5488879425223312,0.4117166147819712
77731,2605.28729,465779.587737,5247825.414744,476.187266,0.2854369653305033,0.6693139007332175,-0.5383348157086975,0.4251355869650062
77761,2606.283242,465779.443039,5247826.172303,476.101667,0.2803151374548404,0.6719547515144024,-0.5468788186893198,0.41330835135509403
77791,2607.287254,465779.378632,5247827.091032,476.043542,0.2792485050413273,0.6724422269529508,-0.5456050683752748,0.4149178632042152
77821,2608.288229,465779.605135,5247827.829062,476.083555,0.2802445620995815,0.67336234522733,-0.5240626458893634,0.4397777627700196
77851,2609.288321,465780.172961,5247828.453032,476.398104,0.2776991103173601,0.6742082728753148,-0.5340509076754261,0.4279205965205287
77881,2610.28615,465780.6084,5247829.275935,476.710548,0.279863320396495,0.6725072642932232,-0.537556235972017,0.42478676360862627
77911,2611.288063,465780.634091,5247830.114543,476.85289,0.28546817519419654,0.6686260587118299,-0.5395184353069556,0.4246963297777767
77941,2612.282893,465780.298629,5247830.808646,476.807355,0.2875242196261733,0.6664830503221133,-0.5461720242136388,0.41812233464390247
77971,2613.287611,465779.765662,5247831.36987,476.674141,0.28250739686763515,0.6683755410823755,-0.5565431798594,0.4046274777494748
78001,2614.283823,465779.260581,5247831.766491,476.771842,0.2843775883319701,0.668589997359613,-0.5403815023548595,0.42438736385273107
78031,2615.283904,465779.099514,5247832.105499,477.057916,0.28024282628652214,0.6716233755224787,-0.5335944260832618,0.430886282236518
78061,2616.293964,465779.205845,5247832.460803,477.152862,0.2806412702121168,0.671652745656234,-0.5306445846386302,0.4342112291268705
78091,2617.290751,465779.499268,5247832.700149,476.902234,0.27769843427223456,0.6723297108254289,-0.5423360991276738,0.4203901701123879
78121,2618.292574,465779.972705,5247834.240916,476.271319,0.278383162163986,0.6773746706228534,-0.5081298853369624,0.4532884183934175
78151,2619.285452,465780.082737,5247834.794851,476.468707,0.2744307716852967,0.6797866373662468,-0.5097841440413404,0.45021995257267455
78181,2620.285362,465780.064697,5247835.437364,476.628112,0.28058118340182236,0.6759165263016514,-0.51214368380375,0.44957746399599074
78211,2621.284993,465779.89575,5247836.1342,476.59738,0.2829968713770341,0.6743580832723224,-0.5160622887871205,0.44590768148562865
78241,2622.287579,465779.560558,5247836.689094,476.647429,0.28848595919148606,0.6700065644052459,-0.5310325124068338,0.43112820108424055
78271,2623.285452,465778.91603,5247837.098978,476.924863,0.2915437737150442,0.6680921081226228,-0.531648251925038,0.43128331673890685
78301,2624.290439,465778.209823,5247837.626217,477.192125,0.2908319846596124,0.6690168411436522,-0.5274542180852162,0.4354598383194867
78331,2625.292088,465777.723458,5247838.293715,477.415613,0.29308958029200605,0.6675022530430316,-0.5338441546475916,0.42842695836668654
78361,2626.293994,465777.475407,5247839.089239,477.664089,0.29792730425800074,0.6648929343692054,-0.5233870329580403,0.4418401531491311
78391,2627.286802,465777.369006,5247839.920963,477.876358,0.2987338486811859,0.6640472729945689,-0.5308195931427728,0.43362410728226763
78421,2628.293043,465777.208958,5247840.652362,478.077798,0.29876758382928165,0.663722954507958,-0.5363703105851484,0.4272196863849223
78451,2629.293798,465777.064341,5247841.28434,478.292582,0.2951132002646284,0.6657962780806181,-0.5413954213549581,0.42013630271550334
78481,2630.290854,465776.858578,5247841.977459,478.329096,0.29640822646356013,0.6650233155712406,-0.5417778839184172,0.41995580425592755
78511,2631.287582,465776.619241,5247842.66177,478.303937,0.2980195657226921,0.6632870583597862,-0.5480192961044403,0.41341198308234073
78541,2632.289868,465776.297292,5247843.332468,478.196132,0.2810744342112774,0.6750279531425717,-0.5381602196040179,0.41918731248060864
78571,2633.286793,465775.899416,5247844.067918,478.086327,0.2832293839514137,0.67388917383224,-0.5362792543477659,0.42197044779748255
78601,2634.289776,465775.396858,5247844.928573,478.059816,0.28899005276955064,0.6692882654044345,-0.5485222685209906,0.4094646359928558
78631,2635.287726,465774.886678,5247845.829458,478.11861,0.2832373429065587,0.6735226729975634,-0.5469912837801556,0.408588242623288
78661,2636.287649,465774.33377,5247846.769362,478.247568,0.27748344486711696,0.677475471308428,-0.5371357389528085,0.4189452488568424
78691,2637.287626,465773.78652,5247847.686783,478.36394,0.29121716657587016,0.6677235755775568,-0.5515888417638369,0.40630965795938634
78721,2638.290774,465773.287749,5247848.535047,478.40815,0.28639450876792183,0.6706415479193091,-0.5516551082948834,0.40483915453440783
78751,2639.290838,465772.877511,5247849.329737,478.36709,0.2948871663933276,0.6639855600306926,-0.5658783473877976,0.38980306710555324
78781,2640.289983,465772.497364,5247849.989313,478.269169,0.2873370783233491,0.6690919632189204,-0.56042587494928,0.39455821733146856
78811,2641.28907,465771.992689,5247850.620052,478.130564,0.28342219931925355,0.6717530036179842,-0.5561950799682938,0.3988317841926809
78841,2642.295175,465771.362117,5247851.230844,477.999472,0.2726400730951014,0.6770016639565543,-0.5688674425895249,0.3791120814540315
78871,2643.29279,465770.613648,5247851.741525,477.809305,0.2724384346415207,0.6765583550499443,-0.5705844362797,0.37746455809462237
78901,2644.28726,465769.870102,5247852.268869,477.590599,0.2737081133905178,0.6748165216390543,-0.5756720854434487,0.3718980785488977
78931,2645.288135,465769.181763,5247852.821589,477.290417,0.27032953911341523,0.6770005334144438,-0.574600816579035,0.372056608093437
78961,2646.289202,465768.570958,5247853.422143,477.002233,0.2696250273832813,0.6774740192382964,-0.5730781407409322,0.3740491177246506
78991,2647.287458,465768.055011,5247854.004943,476.910777,0.2693843995798932,0.6776462316957181,-0.5725532354372661,0.3747137874723745
79021,2648.289389,465767.709465,5247854.756672,477.000064,0.269923273495074,0.6774936529491904,-0.5705930453608794,0.3775809227504254
79051,2649.287157,465767.534627,5247855.654651,477.16611,0.2689484938148926,0.6781415555972191,-0.5698213249290385,0.3782781990850114
79081,2650.289043,465767.466714,5247856.362543,477.521362,0.2708826659623093,0.6774834480484261,-0.5634371541367266,0.38752720193539214
79111,2651.289242,465767.464685,5247857.136301,477.906672,0.26913642086746664,0.6782884989912645,-0.5652437769384827,0.384694387444301
79141,2652.293384,465767.458202,5247857.991207,478.298926,0.26930140430185645,0.6775625941639343,-0.5686211348217267,0.38086177238591346
79171,2653.285034,465767.463347,5247858.738213,478.456815,0.2669409375579761,0.6787474065939543,-0.5679505184064011,0.3814140827755973
79201,2654.293051,465767.381662,5247859.271771,478.358474,0.26761676804145923,0.6772157653257832,-0.5736504270058931,0.37508033839860755
79231,2655.29696,465767.129654,5247859.721583,478.218535,0.2665638629473401,0.6759618854235179,-0.5848965241318475,0.36043764021499997
79261,2656.293864,465766.628764,5247860.227215,478.083691,0.26861548929271095,0.6734308548970346,-0.5905083424364447,0.35445239468460243
79291,2657.29478,465766.082727,5247860.810969,477.937524,0.26985969023854506,0.672191983420375,-0.5940634734476818,0.34988894598860076
79321,2658.293854,465765.507305,5247861.513665,477.884806,0.2702949051181478,0.672213792977656,-0.5906543538217934,0.3552417699386212
79351,2659.288763,465765.096801,5247862.279097,477.947812,0.2661221952689476,0.6747586403854813,-0.5902764801217976,0.35419405899223344
79381,2660.289686,465764.800857,5247863.141901,478.17585,0.26892295452321463,0.673781005091209,-0.5853005841512107,0.36210886194767006
79411,2661.283703,465764.508929,5247864.006352,478.371652,0.26563280980619935,0.6749028230194413,-0.589402307987337,0.3557391026778651
79441,2662.288549,465764.332728,5247864.88428,478.457027,0.267384667487288,0.6748712771763743,-0.5836502973803493,0.36387707979875816
79471,2663.286447,465764.354309,5247865.823366,478.474628,0.2656811040702822,0.6755238901202378,-0.5848917914640548,0.36191520705102337
79501,2664.293196,465764.254801,5247866.760184,478.475937,0.2665081204243839,0.6740868364762251,-0.5891289750202484,0.3570817965521742
79531,2665.289978,465764.045543,5247867.648025,478.466592,0.2634828178893188,0.6756517562093817,-0.5901457689019356,0.3546822246115887
79561,2666.295112,465763.687654,5247868.533938,478.389799,0.2583459167217295,0.6777181448759401,-0.5945535707582046,0.34707571928585323
79591,2667.291255,465763.423268,5247869.304169,478.229002,0.2575894312371318,0.6766691955285675,-0.6010832954415224,0.3383272922464453
79621,2668.292158,465763.177516,5247870.066194,478.151121,0.252509800951668,0.6783065053226977,-0.6070898371082034,0.3279954495723884
79651,2669.285025,465762.818596,5247870.910643,478.063433,0.2506541771126496,0.680583525289127,-0.6005207089902005,0.3366800063486274
79681,2670.292167,465762.708963,5247871.698161,477.986393,0.25182379421021855,0.679909958779589,-0.5995372362755061,0.3389134505165513
79711,2671.288891,465762.29645,5247872.594903,477.951127,0.2472084350359244,0.6806054274569752,-0.6086117156284322,0.3244318439410867
79741,2672.28873,465761.748791,5247873.516456,477.978887,0.24678865425508456,0.6803269803990257,-0.6111710381035133,0.32050042442340393
79771,2673.285837,465761.264952,5247874.423751,478.106781,0.2503216498986295,0.6798836518504786,-0.6033930197321307,0.33318786784189125
79801,2674.288703,465760.937068,5247875.321059,478.113854,0.2494200349898333,0.6798347844881487,-0.6054807392049413,0.3301626665712834
79831,2675.285539,465760.846833,5247876.106397,478.112891,0.25156435147431544,0.6787744164865048,-0.6036106380510196,0.3341180423478398
79861,2676.289617,465760.859123,5247876.871898,478.173415,0.24955496191849222,0.6805059302154687,-0.6022015572939181,0.33464501238808175
79891,2677.286423,465760.80558,5247877.648649,478.261373,0.25019371758707654,0.6797477204408765,-0.6040867752096807,0.33230303677841844
79921,2678.291449,465760.627101,5247878.430549,478.382315,0.25003077367955207,0.6794944238255763,-0.6055050975730326,0.3303566512365459
79951,2679.290467,465760.421428,5247879.326807,478.588144,0.24917877069503852,0.680195090005206,-0.604828948186337,0.330796800473536
79981,2680.291634,465760.316614,5247880.092523,478.775093,0.24967103237711935,0.6800095226477962,-0.6042228202254935,0.3319129527734802
80011,2681.291872,465760.206124,5247880.787444,478.862071,0.24927405157986302,0.6796293966870055,-0.6067130456572781,0.3284290038913831
80041,2682.291986,465760.048646,5247881.388058,478.709741,0.24118562030727347,0.6820238348263132,-0.6163950570714981,0.31101466027123237
80071,2683.290852,465759.529684,5247881.979551,478.456118,0.2389168043030772,0.6819421454938124,-0.6220950687149527,0.30144882866158146
80101,2684.291741,465758.80521,5247882.709823,478.193716,0.23966568368480332,0.682078977236355,-0.621439163379581,0.30189732541741754
80131,2685.286493,465758.188239,5247883.522107,478.135634,0.23639441924872867,0.6838260510321832,-0.6218407263466387,0.29968937507771476
80161,2686.292471,465757.659933,5247884.46109,478.231891,0.24336608555823253,0.6812381818034827,-0.6160223220800874,0.31177553905366784
80191,2687.289548,465757.469191,5247885.327625,478.380403,0.2543561864126671,0.6773145601991617,-0.6056600921877169,0.33124578443655245
80221,2688.288474,465757.356442,5247886.167491,478.623953,0.24882794247389461,0.6793698058853808,-0.6103392705702403,0.32253262888466816
80251,2689.290458,465757.067587,5247887.145841,478.703263,0.2435796317728464,0.6808032759799186,-0.6181924467420614,0.30824334735964476
80281,2690.291398,465756.592114,5247888.037576,478.558427,0.24216399062995292,0.6815644457817825,-0.6176354390476056,0.30879276597876965
80311,2691.288142,465756.096928,5247888.831305,478.368426,0.2458920110887832,0.679862814799598,-0.6155800881341098,0.3136635570611976
80341,2692.290264,465755.887464,5247889.454834,478.27027,0.24501535180717704,0.6801620941038937,-0.615829688775343,0.31321046844873385
80371,2693.28822,465755.900296,5247890.13861,478.315769,0.24072338847237867,0.6817026016241972,-0.6205329994185566,0.3037640693264876
80401,2694.289545,465755.851104,5247891.002526,478.460953,0.24288763646212075,0.6801028767389353,-0.6213425728285178,0.30397217026581086
80431,2695.292457,465755.840105,5247891.742828,478.68768,0.24101038807620498,0.6829108239354538,-0.6161224407458473,0.30974172692831753
80461,2696.29546,465755.512277,5247892.6094,478.766419,0.23436621086842452,0.6856534849172226,-0.6212030189650833,0.2984268537727652
80491,2697.290209,465755.138987,5247893.448512,478.836113,0.2375950610812863,0.6834424567679821,-0.6225118579033744,0.2982180108685826
80521,2698.289932,465754.801309,5247894.250931,478.963672,0.23716048814710827,0.6835048185063272,-0.6226981813337069,0.298031946113419
80551,2699.293126,465754.389261,5247894.968349,479.012969,0.24180980444553277,0.6819594321705352,-0.6187951377662143,0.3058625979497102
80581,2700.295764,465754.09734,5247895.639174,479.028996,0.23815622285657434,0.6837650762919704,-0.6210938913142794,0.29998218635480967
80611,2701.292625,465753.711369,5247896.396144,479.030216,0.2288742046176655,0.6879686156906932,-0.6255301341153602,0.28814550768471453
80641,2702.291657,465753.396405,5247897.22326,479.040182,0.22583896618379878,0.6897622647807087,-0.6262072948884703,0.28476166045674906
80671,2703.289453,465753.070137,5247898.162336,479.070662,0.22823385700641544,0.6903135655832684,-0.619613585748265,0.2957287474086129
80701,2704.29255,465752.818192,5247899.106649,479.18074,0.23341534696179822,0.6886337722057532,-0.6154819246833425,0.30410985509921634
80731,2705.289423,465752.574361,5247900.095773,479.238824,0.2278286624142507,0.6901138896890734,-0.6219891056099089,0.29149008961427203
80761,2706.290172,465752.200773,5247900.965822,479.260477,0.2287369827167564,0.6887779008978564,-0.6256204884957451,0.2861178085102749
80791,2707.290081,465751.561199,5247901.819542,479.130272,0.227239820125751,0.6897940002453011,-0.6255637112110037,0.2849848146668832
80821,2708.293216,465750.979763,5247902.627435,478.882239,0.23427080005267775,0.6874170945751704,-0.6190991022823945,0.29881638489487633
80851,2710.096028,465750.604611,5247903.349719,478.791139,0.23404850651068432,0.6877641047260992,-0.6189940953483637,0.29840935436793237
80881,2711.105261,465750.209843,5247904.092879,479.036863,0.23649285328864844,0.6871948863365122,-0.6154898985064583,0.3049696761529768
80911,2712.10041,465749.799491,5247904.975805,479.39658,0.2361075032569074,0.6879933376124344,-0.6145641733409262,0.3053347198608051
80941,2713.101482,465749.537137,5247905.93268,479.835005,0.235942746554521,0.6881906851894044,-0.6147881232547846,0.30456553428073047
80971,2714.102122,465749.376847,5247906.7322,480.212566,0.23789901085033455,0.6872129465345154,-0.6137758952408398,0.3072809417667931
81001,2715.101211,465749.071413,5247907.462319,480.197713,0.2357117147063062,0.6868774972928684,-0.6206725607878003,0.29564313546573867
81031,2716.095101,465748.577753,5247907.989624,479.81554,0.2237831293897372,0.6911695056064823,-0.6282389113987504,0.2784271820866997
81061,2717.100104,465747.913166,5247908.193121,479.405308,0.2277546304855643,0.6900442394774349,-0.6237838453058294,0.2878549811830007
81091,2718.102018,465747.133407,5247908.470967,479.142501,0.2225695614576866,0.6930587139611945,-0.6248083308807891,0.2823950406380231
81121,2719.096849,465746.345054,5247908.914478,478.958365,0.22124629752513872,0.6935972774550391,-0.6267626996723065,0.2777434262729861
81151,2720.094776,465745.549622,5247909.504137,478.782846,0.22224120238016523,0.693849616353129,-0.6245417443723315,0.28129907107489605
81181,2706.033333,465745.071982,5247910.202157,478.785582,0.22751070890645306,0.692751319695925,-0.6168550612483402,0.29635168264199874
81211,2707.033333,465744.685409,5247911.077071,478.696033,0.2275013308326554,0.6927450959438,-0.6172448887531383,0.2955606939755561
