timestamp_seconds,x,y,z,qx,qy,qz,qw
7.009129,0.0,0.0,0.0,0.6242869001023085,-0.35234519067365855,0.48360530814456165,0.5022396229930461
7.988182,-0.100395,-0.034888,0.689794,0.626489516623966,-0.3495040487273201,0.49526924801397665,0.48996548598360523
9.002265,-0.148522,0.03035,0.977556,0.6313491319297697,-0.3421761067734261,0.5258917940146699,0.45579776935932814
9.998204,-0.228336,0.069254,1.108239,0.6360954917424222,-0.335176043022294,0.527281242001326,0.4527847583592258
10.997044,-0.274914,-0.014758,1.180007,0.6373434150960526,-0.33312646040799226,0.5298269164373929,0.4495593077984116
11.98896,-0.462049,-0.076925,1.601851,0.6413824254179619,-0.3267115452777747,0.5337403611428043,0.4438573841160356
12.990712,-0.5877,-0.110104,1.923587,0.6427870302981153,-0.32417619277613907,0.5374969156478318,0.43912605865145954
13.989764,-0.560557,-0.198089,1.994821,0.6470528871758926,-0.31736713088977453,0.5425102490716187,0.43160548546141597
14.990721,-0.58476,-0.346078,2.083503,0.6420083818073581,-0.3259377354445175,0.5205448854569359,0.4589366541550399
15.983557,-0.642719,-0.405726,2.278361,0.6395253076153907,-0.3291981683505643,0.5060059267251626,0.4760188536109498
16.989655,-0.679998,-0.251352,2.454593,0.6430156841626163,-0.3240152219516108,0.5171852974333736,0.46267087003969015
17.985701,-0.649907,-0.077837,2.574152,0.6409174890322998,-0.3271102686049974,0.5167971014244527,0.4638366095781814
18.984784,-0.699718,0.016758,2.555917,0.6411864261555692,-0.32668810779260216,0.512632001994644,0.46836233588078063
19.983676,-0.746409,0.084568,2.535745,0.6429864309865626,-0.3237628296331878,0.5057583089368966,0.47534683406578443
20.996026,-0.831885,0.147345,2.51109,0.6412850888485973,-0.32617652818755205,0.5057988130039306,0.4759515395959724
21.988746,-0.760474,0.240861,2.527177,0.6384524528740992,-0.3299490013599682,0.5002966851218779,0.48292375047896186
22.986362,-0.667423,0.366501,2.551123,0.08473302531384419,-0.5964346150619921,-0.08624513770538375,0.7935035227389959
23.980061,-0.750698,0.530747,2.533601,0.06593766498783526,-0.5995135190662253,-0.10218116307555516,0.7910719150022388
24.99133,-0.805861,0.542214,2.547331,0.04553422037005578,-0.6023702499930232,-0.11931211044656398,0.787934855809426
25.988216,-0.968723,0.384491,2.542994,0.023112320383672003,-0.5932079580719833,-0.15276276416733423,0.7900846011728782
26.989146,-1.383042,0.313572,2.505868,0.07684131318023618,-0.5895004539206896,-0.10908615510687844,0.7966710978691494
27.987,-1.794061,0.219287,2.459641,0.23993959953461638,-0.6004061531907199,0.09559659966627643,0.7568373206430399
28.986773,-2.125631,-0.01833,2.471783,0.5624601754640024,-0.42362476563799667,0.42674175704359946,0.5675139485074333
29.985701,-2.371304,-0.262054,2.639663,0.5671152495668398,-0.41615007348309896,0.417963120386696,0.5748967211990068
30.994598,-2.418807,-0.291068,2.691136,0.5605807846366464,-0.42508720911184145,0.42671032843028495,0.5683030390175526
31.984283,-2.478475,-0.197573,2.687134,0.5504161438028198,-0.43804028332064887,0.4346725184203159,0.5623367145756532
32.988469,-2.533979,-0.18289,2.679223,0.5564450790936476,-0.42978334268967433,0.42846209049233447,0.5675168625775738
33.990537,-2.570615,-0.209132,2.665269,0.5551274306987831,-0.43242329377931904,0.4363408164984749,0.5607587025987709
34.996511,-2.704039,-0.253901,2.888705,0.555883954363169,-0.4328052376066586,0.44503417408874435,0.5528265907813764
35.985152,-2.861234,-0.342938,3.053662,0.5547115273006344,-0.4328236612868609,0.4368197554193681,0.5604884485744533
36.990143,-2.995513,-0.500476,3.208726,0.5458603859284278,-0.44103205784067395,0.42654702059707206,0.5706003875311069
37.989044,-3.087554,-0.675322,3.365206,0.5454245588773882,-0.44240880839316576,0.4316466796493001,0.5660986140040268
38.995498,-3.175721,-0.788862,3.305773,0.5443150884167696,-0.4422307778826425,0.4236213310058994,0.5733218917257106
39.987301,-3.132745,-0.765863,3.187358,0.5424425926502663,-0.44455789172407195,0.426426569576482,0.5712133536113625
40.988166,-2.93079,-0.598942,3.205447,0.5435125892373588,-0.44325425479403335,0.4267006661147667,0.5710046168681148
41.985116,-2.728757,-0.538555,3.328508,0.53760922342901,-0.45005400691814174,0.42651902889335636,0.5714098631742808
42.996139,-2.441933,-0.571696,3.473636,0.5359458113352797,-0.4518539135931281,0.4262167479833941,0.5717774145777382
43.990078,-2.209483,-0.687497,3.633648,0.5454851101631701,-0.44170869713051397,0.4307205612022285,0.5672911242273895
44.990278,-2.026702,-0.777744,3.659185,0.5405147071223896,-0.4499828313884874,0.4470723629471547,0.5527075222292938
45.989353,-1.980065,-0.942285,3.625738,0.5489038002234454,-0.4417269782275416,0.45711944373901764,0.5427925100459253
46.99123,-2.024778,-1.231838,3.592605,0.5578595770633462,-0.4308185305048944,0.4540013860757588,0.5450420419505249
47.990403,-1.976465,-1.68715,3.574449,0.562125084112955,-0.42327414660354135,0.4382814544162788,0.5592528527802055
48.991066,-1.929195,-2.228474,3.553971,0.559847303117277,-0.42532877592916973,0.43501172036636526,0.5625222064086014
49.985621,-1.858826,-2.699612,3.434516,0.5595321791330937,-0.42512663867576683,0.43188979501959385,0.5653868468232602
50.987603,-1.756423,-3.117841,3.259275,0.561315812268627,-0.4219586717384168,0.4263933147285449,0.5701439988255307
51.987067,-1.579731,-3.543373,3.185842,0.5582702480035107,-0.4250753352869675,0.4234864478498423,0.5729786366107322
52.996408,-1.193317,-4.113058,3.281578,0.558648781384957,-0.4239102406705216,0.41951740723843894,0.5763825048834331
53.987063,-0.687562,-4.926695,3.460074,0.5494882661931098,-0.43519216276392536,0.42061418963438807,0.575981015540577
54.988206,-0.39589,-5.843673,3.465959,0.5466730679133319,-0.43770570956729776,0.4167931274436535,0.579522007818644
55.989633,-0.227825,-6.69014,3.485502,0.5362810712276359,-0.4503166465820951,0.4208320242745827,0.5766436835680704
56.99073,-0.053681,-7.448275,3.49544,0.5321968520103882,-0.45403005848223016,0.4160075976107003,0.580999910012927
57.987768,0.02864,-8.12291,3.48116,0.5320200950073799,-0.45414100254987405,0.4156724964259215,0.5813148407071473
59.000097,0.203701,-8.732097,3.413171,0.5322760530923214,-0.45231244069752025,0.4081509414016052,0.5877996838445015
59.990803,0.400448,-9.358636,3.399204,0.5234986409491155,-0.4614102345415874,0.4045114894276014,0.5911177744796464
60.98782,0.570287,-10.030972,3.33713,0.5162770992532144,-0.47022742264844214,0.40839683450336045,0.5878402447465849
61.986624,0.628083,-10.692888,3.304204,0.5178436799537046,-0.46648821372326704,0.3986881117775486,0.596049040865375
62.989481,0.685712,-11.307624,3.278983,0.5205244154091071,-0.46216335538407227,0.3929216282534599,0.6008926359623596
63.986343,0.773898,-11.991693,3.247767,0.5198114999167963,-0.4636187491113397,0.39519692449865773,0.5988931882176398
64.994689,0.929685,-12.789713,3.236538,0.5230747486798041,-0.4593581532828426,0.3924340679865416,0.6011475664008554
65.990465,1.097963,-13.603125,3.262736,0.522522109266951,-0.45877111218284206,0.38782596109025286,0.6050543247165135
66.990381,1.369248,-14.363718,3.312823,0.5159632827129279,-0.4655179265901073,0.38567935517350604,0.6068989915202491
67.98807,1.658058,-15.149376,3.362115,0.5124728804364227,-0.4692408655237282,0.384646047539426,0.6076446124603065
68.99519,1.935792,-15.928116,3.375335,0.5192107096955821,-0.46199606970760637,0.3849636554415259,0.6072749414402282
69.989999,2.12705,-16.653811,3.398826,0.519316988074159,-0.4619718340422671,0.38521795592285757,0.6070411986709165
70.990095,2.217129,-17.353085,3.354531,0.5145618522136476,-0.4681534706543041,0.38886657883804454,0.6040208705198726
71.989103,2.230333,-18.134259,3.37434,0.5139463018479896,-0.4681714802085945,0.38567535556065696,0.6065716643969034
72.994975,2.182757,-19.007404,3.355887,0.5168829804911821,-0.4641437082225717,0.38135806431946534,0.6098923096534856
73.99058,2.077002,-19.81705,3.289328,0.5194107429080819,-0.4620882871993801,0.38408773304983856,0.6075882720275743
75.00071,2.076079,-20.468458,3.265569,0.5122989501936327,-0.4678708849137198,0.37626763884962444,0.6140596751416617
75.989663,2.234082,-21.061465,3.266153,0.5164948988238309,-0.46274500116644607,0.374220991326657,0.6156774586054947
76.991726,2.399707,-21.671034,3.24765,0.5158779012401906,-0.4635184445798265,0.3737545069997094,0.6158962664635325
77.996073,2.468632,-22.288114,3.311827,0.5129096820292048,-0.466662600005022,0.3733980236893792,0.6162171628104159
79.000118,2.629505,-22.914819,3.391809,0.5269840006594798,-0.449336704595563,0.3662220567899335,0.6215028512184638
79.992207,2.864618,-23.403883,3.402575,0.5269312259682628,-0.4502102709590542,0.37091681666350645,0.6181220835229635
81.000374,3.067363,-23.792546,3.340954,0.5207496676335855,-0.4585131200142861,0.3768557619843584,0.6136491156136897
81.991045,3.157767,-24.164853,3.209146,0.5173092907221128,-0.4634561809360835,0.3812732198770081,0.6101067102477595
82.992046,3.211854,-24.605369,3.075785,0.5159189871336438,-0.464330049499089,0.37777056995360414,0.6127924610535753
83.989841,3.321777,-25.215332,3.030562,0.5128871544071025,-0.46776221782598487,0.37821265333931836,0.6124544581213639
84.992067,3.510645,-26.029602,3.163607,0.5183603127689717,-0.4614782948994075,0.3761399359089332,0.613888522532563
85.990138,3.80975,-26.826923,3.219452,0.523205536700792,-0.4559635515468342,0.37542407461765154,0.6143370168107355
87.001223,4.067649,-27.46352,3.215287,0.5176511618872487,-0.46253611312178483,0.3779153597410121,0.612599052828842
88.00043,4.282675,-27.95394,3.372178,0.5141689561167119,-0.46582895106542466,0.37613911654472126,0.6141278677279625
88.994146,4.540409,-28.371482,3.557268,0.5090529843214785,-0.4705285267108784,0.37281342995090877,0.6168290777459551
89.991047,4.778386,-28.585992,3.658238,0.5085372027443965,-0.47042224585430636,0.37042402862915325,0.6187720606527443
91.001091,4.803996,-28.491544,3.82411,0.5017703535689999,-0.4775555995042007,0.3707123669517512,0.6186594399590574
91.995038,4.748038,-28.132657,3.983593,0.4925977704450745,-0.4860185760499811,0.3659837387042778,0.6222453561826954
92.991947,4.721162,-27.788666,4.056243,0.48183951679723647,-0.49667609418888925,0.3638128202241844,0.6235252756339559
93.988793,4.696843,-27.582506,3.9163,0.5003059737441045,-0.47810088344592505,0.36577105091165935,0.6223544136576601
94.99071,4.632618,-27.542273,3.797104,0.5025347409889288,-0.47550668438639493,0.3641897751452216,0.6234725614513605
95.990981,4.623938,-27.777812,3.690895,0.5076167654019441,-0.46989387320737735,0.36256365759226794,0.6245578929117409
96.996051,4.678025,-28.159806,3.529605,0.5100092123178502,-0.46632992937525736,0.35832532493344,0.6277180591883096
97.989612,4.830112,-28.844073,3.58107,0.5112914191381343,-0.4652104201067821,0.35839347880486416,0.6274667035707404
98.992435,5.055691,-29.711415,3.878687,0.4964830255426947,-0.4806645200976617,0.3569411600357555,0.6285373757697993
99.99452,5.257837,-30.611775,3.974512,0.5035840423153896,-0.4724029687105335,0.3541365891472021,0.6307343527238329
100.998957,5.379733,-31.482897,4.02886,0.4950274743477307,-0.4810386306499339,0.35303687961510605,0.6315968627969684
101.9915,5.340639,-32.327492,4.053692,0.49582201096906703,-0.4800703676450875,0.3519240506604026,0.6323309561570392
102.999317,5.088522,-33.109698,3.98481,0.4948962961204514,-0.4817984989587485,0.3558877235932622,0.6295171091264804
103.990109,4.921273,-33.830173,3.906046,0.48245354141777125,-0.4953533666445821,0.3591518902467141,0.6267962525889426
104.996367,4.757956,-34.427255,3.812558,0.5032852415163335,-0.47306235369292177,0.3577867839131773,0.6284143477415394
105.992047,4.751375,-34.808046,3.672441,0.49385789900633975,-0.4827896126142679,0.3573002303580488,0.6287727021165076
106.990709,4.817686,-35.200944,3.621208,0.4976950437924478,-0.4772828077769685,0.3509776527990593,0.6334946345634113
107.990602,5.073529,-35.712237,3.708384,0.5011702113593283,-0.47358207438916494,0.3506080475044311,0.6337368815908007
108.995519,5.347069,-36.264737,3.72119,0.49690259740733034,-0.47805987447104387,0.3503487526232211,0.6338787870294537
109.993408,5.49517,-36.810919,3.701703,0.4866688803873435,-0.48752454712867943,0.3457799178168362,0.637110245753502
110.990173,5.596718,-37.461123,3.722299,0.4961218559612135,-0.4779553191479779,0.34595399924157855,0.6369753899049111
111.987977,5.65058,-38.110404,3.727517,0.493512577547191,-0.4804503380254877,0.34526813546501606,0.6374972338186525
112.995073,5.685835,-38.752078,3.68558,0.4944138298100164,-0.4792253338683161,0.34397839513770667,0.6384175028536426
113.991817,5.762173,-39.47445,3.584326,0.5066513439547257,-0.4649741969342699,0.3376510149691052,0.6427248275463882
114.998782,5.959514,-40.168985,3.578717,0.5093511238134446,-0.46354271991820034,0.3441156556948336,0.6381802214002974
115.993552,6.197127,-40.857099,3.634625,0.4940441295394332,-0.479801055162173,0.34392798738389535,0.6382984294410824
116.997391,6.484494,-41.603011,3.706512,0.500692172570227,-0.4721443003708656,0.3410246673081937,0.6403821392274677
117.996429,6.806791,-42.304855,3.765516,0.5068437918745919,-0.46552065542220133,0.34052904568828524,0.6406558038885585
119.000177,7.224881,-42.967412,3.810958,0.50395926894303,-0.46849487052191274,0.3400789612244671,0.6410022711921934
119.992133,7.64247,-43.671854,3.865962,0.4749775949208379,-0.4978583501384535,0.3380309920487632,0.6420813000977077
120.993081,7.95406,-44.450558,3.898802,0.494247382159558,-0.479109480695531,0.34140708447949336,0.6400115884914075
121.995711,8.030288,-45.278502,3.991955,0.4867211749743063,-0.486693430346099,0.3401676962243301,0.6407167401707322
123.001768,8.03591,-46.036348,3.943195,0.49243988096003066,-0.4809908471104334,0.340661140638165,0.6403910960461294
123.991598,7.903477,-46.759876,3.875859,0.4932094253059409,-0.4796939609769796,0.33859316340112244,0.6418666810869843
124.998818,7.845262,-47.428812,3.83732,0.4903754093468098,-0.4819467193197094,0.3358891659572014,0.6437684256295068
125.993836,7.950831,-48.1175,3.761075,0.49407709217195583,-0.4779595299109261,0.3348953258511435,0.6444281460964345
126.997959,8.125545,-48.767763,3.678561,0.4918616755788648,-0.4801884848381356,0.3345158102013455,0.644662922658768
127.992701,8.323602,-49.398564,3.555949,0.4921074499582689,-0.4794266402791302,0.332229049212648,0.6462230366874082
128.992435,8.509455,-50.083346,3.457253,0.49506142129991904,-0.4763259915941677,0.33188484173159993,0.6464365326164108
129.991502,8.742111,-50.795923,3.395941,0.49033859372572836,-0.48094675098077183,0.330658903613312,0.6472425941525767
131.001279,8.926786,-51.566707,3.437788,0.49013373346316813,-0.48121537915256274,0.33025133909278265,0.647406159389865
131.99623,9.133808,-52.411567,3.403156,0.4955690728044405,-0.4752182390144152,0.3288999768753003,0.6483854753148101
132.991141,9.356108,-53.270269,3.358493,0.4871723390891509,-0.4840510902113974,0.3292600575966004,0.6480319965580762
133.988976,9.418666,-54.165471,3.375222,0.4823370737001811,-0.4891109599125188,0.329570551383528,0.6476918000782146
135.000631,9.295968,-55.085571,3.423095,0.49456013470789634,-0.47666587987505316,0.3292941727188718,0.6478929386357307
135.994228,9.260543,-55.994619,3.411976,0.49466083728570437,-0.4762538782622563,0.32856044586723737,0.6484912743495382
136.994127,9.318719,-56.910313,3.344118,0.4936237165671749,-0.47725158683986096,0.3284229839092596,0.6486176785606311
137.992131,9.344506,-57.83916,3.343846,0.4970352195705813,-0.4732214059819238,0.3269876372458591,0.6496896001286198
138.993058,9.458467,-58.720855,3.374105,0.4911514077458931,-0.4786722416621653,0.32478610250320383,0.6512734965835195
139.992956,9.669668,-59.475314,3.2833,0.4914854655477698,-0.477184098492549,0.3214779104628758,0.6537502018244955
141.002067,10.012742,-60.128584,3.310178,0.4852007327390021,-0.48316403932737917,0.3197934616842524,0.6548777763173742
141.991779,10.41166,-60.83348,3.331731,0.49116575099869114,-0.47779726769477754,0.3221312191073248,0.6532208307346954
142.99779,10.78969,-61.592632,3.322337,0.48852465921932586,-0.48062261227864816,0.32225000377262397,0.6530700551775694
144.000772,11.017165,-62.353078,3.339194,0.4791861879040674,-0.4888133308944308,0.3176545235068793,0.6561537385075824
145.001041,11.243845,-63.107783,3.32715,0.4735748873928123,-0.4945033906352163,0.31790627170057406,0.6558420732879223
145.995818,11.490906,-63.88659,3.298546,0.4770140431452213,-0.4908232833540283,0.31651085225398085,0.6567883887259877
146.9988,11.652925,-64.699691,3.340161,0.48471781879824166,-0.4839525940334533,0.3196669826016235,0.6547148563322356
147.994496,11.922381,-65.503701,3.386841,0.48829104741734586,-0.47920691155992,0.3158935010398726,0.6573765168653702
148.998262,12.359639,-66.377645,3.42179,0.48025755686978655,-0.48697508016555835,0.3145430771496184,0.6582329397595209
149.994169,12.786379,-67.264889,3.536867,0.4866366602180333,-0.4807588735040305,0.3146035458161189,0.6580883492654305
150.996059,13.163853,-68.157571,3.626873,0.4768157670266122,-0.4912445798917494,0.31679888735143497,0.6564784474868121
151.992068,13.484895,-69.09601,3.762735,0.49382501452264355,-0.4740098122867731,0.3167365959390821,0.6566045093360933
153.000973,13.676038,-69.9831,3.974898,0.48887655698007293,-0.4782477565347198,0.31409245305230254,0.6585018802861569
153.999721,13.753039,-70.755668,4.066684,0.48857063408610957,-0.4798228915768742,0.3189677558938825,0.6552314849940628
154.993557,13.71371,-71.306786,4.084962,0.4866227439199953,-0.48204118981808924,0.32005728303610986,0.6545211470946367
155.99458,13.635922,-71.648584,3.982997,0.47303507738532974,-0.49457262505787064,0.3163535327739534,0.6569293541986545
156.997565,13.399354,-71.769499,3.772886,0.4774818004781598,-0.49223319304429325,0.32383656528673915,0.6518032623889222
157.99414,13.070663,-71.884328,3.522481,0.4655320304219289,-0.5026492666476263,0.31795840634187467,0.6553824038119843
158.99439,12.877082,-72.233448,3.256681,0.44721169258341775,-0.5175824128210281,0.30818346015720643,0.6611604214111496
159.994194,12.769945,-72.849121,3.074994,0.47150107730874524,-0.4956054565629097,0.3119547637902465,0.6593528576341608
160.995299,12.706346,-73.712907,3.020888,0.49373934544235887,-0.47434227468729606,0.3151634628411004,0.6571855574315668
162.001043,12.855995,-74.553583,3.118118,0.4883356349822277,-0.478418361710142,0.3104073950106221,0.6605236013253484
163.001987,13.086443,-75.381688,3.167509,0.49570374675582957,-0.47203715970555743,0.3144860798450235,0.6576908246988489
163.990828,13.22128,-76.086618,3.12834,0.500485588297595,-0.4666763421425083,0.3140434497297441,0.6581064346082178
164.993044,13.297366,-76.591341,3.057662,0.49583761974006046,-0.4720310942964326,0.31645780654166056,0.656647666215806
165.994055,13.379958,-77.030577,2.986445,0.4968731659460944,-0.47048044884134443,0.3146164993264338,0.6578614311329796
166.995082,13.497737,-77.546911,2.990144,0.4913434314676198,-0.4764630647042212,0.31506647920354197,0.6574934935104451
167.991661,13.650235,-78.121558,2.986794,0.4939106404908336,-0.47350594484777864,0.3134822266657443,0.6584628258060086
168.992593,13.762934,-78.73996,2.966126,0.4940495802691379,-0.47233819501774965,0.3097653443531885,0.6609516421047863
169.991622,13.966453,-79.345102,2.979009,0.49140353709276496,-0.4744728980332451,0.3074085885458869,0.6624937678596523
170.995588,14.206337,-79.987586,2.99579,0.48594613895073935,-0.48114794599461047,0.31102124999105846,0.6600142317844637
171.994336,14.290352,-80.712775,3.0617,0.5030335945804768,-0.46439006286520274,0.31249913731791534,0.6585160297297675
172.995352,14.40385,-81.387023,3.13813,0.4927799375059647,-0.47435590623738955,0.31034433114699955,0.6601824017150442
173.990129,14.578032,-82.001344,3.273679,0.49687727804376425,-0.47037323273647924,0.3113329309988674,0.6594951088253107
174.995072,14.807442,-82.522212,3.45915,0.499237622019365,-0.46714227463683156,0.30996384865407295,0.6606529380356465
175.994952,15.123223,-82.930542,3.494434,0.4968640898773043,-0.4698601048006291,0.3111255257428808,0.6599685335971375
176.994965,15.24194,-83.202453,3.558823,0.5035859513199686,-0.4634536650955671,0.3132514198774439,0.658396110170324
177.993081,15.236724,-83.455715,3.555901,0.503702036764441,-0.46387177835686116,0.3156307933013664,0.656874747363108
178.997053,15.206131,-83.606938,3.526629,0.49094890376276457,-0.477792672061383,0.31862159527060957,0.6551058047718669
179.996241,15.213779,-83.755717,3.517376,0.507924413566854,-0.4590277772959035,0.314279931266642,0.6576734862958858
180.998178,15.306099,-83.902146,3.456022,0.5121863598709347,-0.45547078530676877,0.3173838904435238,0.6553464447001525
181.992783,15.450525,-84.12285,3.347952,0.5048569405620964,-0.46187488585362296,0.3123943837904917,0.6589391537616668
182.994665,15.655146,-84.461358,3.380404,0.5099905575944776,-0.4550131433844993,0.3075925599537328,0.6620116974592974
183.994731,15.938687,-84.824277,3.500947,0.502827534785029,-0.46212746976021496,0.30657672026631744,0.6630334731714381
184.999516,16.182669,-85.074827,3.630188,0.5041229351485449,-0.46081644431444113,0.30791824017000025,0.6623402662357332
185.993211,16.281505,-85.210601,3.676569,0.502590198164219,-0.4630171168461334,0.3110547950644208,0.6605022003628573
187.000075,16.306415,-85.351329,3.689365,0.5058275283399212,-0.459722930722374,0.31147297966627707,0.660134775238639
187.997615,16.304511,-85.471038,3.697676,0.5075077434965317,-0.45828031407303543,0.3134213932614845,0.6589249382670294
189.001527,16.286274,-85.619846,3.725288,0.5093431809355096,-0.45563812807426696,0.31163540396805556,0.6601869396414486
189.993201,16.285044,-85.782642,3.72618,0.5046836067437583,-0.460399059952378,0.31120246912302246,0.660666470990327
190.995736,16.336178,-85.958581,3.751102,0.5093357030398036,-0.4567015752813399,0.31549903610135793,0.6576178000659697
191.992527,16.40941,-86.046474,3.800475,0.5133306917222745,-0.45177657706790086,0.3134014265913935,0.6589150712794645
192.994367,16.466874,-86.005194,3.814823,0.50432852593492,-0.46038520297574803,0.3107825636685423,0.6611447654855164
193.99024,16.462204,-85.953519,3.810842,0.5111771196859343,-0.4533494848498588,0.3125936249613829,0.6598919779247676
194.995069,16.447525,-85.85661,3.800871,0.49890786087786293,-0.46484994705409804,0.3066625781935155,0.6640508536353095
195.994729,16.469634,-85.83654,3.808152,0.508064257387468,-0.4577718530455186,0.31660535095285314,0.6573254085098289
197.002699,16.562428,-86.042271,3.867872,0.5011280850663349,-0.46159366585372946,0.3035983647682292,0.6660555253967354
198.00143,16.642287,-86.262535,3.919958,0.5035075392426427,-0.45923511109528536,0.30507384615886934,0.6652166707569451
198.994356,16.619595,-86.362541,3.913725,0.5087880955996094,-0.4550334650705818,0.30958062860047003,0.6619962642170425
199.996577,16.554265,-86.325184,3.866388,0.5152717581731252,-0.4510377790255601,0.3205693310872227,0.654442695036897
201.005572,16.485757,-86.251538,3.796208,0.5326208793990467,-0.4356455022722191,0.33548416229487305,0.6434115106426676
202.001508,16.493554,-86.233371,3.782887,0.5333717940807887,-0.43456562249713226,0.3337539184017206,0.6444187853982987
203.003441,16.60776,-86.281358,3.859408,0.5416161066637087,-0.426175712337891,0.3377865921159264,0.6410354696913785
203.996374,16.824606,-86.312065,3.979299,0.5403898145216287,-0.4306934816192105,0.3512133400508841,0.6317682826973072
205.002457,16.984151,-86.3527,4.022182,0.5454727761517564,-0.4204771203323366,0.3342295430357742,0.6433887272220575
205.995449,17.047348,-86.3978,4.047486,0.5332697076038627,-0.4351058196394334,0.33601861877879363,0.6429602106677982
206.995591,17.101263,-86.552116,4.017592,0.5086332863137948,-0.46486114838517784,0.3456352863658053,0.6369713820843688
207.99354,17.398538,-87.085616,4.10902,0.5355874679623531,-0.4338200232331263,0.339680878922192,0.6399712119293588
208.994515,17.924903,-87.710411,4.182179,0.5393185801219899,-0.42776491661249727,0.3339685574156542,0.6439081051737203
209.995355,18.293818,-88.23124,4.162525,0.5524258318864687,-0.4100737503600784,0.3251711756228926,0.6487903560274222
210.997215,18.319376,-88.460354,4.076589,0.5574876695797809,-0.40542697523284676,0.33134018996590986,0.6442438548666214
211.995136,18.148056,-88.391175,4.007017,0.5703676425871104,-0.39026297315267783,0.3332649462780768,0.6413345770016811
213.00014,17.976699,-88.182742,3.982985,0.5710676991452814,-0.3898998360940555,0.3365535001987129,0.6392116568952242
213.999303,17.92874,-87.818002,3.920217,0.6233910226203454,-0.29926699797224987,0.2714338557680439,0.6694374943069219
214.997074,18.179222,-87.958111,4.027555,0.6666917431823384,-0.1864173568201487,0.17692493935122763,0.6996200786743106
215.99653,18.716707,-88.375219,4.116123,0.6852547999237851,-0.10193532541479798,0.09294793816492937,0.7151193812258768
217.003469,19.471012,-88.955267,4.176486,0.6891173625667502,-0.08502343293100652,0.08522101611076638,0.7145807546210025
217.998276,20.167262,-89.449474,4.131096,0.6895763682894387,-0.07457967910213645,0.07805044337173196,0.7161217997318938
219.004258,20.543771,-89.740109,4.094373,0.692353851319901,-0.020879289622714958,0.026374529378570523,0.7207736010894198
220.003159,20.627505,-89.702504,4.146583,0.6909535919536668,0.011871849144286769,0.0006617766580724466,0.7228013247192315
220.999835,20.608421,-89.522704,4.197321,0.6900264373423013,0.009479678222580628,0.004799635783193863,0.7237061661792279
221.995702,20.717921,-89.329722,4.212524,0.6881371577815592,0.010373969252154959,0.0036862373898032554,0.7254971016456089
223.000583,21.010264,-89.114081,4.261982,0.6893768228289684,0.012601850107801476,0.007366099876506743,0.7242558457428612
224.003641,21.427168,-88.775556,4.338365,0.6898576430993776,0.014567030293777166,0.008319393669044928,0.7237506625729413
225.004637,22.050398,-88.383098,4.43115,0.6875543150321192,0.01997232815250262,-7.612557393360705e-05,0.7258582259599868
226.003507,22.720913,-87.969066,4.555228,0.6867730946890351,0.013079714922456003,0.0039960841265466954,0.7267431931435246
227.003431,23.419295,-87.484164,4.6842,0.68168320385306,0.01425965798499822,-0.0029908195616654976,0.7315023764398362
228.000127,24.067514,-86.923179,4.837182,0.6842481410782643,0.0210559154905644,-0.0024412365204125076,0.7289411294597427
229.004211,24.4846,-86.201165,4.904818,0.6849361366494293,0.02689064319028358,-0.0009695649391779498,0.7281060650512368
229.995641,24.675527,-85.322633,4.98065,0.6851457628906199,0.011369088922459917,0.01608701990898087,0.7281395712365534
230.995707,25.018223,-84.567155,4.951884,0.6863033565320438,0.012659650184143799,0.01696103803090116,0.7270073997278019
231.998398,25.480011,-84.145618,4.914701,0.6874272818254943,0.0110541056990558,0.019512071846466972,0.7259068934797801
234.396748,25.8953,-84.181742,4.883198,0.6880064237119694,0.0077963281521302484,0.022339269633678393,0.7253187817991784
235.397579,26.218722,-84.552141,4.907795,0.6876468037188885,0.022465026815124346,0.009549838827154137,0.7256348919971859
236.397499,26.377522,-84.93089,4.871901,0.6869411594051451,0.034331439795067926,-0.00019829233541916735,0.7259016162241703
237.407541,26.342144,-85.213663,4.629239,0.6762401682290614,0.11506537608237384,-0.07691794165960199,0.7235625918684595
238.402464,26.254627,-85.369307,4.383156,0.6679426083230378,0.15237153921227042,-0.11076015219871863,0.7199776209783311
239.405365,26.390336,-85.28273,4.344328,0.6539449660801707,0.2056565964532342,-0.15892105148990682,0.7104966186175825
240.407358,26.685053,-84.864546,4.411121,0.6550770836121939,0.19684208680510398,-0.14869100837578977,0.7141555792798552
241.407298,27.08972,-84.395957,4.494488,0.6566913093100263,0.19257595679951664,-0.14346192937861538,0.7149053783252713
242.404793,27.546392,-84.08318,4.596765,0.6528174754965439,0.20496617527475086,-0.15396751547196544,0.712819903523288
243.409623,27.950658,-83.93395,4.784754,0.6525599421235977,0.203871425654376,-0.15077135732758357,0.7140517919219146
244.405451,28.357064,-83.868859,4.910631,0.6529675483565792,0.20350178692088128,-0.14874096326172484,0.7142104237276162
245.407373,28.776439,-83.834436,4.865074,0.6513159208306629,0.20839822222715043,-0.15258422378293357,0.7134954848474014
246.405141,29.159636,-83.812026,4.802642,0.6516551204233666,0.20552665617237476,-0.14840678036197502,0.7148984719323455
247.40681,29.528664,-83.718476,4.779342,0.6502150268565892,0.208927554406975,-0.14991997561887882,0.7149081736627723
248.404031,30.011207,-83.530405,4.703475,0.6503979234388653,0.2075581701384338,-0.1496279518562577,0.7152018059390639
249.413674,30.549214,-83.346287,4.610058,0.6485930207283795,0.21389479828858945,-0.1542225497289345,0.7139968584543113
250.410303,31.044485,-83.086791,4.572131,0.6453846354150827,0.2191518939323607,-0.1580713703873066,0.7144680270102218
251.408057,31.558239,-82.626386,4.582163,0.643131586028923,0.22305092152671402,-0.1607453604435122,0.7146964240528219
252.408088,32.130142,-82.075048,4.551832,0.641765883958661,0.2279022041072486,-0.16477231877220722,0.7134754505350879
253.411118,32.706016,-81.603363,4.601787,0.639838899661577,0.2298670714877199,-0.16673392296108394,0.7141198154788377
254.402031,33.375703,-81.227812,4.85029,0.6435942800322862,0.22029908001493403,-0.15768822680571895,0.715813621818672
255.408061,34.211258,-80.865139,5.08799,0.6414159280946383,0.22706990084002585,-0.162938995774124,0.7144758575173233
256.404609,34.824637,-80.448969,5.139062,0.6396472961273472,0.230722991943367,-0.1653912553806824,0.7143276350452059
257.408364,35.272071,-79.983688,5.08823,0.6402757485240012,0.23038132027382455,-0.1634093218478971,0.7143310203638996
258.406437,35.757339,-79.506308,5.013706,0.6371624779322184,0.23891403837414985,-0.16830307161112304,0.7131746876251932
259.41165,36.317992,-79.101201,4.972736,0.6375163566383115,0.23684366481241453,-0.1676755265224235,0.7136966381189321
260.398511,36.942575,-78.682255,5.002384,0.6298685000973481,0.2594182872813049,-0.18755480963056398,0.7076658944682824
261.41148,37.60218,-78.104039,5.144738,0.6383440626192798,0.23423534648010244,-0.16448320823970428,0.7145599585655731
262.412392,38.305692,-77.786246,5.313913,0.6411617319176953,0.22926282218591504,-0.1601274295254404,0.7146393483437824
263.406242,39.178392,-77.628879,5.580187,0.6389630975215409,0.23314808115534352,-0.1635771028561205,0.7145702650407847
264.402342,39.984251,-77.440838,5.792901,0.6383316043845657,0.23441768079463673,-0.16372991913945947,0.7146842850890707
265.406204,40.650111,-77.190585,5.908386,0.6378494873043633,0.23466697926058658,-0.1615454922800363,0.715529520225597
266.404027,41.229472,-76.834329,6.015764,0.6373496441308725,0.23493260602842542,-0.16015703346619328,0.7161995716155181
267.405774,41.818734,-76.477196,6.1195,0.6386577567348207,0.23068655295899962,-0.15690282618158707,0.7171342183877241
268.404556,42.436539,-76.149751,6.230733,0.6420155925708859,0.21959039255997556,-0.1468428843371863,0.7197452366711057
269.408173,43.06024,-75.947664,6.31353,0.638358537333389,0.2312242288736408,-0.1567474841119285,0.7172614307349496
270.406031,43.60846,-75.708351,6.371901,0.6388963372203235,0.23013310981385848,-0.15618546709502817,0.717256106228567
271.414196,44.042999,-75.358472,6.375073,0.636378386549043,0.23411518535706785,-0.1587495233339586,0.7176428206006825
272.409028,44.463836,-74.809789,6.375596,0.635534893343843,0.235381356883708,-0.15941547184461938,0.7178284777790387
273.405059,44.98307,-74.260504,6.438114,0.6382219732389717,0.23303801207307176,-0.16075306010448803,0.7159081306082695
274.401682,45.652216,-73.824911,6.538536,0.6365270862702102,0.23789761956690103,-0.164998774128598,0.7148520095689866
275.411976,46.307927,-73.347034,6.686912,0.6346367334231163,0.23922913173302096,-0.16470133022318598,0.7161557867831652
276.40943,46.957073,-72.763104,6.774872,0.6334662350886279,0.24290404916539893,-0.16800079679520785,0.7151880061759062
277.408384,47.480541,-72.21749,6.829257,0.6367669428080854,0.23382721091192854,-0.15975022386918164,0.7171698278355966
278.406387,48.100585,-71.764966,6.950363,0.6338209959873428,0.24229227277306153,-0.1687912966535344,0.7148950257024423
279.407234,48.822962,-71.347752,7.08197,0.6367090020286545,0.23675882480450036,-0.16491281206452754,0.715087875739644
280.401755,49.522214,-71.003047,7.189112,0.6373254875172171,0.2359293094415014,-0.1643881569703993,0.7149336457009653
281.403536,50.178785,-70.648738,7.278069,0.6351890530527792,0.2408125056514802,-0.16849878849126604,0.7142495098218444
282.401417,50.81801,-70.171016,7.295398,0.6346089389245703,0.24182458230222528,-0.16997784112949926,0.7140727550861606
283.402438,51.447319,-69.670221,7.395074,0.6349561128618764,0.2396865921247867,-0.16747610127833973,0.7150754000771874
284.407327,52.13047,-69.099697,7.556809,0.6364325837744816,0.23727478791656959,-0.1668737647284271,0.7147079039542279
285.408163,52.859592,-68.518344,7.773546,0.6350291900202987,0.24119088336275307,-0.17002668625516165,0.7139018220777609
286.402784,53.629177,-67.980744,7.997529,0.6363183927502096,0.23707028870729208,-0.16600064637893894,0.7150806714363113
287.406847,54.363728,-67.569762,8.154864,0.6370034102237376,0.23773013175259594,-0.16808191268108075,0.7137643241642802
288.408534,55.044997,-67.244454,8.287431,0.6364359648014981,0.23972762051899427,-0.17033524259755603,0.7130679040573339
289.409433,55.772171,-66.812801,8.309396,0.6379356048349143,0.23518279172904852,-0.1663138755961986,0.7141896900282273
290.402186,56.424913,-66.407032,8.367234,0.6380945384740172,0.2360177013888473,-0.16717774392963836,0.713570323468789
291.414112,57.006039,-66.088975,8.458984,0.6381188064265167,0.23477418480169235,-0.1655767933737162,0.7143317132338282
292.412974,57.66,-65.69858,8.499381,0.6360815867642778,0.24126037233261302,-0.1713723499183124,0.7126185272674594
293.414023,58.372566,-65.301791,8.523876,0.635807759766533,0.24267051507491388,-0.17305475462741907,0.7119772226938039
294.4127,59.074251,-64.992676,8.560409,0.6369960448629842,0.2383355925745444,-0.1693912299667898,0.7132592763865003
295.413456,59.851106,-64.623578,8.637958,0.6351862894913668,0.2438044183098111,-0.17506045723904143,0.7116541432227189
296.40703,60.588745,-64.155538,8.820633,0.6317137841131166,0.2512004805770739,-0.18150917686292317,0.710556424384354
297.409211,61.379263,-63.492077,9.183329,0.6343035026006033,0.24239100815683728,-0.17315032855223336,0.7133895355803672
298.407106,62.113706,-62.839325,9.472224,0.6363481909796148,0.23878828069274008,-0.16961665458521655,0.7136324875789333
299.411176,62.839704,-62.287277,9.662058,0.6380373584745254,0.2348279430335851,-0.16728281615570112,0.7139892336586618
300.411031,63.465406,-61.837601,9.701358,0.6370866320072618,0.23743004852964633,-0.16865952019197608,0.7136536706424665
301.415045,64.004837,-61.465831,9.639847,0.6347558991032504,0.24258596673183558,-0.17247566201031675,0.7130842469950573
302.408665,64.549668,-61.074772,9.561576,0.6348163017719117,0.24100667468223977,-0.17067678534410807,0.7139982357876268
303.409557,65.153106,-60.609634,9.5764,0.6335312317484816,0.2439276607271555,-0.1733289278725617,0.7135086246808637
304.410501,65.889975,-60.148013,9.727279,0.6359823068445274,0.23916076170146905,-0.17083091264345657,0.7135442766419545
305.414543,66.689759,-59.82937,9.835961,0.6339581439793286,0.24512289589326175,-0.1759260330723078,0.7120827679972515
306.400271,67.407052,-59.58066,9.9383,0.6371727993219692,0.23911635323984132,-0.17128422178679592,0.7123874709625209
307.402113,68.133359,-59.407878,10.108382,0.6400263087178358,0.23353854150703257,-0.16781933749383807,0.7125045569980017
308.398059,68.906807,-59.288237,10.232518,0.6389006156278759,0.23572042149401312,-0.17010017910605915,0.7122554424566321
309.398956,69.705912,-59.014463,10.301531,0.6389425907694729,0.23708365794520603,-0.17110072059595127,0.7115252969836425
310.399791,70.349419,-58.58215,10.451529,0.6380485922994159,0.23862508582093322,-0.17154134547317085,0.711706139551248
311.408511,70.884083,-58.0792,10.660478,0.6365356528455998,0.2401888053758049,-0.1706737925757541,0.7127427003879999
312.403404,71.260964,-57.682086,10.771335,0.6385958400427043,0.2345636378933374,-0.16596636595305206,0.7138840369631008
313.406146,71.700055,-57.38019,10.784679,0.637251661742264,0.24151619066830432,-0.17444517393868259,0.7107384403149286
314.409094,72.211402,-57.128659,10.778114,0.6371860240754722,0.24035079320603497,-0.17187659994848378,0.7118173229967577
315.408143,72.663453,-56.968234,10.771723,0.6338244970337383,0.24698086172605188,-0.17651805042969262,0.7114129172101714
316.399654,72.927736,-56.831796,10.778468,0.6297888668400315,0.2493357942171396,-0.17333202767639083,0.7149501053276713
317.400403,72.860056,-56.556206,10.811277,0.6014642852363673,0.3076743585486668,-0.21784174328654715,0.7043594093633238
318.397283,72.708381,-56.13822,10.810944,0.6036073991247176,0.31006925193904256,-0.2208069230337996,0.7005422681496114
319.406511,72.736279,-55.768986,10.74196,0.6063555005731459,0.3057422038878309,-0.21795937667547385,0.7009624967184341
320.403128,72.819793,-55.470019,10.735767,0.6062393801591671,0.30445826806053683,-0.21517814882354347,0.7024794240564489
321.404028,72.982725,-55.064658,10.688105,0.544911350389238,0.4176654538718046,-0.3085093322522123,0.658368575170725
322.398799,73.280442,-54.828406,10.967915,0.11357281499304163,0.6783333862693826,-0.07102724455839317,0.722440421970775
323.402787,73.553574,-54.650187,11.114362,-0.11518477685426434,0.6796018404190781,0.14459423200973137,0.7099058485105973
324.403494,73.868136,-54.400149,11.070342,-0.08824103017976913,0.6830230434574189,0.11955533084961005,0.7151220634020589
325.404247,74.057009,-54.236392,11.038286,-0.1244066908677797,0.6753563155038025,0.15783386471201882,0.7095810690305411
326.395953,74.2359,-53.908429,10.981323,-0.1636216899351592,0.6656002577956408,0.19800071002097488,0.7007138918533934
327.39985,74.487303,-53.664559,10.91948,-0.26052460717032117,0.6335651475616555,0.29321355615544653,0.6668942519924762
328.398977,74.710574,-53.279213,10.821002,-0.3409278304211438,0.5930965083474642,0.37363621051115015,0.6264189719550691
329.400048,74.746556,-52.891357,10.667212,-0.3743137373039269,0.5725366863350082,0.4068036328720046,0.6054764843891416
330.403009,74.774031,-52.536264,10.587613,-0.2989852397098904,0.6138781647155023,0.33427317363908304,0.6496328737882663
331.407805,74.864606,-52.24144,10.539542,-0.41242762850726544,0.5425276135983819,0.44808030302689855,0.5786115119546452
332.406946,74.957661,-51.904212,10.379194,-0.4106574502044172,0.5441700256762855,0.4460267551534493,0.5799134206365313
333.407662,75.072654,-51.495383,10.276484,-0.43819204900331377,0.5215808132564308,0.4741103472497321,0.5578176781563814
334.396371,75.16127,-50.979816,10.197591,-0.4759387894474714,0.4865500046031789,0.5125740077136617,0.5234684788373387
335.40158,75.13668,-50.388392,10.158297,-0.3927432694221081,0.5552985863212822,0.4305516539835486,0.5933139789396922
336.399036,74.985725,-49.997882,10.358452,-0.5156175670929847,0.4440721855020842,0.5525948239072397,0.4812248737954438
337.400052,74.904293,-49.557798,10.436006,-0.39394675029173104,0.5559484825563116,0.4301348178646059,0.5922088154852994
338.398171,74.822453,-49.13619,10.457279,-0.46502960139267896,0.49748061652062847,0.5013587339666365,0.5337601763809219
339.40018,74.642342,-48.732647,10.437035,-0.4764197029526387,0.4832099668975599,0.515951580613446,0.5228062365655802
340.401044,74.571324,-48.413185,10.245996,-0.6043446375585625,0.3170263582260311,0.6402744752237624,0.3525768620047063
341.404031,74.699701,-48.201282,10.04099,-0.6001453645256363,0.32205013824860373,0.6378742060817792,0.359479828513348
342.39583,74.840554,-47.958492,9.831524,-0.6791978271761777,0.09966437119581525,0.7146496111684039,0.13428796643836327
343.40674,74.864712,-47.603504,9.821072,-0.6455353805979189,0.2185299994081046,0.6849594041805025,0.2576030403152977
344.407589,74.792617,-47.06796,9.881385,-0.6453893868211933,0.22643924208442354,0.681064717607648,0.2614357654430829
345.407533,74.469756,-46.614992,9.994907,-0.6518851523382382,0.20207431652786598,0.6903534642956273,0.24004960548972795
346.407468,74.055821,-46.161999,10.085413,-0.5987595899220879,-0.32917517130770163,0.6901417580713293,-0.23840095183764126
347.409437,73.61993,-45.646042,10.252705,-0.5784828024906155,-0.35898089182306325,0.6885936325608463,-0.24965811768332297
348.401167,73.290511,-45.050254,10.304674,-0.5756902054108577,-0.36506886228555324,0.6852363748231249,-0.25643054381800534
349.410169,73.074062,-44.532153,10.327734,-0.574258828077377,-0.3672299288565881,0.6847067453802453,-0.25796443661476776
350.401637,72.949328,-44.00945,10.318423,-0.5358972455291949,-0.420859652061393,0.675027503089738,-0.28289426571321424
351.407564,72.788093,-43.414861,10.277201,-0.5374861563486566,-0.41900014494195814,0.6750675159051045,-0.2825444376410147
352.402432,72.609261,-42.789192,10.286787,-0.5311818307483824,-0.4260204256600399,0.6753275173205493,-0.283346438045193
353.408041,72.454709,-42.229022,10.340591,-0.52862029781642,-0.42968668609826144,0.6737763385031886,-0.2862784976200804
354.404735,72.377257,-41.591602,10.470647,-0.529807158674365,-0.42825939575593286,0.6740137513617352,-0.2856636615662561
355.407066,72.288807,-40.883095,10.650276,-0.5408623457530833,-0.41329488720066143,0.6776812374776301,-0.27821466447880266
356.408067,72.230175,-40.182016,10.811244,-0.5255901943587341,-0.4324738328115125,0.6749766006966009,-0.28482963335883704
357.410751,72.168011,-39.425211,10.951979,-0.5310711663501124,-0.42215040572213525,0.6822503379562601,-0.2725562833227966
358.406797,71.926003,-38.725525,11.058337,-0.53408298032713,-0.4178794766965336,0.6834048882751025,-0.27035138572312944
359.408943,71.562943,-38.056531,11.073441,-0.5100755158566799,-0.44766169092090563,0.6780848708716674,-0.2821752762031636
360.405624,71.073694,-37.427549,10.888597,-0.5352132424125765,-0.4163890012362702,0.6830821046058693,-0.27123020326448566
361.407659,70.838907,-36.751534,10.699125,-0.5300533775233152,-0.4233346416429247,0.681395836350452,-0.2748288783324096
362.407844,70.906367,-36.222168,10.671942,-0.5148314581495312,-0.44201787514478896,0.6782786287681133,-0.28196962515235763
363.410049,70.993671,-35.632186,10.691816,-0.5254758231549594,-0.42863071676678066,0.6810818641153633,-0.2761853766888382
364.404741,71.058969,-34.958628,10.776761,-0.5281164654137276,-0.42525704489844585,0.6816345676654547,-0.27499774705746416
365.407672,71.013771,-34.276528,10.867807,-0.5367604181673529,-0.4131435946207115,0.6849038488352628,-0.26852810199926824
366.4096,70.931232,-33.613102,10.946692,-0.5183528656875056,-0.43658732170458775,0.680887185694169,-0.2776588869779606
367.412298,70.929063,-32.911044,11.044383,-0.5404951381541143,-0.4075686570815945,0.6867299037009585,-0.2648675796682987
368.408053,70.834276,-32.222123,11.092659,-0.5449198986847379,-0.40065459535547876,0.6890087958643455,-0.260394082996364
369.414033,70.715721,-31.650381,11.042142,-0.5168332790233829,-0.4371321119778224,0.6823780109593539,-0.2759694340518574
370.410693,70.604567,-31.111038,10.989698,-0.5477852788519235,-0.39580234972931927,0.6908467093704707,-0.2569097358487267
371.414613,70.58075,-30.517206,11.027993,-0.5660582517196002,-0.369494927733302,0.6952897434888667,-0.24417970152880736
372.412463,70.581106,-29.936722,11.144078,-0.5368795782140873,-0.4113085424044014,0.6872530586855379,-0.26508269420919084
373.411495,70.325114,-29.285681,11.195025,-0.528846413638184,-0.4206934261809372,0.6871262140966948,-0.26682593174449565
374.408597,69.977211,-28.502711,11.198094,-0.5385083506421183,-0.40800578475640237,0.689329289275626,-0.2614673341753766
375.411547,69.588712,-27.70007,11.233031,-0.5327748154035887,-0.4155833264374893,0.6879704788662094,-0.26483601542732355
376.411675,69.236479,-26.913079,11.200119,-0.536842381210029,-0.410589003347731,0.6881281396866435,-0.26400112014546795
377.409571,68.984725,-26.206018,11.170058,-0.5413365093590441,-0.4041472116624052,0.6897380700636373,-0.26054022653969866
378.408476,68.862887,-25.62206,11.137548,-0.5307792007725922,-0.41836075066462813,0.6869325617437176,-0.26715422127817995
379.415561,68.779717,-24.963409,11.172366,-0.5367695605287729,-0.41106955495327185,0.6875428890008014,-0.26492458486274706
380.414351,68.613933,-24.208033,11.276138,-0.5365315621336451,-0.4113040821770099,0.6874155083872626,-0.2653728577824782
381.414043,68.450139,-23.469058,11.349385,-0.5272713533070444,-0.4241177798764028,0.683934813777098,-0.2726576594892492
382.410846,68.246381,-22.671148,11.438054,-0.5307144518884723,-0.4194659410479522,0.6849749884054644,-0.2705545418513766
383.411789,68.026305,-21.877672,11.535378,-0.556260242455224,-0.3866728640874336,0.6881420557394394,-0.25984447264618665
384.410686,67.870462,-21.186634,11.572079,-0.5363146803504909,-0.4135674066318601,0.6837485354985671,-0.2716919285071117
385.418532,67.699217,-20.562717,11.572521,-0.5273705470731332,-0.4251793781116001,0.6815062230076043,-0.27686110328163954
386.409374,67.505003,-19.959373,11.622376,-0.5322319471112686,-0.41913093120548073,0.6822532244201572,-0.27493445536940797
387.412223,67.374332,-19.382175,11.647047,-0.5147780652891643,-0.4413072234222468,0.6776667776692984,-0.2846387473549622
388.412031,67.343281,-18.855818,11.583096,-0.512680826166354,-0.4431436273623957,0.6785031190603691,-0.2835764684081413
389.417123,67.235003,-18.226988,11.535351,-0.5158227423860047,-0.43836039201170285,0.6808177864991767,-0.2797395337436046
390.415851,67.026743,-17.511584,11.531736,-0.5260663414977983,-0.42630297923890864,0.6820900854693495,-0.27617583083892067
391.416708,66.602419,-16.691042,11.538993,-0.5143206172146044,-0.440045237505408,0.6809591045096025,-0.2795159917469439
392.406474,66.233113,-15.921424,11.585709,-0.5161545048059833,-0.43823143318221064,0.6804866944642812,-0.28013496175349445
393.412616,66.086349,-15.167075,11.716213,-0.5102284878137078,-0.44583297636196995,0.678263978049899,-0.2843551010470717
394.412637,65.917161,-14.466432,11.824468,-0.5100797111814385,-0.44589198150538295,0.6784212896061007,-0.2841541533735847
395.412693,65.598889,-13.714389,11.843407,-0.5161886950493882,-0.43810194673961683,0.680513005309019,-0.280210572554739
396.410273,65.087074,-12.949146,11.880211,-0.5093521616681473,-0.4459773665055969,0.6798549208330147,-0.2818897844687763
397.413432,64.566309,-12.138756,11.900908,-0.5097818584026885,-0.44529997793291126,0.6800159964515133,-0.2817953709103566
398.410337,64.124431,-11.49415,11.888827,-0.5118187023183148,-0.44243185164409476,0.6810366295402019,-0.2801513552215939
399.412284,63.631446,-11.20059,12.142681,-0.5054695538777437,-0.4490557066889425,0.6812845649121199,-0.2805367070549465
400.409048,63.348931,-11.032239,12.453994,-0.5047815054169316,-0.45040455804736873,0.6802857521037232,-0.28203308558366436
401.412745,63.286994,-10.965242,12.696332,-0.5070502196878539,-0.4478217379436619,0.680464323545154,-0.2816452913184478
402.406476,63.307919,-10.876477,12.89998,-0.5044943838753869,-0.45181769336847083,0.6783654265014368,-0.284897414387902
403.411565,63.410846,-10.605539,12.897995,-0.5156605682579943,-0.4380645130721309,0.681691572886866,-0.27837072436905047
404.409429,63.312567,-10.392296,12.837214,-0.5158800024310134,-0.4369146992822743,0.6833723609472819,-0.2756366901125382
405.409111,63.085622,-10.040941,12.72434,-0.5064162086148328,-0.44748378838699865,0.6830632754409869,-0.27699358210404146
406.409005,62.732239,-9.61971,12.714852,-0.4981165422995636,-0.45712683769390544,0.6819311386982216,-0.2790786387763198
407.411978,62.309415,-9.072922,12.768749,-0.5119791613151868,-0.44072778160997395,0.6847501244209824,-0.2734110970710556
408.409589,61.955977,-8.457454,12.808574,-0.5065904427407162,-0.4475864909823996,0.683019777159122,-0.2766160523601816
409.409518,61.590481,-7.84237,12.919714,-0.5019186288186847,-0.4531820890923116,0.6821188225938649,-0.2782401768865507
410.40929,61.332524,-7.112846,12.988958,-0.4998573408014498,-0.4565112297953568,0.6799466643299539,-0.28180253651130116
411.41331,61.072587,-6.446944,13.095452,-0.5136924577212567,-0.4391557884887218,0.6843248098233263,-0.2737915392728784
412.413378,60.843281,-5.763286,13.210954,-0.5127027720068428,-0.4411661933571015,0.6829023310385826,-0.275957720814936
413.416277,60.693089,-5.034606,13.337532,-0.5295150606806328,-0.4209343643436903,0.6853169878113667,-0.2697567193678667
414.41818,60.684044,-4.391772,13.420775,-0.5122118251249508,-0.44219971519911383,0.6818981738104589,-0.2776928854579295
415.418702,60.761443,-3.796033,13.431018,-0.5038259339596001,-0.4521005321861334,0.6801813473189446,-0.2812789928632016
416.413312,60.68009,-3.249905,13.430602,-0.5158953945529108,-0.43804301838950177,0.6819852437578546,-0.27724787323954486
417.419174,60.539278,-2.682249,13.423139,-0.5320298650732633,-0.4171248162686958,0.6865168466373744,-0.26766719934651606
418.412749,60.468082,-2.026826,13.387577,-0.4961265072246104,-0.4587615169367522,0.6833352761075077,-0.27649459277547384
419.414675,60.181999,-1.427778,13.333833,-0.5027832686783003,-0.45105461842691613,0.6846770687835346,-0.27381750750253386
420.414955,59.67737,-0.866656,13.216558,-0.4973800317030555,-0.4566133240426628,0.6849798696675602,-0.27371509735487726
421.41299,59.13471,-0.268977,13.104218,-0.514240294141069,-0.4384021993874218,0.6850198803768689,-0.27222820379681173
422.407603,58.746662,0.507593,13.040339,-0.49223872461342494,-0.46301113127969085,0.6834001490450381,-0.2761991429879343
423.419436,58.363535,1.122727,12.98488,-0.49200264876894434,-0.46354103570520616,0.6827878126970985,-0.27724340326507246
424.418251,58.016348,1.68847,12.899227,-0.4917526552360829,-0.4639653022677506,0.682546086568129,-0.2775722681940489
425.42015,57.780079,2.326812,12.764519,-0.5026245750129277,-0.4507819695823101,0.6856214949703165,-0.2721898567677263
426.418041,57.589152,3.000676,12.734222,-0.4921398582005797,-0.4631719544868018,0.6834402981621444,-0.27600626694919156
427.420814,57.287575,3.656215,12.795015,-0.49134388966504294,-0.4637329856364143,0.6838790477478269,-0.2753948949655546
428.416739,56.979849,4.366722,12.920421,-0.4981586052131363,-0.4561917851208143,0.6846035026977785,-0.2739436134213029
429.420038,56.707536,5.139095,13.095949,-0.499168387092142,-0.4556399935034938,0.6837075035769686,-0.27525836445150065
430.417603,56.377054,5.932583,13.251504,-0.4937371332712799,-0.4611465170927147,0.684240956459669,-0.2745575468011663
431.417517,55.886803,6.649363,13.306473,-0.4779974157013537,-0.4781644570895322,0.6822618121421775,-0.27820144185746487
432.418561,55.338657,7.382913,13.2564,-0.475115145826836,-0.4808219122041556,0.6826046877548213,-0.27771699120764415
433.419495,54.887517,8.051534,13.186187,-0.5005815714243322,-0.45511131588402187,0.6815325034083106,-0.27893588385623935
434.411107,54.611489,8.716477,13.220304,-0.4911493077415136,-0.46682234977624965,0.6780732405172344,-0.2847207961299453
435.414032,54.477507,9.433004,13.24102,-0.49091892852570046,-0.46829304725422516,0.6757075471095382,-0.288304592900879
436.41473,54.443294,10.093334,13.274575,-0.4822296727764961,-0.4778614240807896,0.6743040939687996,-0.29054602204516544
437.418401,54.390397,10.739199,13.313288,-0.48382269374723114,-0.4770350243042417,0.6729254335133785,-0.2924458027277128
438.413163,54.239754,11.387214,13.404921,-0.4757851750354407,-0.48474811266227813,0.67360171154819,-0.29139057755219755
439.4118,54.00376,12.114753,13.45077,-0.4948930537153844,-0.4638086864599949,0.6766715369417957,-0.2864925807788814
440.405669,53.652913,12.768683,13.491294,-0.4834189298103749,-0.4770433993750793,0.6740457990741299,-0.2905133287203501
441.414287,53.341141,13.333642,13.505617,-0.4782477473317464,-0.48339275862982967,0.6714277651315915,-0.29461040254334164
442.418246,53.168546,13.882077,13.479119,-0.4766147861842995,-0.48569361353060836,0.6701082301402439,-0.2964709416863391
443.418945,53.011758,14.465141,13.407325,-0.47499087504025966,-0.4862563765182291,0.6722868551566474,-0.2932043473542564
444.410375,52.754182,14.975984,13.327792,-0.47957082992319916,-0.48169262543357527,0.6722975616576049,-0.2932576039575483
445.415347,52.433085,15.502594,13.268492,-0.46990095907372587,-0.49172484773248165,0.6714866393248721,-0.2941180987158895
446.413825,52.040894,16.074392,13.246952,-0.47950823198620235,-0.4815706815457479,0.6728072337341781,-0.2923900825404196
447.415704,51.556303,16.721465,13.158459,-0.46346585624439984,-0.4957360712143733,0.6766812112669637,-0.2855655548396166
448.415371,51.048342,17.351127,13.056282,-0.4797809743848341,-0.4790285705390084,0.6779027400399262,-0.284235325517526
449.420336,50.668725,17.995052,12.9902,-0.48633934470422324,-0.4726609877919697,0.6773411982738382,-0.2850868876906603
450.41509,50.409785,18.613318,13.038304,-0.4809408994611713,-0.47901355425792397,0.6757157452905415,-0.2874893000254419
451.41415,50.349088,19.178046,13.155055,-0.47203786616479476,-0.48923669896591315,0.6728018966446911,-0.2918309667647179
452.409061,50.296737,19.800451,13.232653,-0.47821837349210417,-0.48313761410328226,0.6727552713071704,-0.2920369463296892
453.41321,50.169426,20.5155,13.306593,-0.476322138687041,-0.48472733959082115,0.673276608975621,-0.2912992177402764
454.411042,49.974715,21.230555,13.401472,-0.4855503968151867,-0.4749520115620797,0.6744661821632761,-0.2894076156286204
455.421069,49.842996,21.913255,13.497946,-0.46910221606612024,-0.4916244078812572,0.6735409957667179,-0.29084545634896247
456.416232,49.616311,22.621446,13.475954,-0.4694100591537741,-0.49100286168897744,0.6740107052570522,-0.29031010209322067
457.414307,49.226072,23.305901,13.502602,-0.4780423353582078,-0.4817745499918936,0.6754868989752886,-0.28824686971089114
458.415209,48.805956,23.995189,13.535977,-0.47673362997121094,-0.48276580303791006,0.6760339906546662,-0.2874722055280493
459.422272,48.564697,24.684127,13.543684,-0.47476352535523675,-0.4842478670818428,0.6765089062564529,-0.28712244421962435
460.410521,48.329223,25.390283,13.481685,-0.4726391169282735,-0.4864615924625013,0.6762255076091911,-0.2875525118422737
461.412209,48.156542,26.080932,13.434951,-0.46664240079116276,-0.4926763511458708,0.6751518345742329,-0.2892833957843037
462.409036,48.056316,26.796694,13.417141,-0.4643686273001042,-0.4955686233108609,0.6735976717061642,-0.2916156618586005
463.41414,48.015346,27.484305,13.339201,-0.46953320356967554,-0.49105416336091895,0.6726156874250925,-0.2932448062987236
464.408936,47.961544,28.106558,13.189213,-0.4633892307218223,-0.4957685608742555,0.6749704995313591,-0.2896528606143825
465.410553,47.661982,28.708015,13.068795,-0.4603641539959097,-0.4979780225361554,0.6762005720522637,-0.28781160703279834
466.405653,47.131554,29.427588,12.958042,-0.46217844785197026,-0.49595145727371565,0.6767972750339876,-0.2869994475182666
467.413941,46.63131,30.201104,13.078491,-0.4689902415160482,-0.48921189785908525,0.6774291854987539,-0.2860237245235538
468.412768,46.090838,31.104852,13.252283,-0.4670856832228282,-0.4914385656972296,0.676622876784274,-0.2872291476955056
469.411956,45.560726,31.930474,13.423502,-0.4580799835816065,-0.5000108043479676,0.6763780410018403,-0.2875146428056953
470.411951,45.11161,32.665611,13.354452,-0.45897351933268665,-0.49875225975091575,0.6768806080040358,-0.2870925538094117
471.421131,44.774741,33.355614,13.371982,-0.4835444364993501,-0.47499602108976174,0.6764249288231677,-0.2881195473167223
472.415844,44.611856,34.044521,13.518482,-0.47818696915572834,-0.4817934169703094,0.6734489257069306,-0.29270953240014796
473.412987,44.603657,34.878261,13.753687,-0.46630214844713147,-0.4937302605371702,0.6730231753415598,-0.29297191270948064
474.414987,44.530806,35.835693,13.902563,-0.4598218705399218,-0.5004916459778961,0.6713547898316794,-0.29555829517975885
475.420011,44.340029,36.552189,14.06632,-0.45563294582421443,-0.5048004854004766,0.6702207720895612,-0.29728640278133145
476.412832,43.861236,37.064952,14.159556,-0.45581750992160563,-0.5041189016322224,0.6711535083442182,-0.29605320282549935
477.415633,43.409241,37.519288,14.227861,-0.4407474902103078,-0.5188359578342214,0.669158424857947,-0.2979562068042754
478.407326,43.16876,38.014257,14.220988,-0.45916463018464504,-0.5000282789583806,0.6734267768002677,-0.2926361886672943
479.409195,43.113282,38.345121,13.93812,-0.46462135166041213,-0.4947947292237212,0.6734085503691317,-0.2929609185598319
480.416269,43.268057,38.646206,13.624013,-0.45832334633639615,-0.5002136729118115,0.674403078040812,-0.29138716506421763
481.416196,43.40555,39.103793,13.32544,-0.4592521168397239,-0.4995178079389323,0.674319768258887,-0.29131135038888817
482.404067,43.501166,39.638807,13.19564,-0.44981404711522965,-0.507786952068457,0.6756408786374567,-0.2886678670043652
483.413842,43.435197,40.232167,13.27943,-0.448044181168057,-0.5084698579121373,0.6775105927343893,-0.28582199364106414
484.416634,43.222783,40.816638,13.577296,-0.4521127907951841,-0.5045997751468742,0.6776679815009203,-0.28590067885470716
485.421444,43.073201,41.348897,13.865372,-0.4496130298434069,-0.5076462037648476,0.6758502397290329,-0.28873847796298224
486.415327,43.001926,41.675259,14.078553,-0.4482484611529851,-0.5087202203778293,0.6760001983606605,-0.28861875592043806
487.416443,43.022838,41.965116,14.26832,-0.45213363780307086,-0.5051484214361589,0.6758859705635818,-0.2890992920829167
488.414332,43.151077,42.261843,14.470808,-0.44648563115316287,-0.5118287531846746,0.6724647182027614,-0.2940631077841353
489.417701,43.364361,42.568379,14.733474,-0.4655867306071504,-0.49335482471327796,0.6738482639894858,-0.2928455742076901
490.414564,43.540862,42.716363,14.82702,-0.4621472970589616,-0.4955700797096299,0.6758704660084139,-0.28987805211029033
491.415613,43.625608,42.640781,14.776433,-0.4655843037962089,-0.4918469776417716,0.6765650146123416,-0.2890978859242249
492.412563,43.687285,42.56981,14.649683,-0.4769583347572538,-0.4808912634899747,0.676394742141002,-0.2893864067447025
493.416817,43.657507,42.348361,14.497016,-0.4819954988013947,-0.47589849698189757,0.6763630160832648,-0.2893683296083297
494.414709,43.557196,42.22448,14.355998,-0.4847962977114458,-0.4742577612014843,0.6735871333724363,-0.2938239258817003
495.417767,43.375296,42.233947,14.340007,-0.4694287661273487,-0.4891646632716214,0.6741497151667089,-0.29304731235614784
496.416503,43.183779,42.380719,14.410358,-0.45919197837496495,-0.4996135855177676,0.6727940426803319,-0.29474933129020325
497.419243,43.113119,42.592255,14.498573,-0.5422283227364019,-0.4070749916787411,0.6821529635720494,-0.27376218048169393
498.41521,43.133975,42.783678,14.652286,-0.6221702856206317,-0.26981441610218676,0.7111226481297083,-0.18549635002114964
499.422195,43.278574,42.975969,14.789137,-0.6306529376966179,-0.25349892948653985,0.7120205769143402,-0.1761870113668271
500.414766,43.46157,43.106823,14.923617,-0.06975442916918326,0.6769131940455696,0.118842858099164,0.7230485615898343
501.418689,43.774292,43.017303,14.793487,0.3737507749501854,0.5728791714258217,-0.2568842283059006,0.6827373626939439
502.417399,44.121479,42.914942,14.558157,0.3610529122474337,0.5836232535034429,-0.257824696155635,0.6801111075257905
503.42034,44.332907,42.786464,14.312002,0.3917796381054972,0.56762454117118,-0.2866818741571862,0.664924505831945
504.414316,44.35515,42.826009,14.07476,0.4103441131975272,0.5565568142960801,-0.30262617918079926,0.6559570236678348
505.415205,44.287933,43.046417,13.968346,0.3292178011193355,0.6045500042552907,-0.24564136515465745,0.6824919424476995
506.41604,44.32944,43.259195,13.608172,0.3822885907151799,0.5735362456929517,-0.28189273744271726,0.6674189785003772
507.41911,44.500937,43.426531,13.153934,0.31108174558198354,0.6131905772962151,-0.23125837648041667,0.6882913821837685
508.414804,44.457018,43.784319,13.191305,0.3888767517790912,0.5682414072279112,-0.28227043491481507,0.6679820181789234
509.41782,44.104778,44.176183,13.634178,0.3584827160276749,0.5816084386515821,-0.2480924339276149,0.6867837437116303
510.416479,43.59706,44.692025,14.19575,0.371357812515356,0.5736544286251029,-0.25495660488310584,0.6841133686963706
511.417341,43.055046,45.131167,14.672156,0.5240353799324785,0.44780101640098985,-0.29404641851265223,0.6621162088705771
512.415096,42.626245,45.447236,14.879675,0.6040192635054026,0.3502291920477074,-0.25617904715934886,0.6684852564930129
513.417078,42.339594,45.531628,14.724647,0.652810273704008,0.2647994577084683,-0.19115585359386913,0.6835052548302745
514.415058,42.109798,45.512943,14.271076,0.6652336931714254,0.230635883699073,-0.16297069758696386,0.6911669656080734
515.420545,41.940814,45.604384,13.829429,0.6662511889083477,0.22310725480475835,-0.1556408719105688,0.6943402804984138
516.417419,41.977737,45.948903,13.584738,0.6561862723003664,0.23998036718312238,-0.172506162564788,0.6943130585610313
517.415496,42.04983,46.443404,13.541747,0.6526455541656287,0.24183193449064638,-0.17131007474573268,0.6972976081838819
518.413516,41.850703,47.017569,13.515395,0.6524907709111544,0.23799657772710653,-0.16868893155243098,0.6993979319655242
519.419632,41.869577,47.693717,13.556689,0.656336101528802,0.2310923964151929,-0.16386127989587662,0.6992629742092333
520.416154,42.217647,48.356861,13.684624,0.6584170789459967,0.22290583216311788,-0.15515774707966043,0.7019444519768309
521.419271,42.549789,49.021185,14.105089,0.6521718685285492,0.2300588408246477,-0.15963434822791345,0.7044584150425414
522.413731,42.425769,49.641698,14.459133,0.6474298948368026,0.2355041717345479,-0.16345169762578673,0.7061556902769246
523.414639,42.207607,50.149384,14.635649,0.6476190153322287,0.2326440007385142,-0.16320985380960423,0.706985801498121
524.413549,42.20062,50.6039,14.702412,0.6483518104673791,0.2307200152286527,-0.16550001337195758,0.70641202566947
525.411744,42.542304,50.990282,14.723258,0.6497399485759182,0.22839524068552983,-0.16330562771835638,0.706402778315796
526.411579,43.128588,51.281607,14.762327,0.6477827535751387,0.23393386844077824,-0.16947445765943633,0.7049332291557717
527.416358,43.683009,51.481183,14.793103,0.6444759098811973,0.24223585720187132,-0.1762644046819501,0.7034937460351693
528.413949,44.166711,51.7864,14.811858,0.6457853742702271,0.24098860506201383,-0.17513341359441556,0.7030035775525577
529.417813,44.611085,52.202504,14.84053,0.6381647473163494,0.254027416339042,-0.183699876004289,0.7031857383272074
530.411287,44.914159,52.644673,14.775873,0.6459286447038893,0.23347364049128144,-0.164260191651965,0.7080147135372289
531.415331,45.304178,53.15141,14.782402,0.6466470583532015,0.23149949861125033,-0.16469691540464376,0.707905707083992
532.415167,45.823465,53.692397,15.00706,0.6438177863893098,0.24045033677364963,-0.16795341850110224,0.706734704601381
533.411145,46.351933,54.252588,15.159934,0.6472263843673355,0.23120355731682632,-0.16089833742337373,0.7083464177062133
534.414969,47.025273,54.805706,15.378724,0.6430352497029175,0.2394639093535142,-0.1662276508839463,0.7081885849392401
535.416564,47.669928,55.281268,15.496852,0.6475570832333549,0.22468803605235455,-0.15262185513421211,0.7119632572995864
536.41533,48.234849,55.844246,15.655006,0.6445556832207873,0.2335583697433476,-0.16045459140990828,0.7101075856840943
537.415445,48.668945,56.384214,15.819855,0.6365488826807425,0.25079131513604697,-0.17415498037752292,0.7082226196754344
538.411535,48.982549,56.894893,15.906032,0.6390782455256779,0.24720803885621548,-0.1701594164171449,0.7081757935888954
539.416382,49.169729,57.268621,15.802281,0.6362083316523477,0.2522654155109943,-0.17181237000015692,0.708577185907175
540.414028,49.298232,57.449608,15.552732,0.6286231248160425,0.2612155918249833,-0.17960369161703293,0.7101703285068813
541.415724,49.555331,57.61073,15.310393,0.6251401382269397,0.2691950072107806,-0.18653628403837177,0.7084758784937893
542.418456,50.014701,57.86781,15.136368,0.6263072805904766,0.26600583485957696,-0.18352694033259234,0.7094349499934287
543.419404,50.54189,58.154307,15.087649,0.6299725296023586,0.2588116486515951,-0.17879009687602954,0.7100600282565612
544.416359,51.173003,58.46954,15.082221,0.6352565394232372,0.24844389040690806,-0.17158880792468095,0.7108319375453527
545.422167,51.902893,58.905115,15.328427,0.6366999657898116,0.24365292811778033,-0.16859652495453797,0.711914050961307
546.419023,52.633806,59.474383,15.637718,0.6362279650571672,0.24510764584986547,-0.17004934518995896,0.711490996868983
547.422288,53.350637,60.037763,15.867606,0.6379618367302301,0.2400880352269702,-0.16658217784468293,0.7124695139029927
548.417266,54.000808,60.493212,16.033627,0.6371074409732647,0.24121289292941234,-0.1672179437304682,0.712705134144322
549.414213,54.605394,60.856931,16.008418,0.6346177588877606,0.2494228864030797,-0.1745723012684456,0.7103330454599952
550.41305,55.179976,61.21319,15.997651,0.6376727934541331,0.23888135153934734,-0.1654577330679591,0.7133952950105217
551.415005,55.719726,61.540698,16.023994,0.633108378253036,0.24780977742015922,-0.17268716419021704,0.7127013672813619
552.407564,56.189401,61.901816,16.033849,0.6339089866039262,0.2456197731662039,-0.17177308404896144,0.7129686748580712
553.40912,56.661572,62.166551,15.978928,0.6313914676217841,0.2519241528229752,-0.17798245818533942,0.7114782360811467
554.408793,57.228252,62.368294,15.884546,0.6324761699687812,0.24804589579685457,-0.176156351384337,0.7123314311940162
555.415749,57.79655,62.660124,15.782566,0.62576134403068,0.2618056286717057,-0.1865247696379899,0.7106961822215065
556.415742,58.358265,63.047811,15.746795,0.6320928825662923,0.2472913529747441,-0.17668234951552741,0.7128035647516284
557.41555,58.974291,63.36187,15.783569,0.6305793745647071,0.2498661294588235,-0.17888955521636882,0.7126956550711804
558.410366,59.523748,63.762424,15.934215,0.6309614408097345,0.24741066539543802,-0.17662378792247133,0.7137784392931805
559.416167,60.070065,64.161192,16.054269,0.6281237371958591,0.25485745741679466,-0.1832972090655423,0.7119763902819649
560.410754,60.637115,64.322576,16.114271,0.631220630913229,0.2484587117276007,-0.17956961346894804,0.7124489719234487
561.417008,61.267581,64.405398,16.182263,0.6279336581908891,0.2566139721712325,-0.18721922198851376,0.7104910647682525
562.415056,61.835066,64.524759,16.24317,0.617687992650576,0.2805038208543868,-0.20739972533192633,0.7048152269592602
563.41804,62.265814,64.672092,16.278377,0.6214850377420132,0.2729735158039822,-0.20199666409322461,0.7060022345769384
564.417822,62.590338,64.773077,16.217945,0.6130904154269488,0.294947694236402,-0.21976872339588963,0.6991621474258902
565.417687,62.856781,64.869673,16.007944,0.600570589295436,0.31942886490361483,-0.2378539247519411,0.6933294152275806
566.412588,63.091789,65.101583,15.7142,0.6020765152584984,0.31686812348986915,-0.23586787056257066,0.6938766531066388
567.419635,63.360589,65.383505,15.598739,0.607248659308816,0.3059934970138588,-0.22766003373782015,0.6969849026997427
568.422626,63.757782,66.010946,16.019535,0.6279691673693129,0.2566214026106692,-0.1865219057385127,0.7106403867184147
569.424662,64.300981,66.487774,16.594271,0.6291796272020922,0.2552767180333039,-0.18740703200855802,0.7098206803818305
570.421648,65.022586,66.795505,17.02522,0.630559979743191,0.25137581464575487,-0.18372048794413073,0.7109508380099289
571.425584,65.747929,66.911325,17.262601,0.6263399260281567,0.26147147418600375,-0.1921882168749632,0.7087980350878968
572.41832,66.367081,67.056737,17.399053,0.6297414503606285,0.25298592873137205,-0.18503935803393298,0.7107631543207676
573.421067,66.897051,67.267315,17.448662,0.6276698439648801,0.2570261567274847,-0.18728072885333205,0.7105589703431843
574.417972,67.38401,67.549935,17.464284,0.6262574057950419,0.25991602144446463,-0.1895018972689141,0.7101650191433163
575.41896,67.835893,67.927138,17.496351,0.6247687002844972,0.2629446984936704,-0.19253913592062166,0.7095441056184129
576.421031,68.475168,68.300107,17.630681,0.629663296272847,0.25278436027469414,-0.18595330207487523,0.7106655823766737
577.424714,69.164075,68.617851,17.801619,0.6321602071359099,0.2461507934457352,-0.1801967666051497,0.7122586501440104
578.420341,69.725908,68.718079,17.87635,0.6293673020905713,0.2533786098612007,-0.18580686512369576,0.7107544498608122
579.42364,70.15133,68.682843,17.901956,0.619442541425844,0.2777744864612697,-0.20598303964359196,0.7047717786079802
580.424505,70.528812,68.656556,17.892532,0.6271418897356194,0.2590052315870505,-0.18985977097766565,0.7096214536734942
581.425151,70.845473,68.585534,17.688727,0.6269718919730103,0.2592923175135289,-0.1902546886864718,0.7095610574059579
582.420269,71.155868,68.527848,17.435671,0.646991212582283,0.2012267264656281,-0.140032197549562,0.722011882898526
583.42849,71.472814,68.409539,17.216504,0.6546501525950255,0.17564919136728221,-0.1190940476750341,0.7255323198091911
584.426175,71.859784,68.292139,17.06991,0.6652005967621007,0.1280785249260166,-0.07714534608822228,0.7315412859825816
585.427363,72.280683,68.224634,17.094242,0.6743797105591907,0.06927073335548828,-0.025644554915716995,0.7346808343013107
586.418248,72.695787,68.130491,17.127357,0.6788862876226279,0.02023273322008304,0.017317784423262327,0.7337602737455068
587.419169,73.160891,67.983526,17.101825,0.6798777858645477,-0.023971345878964916,0.05616367503963293,0.7307784975426642
588.420055,73.648314,67.88773,17.13672,0.678618159773207,-0.05935227772219119,0.08676532738519044,0.7269294864833553
589.419034,74.158215,67.84573,17.18256,0.6756965844453837,-0.0934084518680292,0.11611450233453088,0.7219601160978802
590.416775,74.699235,67.825572,17.188154,0.6621246276302634,-0.16658807092235994,0.17554130812910185,0.7092423008057089
591.420438,75.192056,67.945422,17.133999,0.6464087638503665,-0.22593671640111537,0.2276050778019465,0.6923180185132358
592.418542,75.389916,68.340873,17.049309,0.6356517212352206,-0.25628235720194986,0.24952816527529043,0.6841066710770046
593.422634,75.574118,68.881838,17.110521,0.6271294074993553,-0.27730400032968155,0.26235419878004185,0.6789561635578145
594.419369,76.053314,69.05902,17.178849,0.6253542895572618,-0.2802997480361741,0.2571575305388109,0.6813472450009395
595.418467,76.679298,68.720831,17.192055,0.6338335113309734,-0.2595637845781838,0.23533804412545223,0.6895634319165321
596.417256,77.389076,68.26124,17.163168,0.6350843053560287,-0.2539304083237349,0.22704821548424575,0.6932794390896151
597.419031,78.013083,67.951231,17.189002,0.6329600103572014,-0.25852291776172126,0.22871002203559476,0.6929785365370673
598.418066,78.45661,67.775157,17.240315,0.6273757452558663,-0.26978057224805146,0.23291233121293323,0.6923654837375395
599.419844,78.928127,67.790306,17.232333,0.6260197110079071,-0.27013477496229377,0.22981461837546494,0.6944866924330421
600.419714,79.42195,67.741481,17.275103,0.6271062617658634,-0.2681892915045989,0.2258963296493303,0.695545173678365
601.41852,79.936256,67.687088,17.435792,0.618992134955351,-0.2842774391361496,0.23348975624486912,0.6939146980647701
602.416569,80.457766,67.676071,17.627408,0.6264188972117174,-0.2685411216211483,0.21996399676793466,0.6979261216922515
603.419668,81.105795,67.604264,17.818947,0.6252083417974801,-0.27110788237332933,0.22070188713501446,0.6977863014397301
604.413372,81.719879,67.380817,18.094396,0.6270425890139244,-0.26914157690486773,0.2188689770558658,0.6974788699497605
605.416441,82.35635,67.048074,18.275183,0.6286790901821637,-0.26853280737519447,0.22389377680328043,0.6946396977136322
606.417247,82.979321,66.554942,18.323674,0.6334646196810206,-0.26055774253611746,0.22297802641981812,0.6936231240023542
607.418176,83.513547,66.117709,18.310695,0.626595424566962,-0.2753890142643866,0.23317650450776448,0.6907733220672165
608.415245,84.001847,65.704731,18.311494,0.626508665163106,-0.275122007653461,0.23284058758776505,0.6910716563078366
609.416023,84.520649,65.285767,18.340995,0.628071826974598,-0.2704202277746438,0.2256465514332609,0.6938892666682321
610.410594,84.996954,64.841851,18.429785,0.626881304967717,-0.273108017615247,0.22559438225635103,0.6939301224839699
611.417238,85.405413,64.342516,18.575278,0.6276362777173539,-0.2718614087084613,0.22452848527943733,0.6940828744798976
612.418248,85.80618,63.857768,18.70968,0.6279449585712339,-0.2709643295603044,0.22259970744443008,0.6947753819448127
613.418407,86.234128,63.37018,18.816815,0.6283016424468566,-0.2685135039686449,0.21709341774643978,0.6971427344928962
614.415953,86.655287,62.817262,18.940456,0.6325170274334633,-0.26032096664540105,0.2136694940214545,0.6974959151537413
615.422823,86.998564,62.38353,18.975303,0.6295724992014826,-0.2663185407269025,0.21858523649877093,0.6963715944085231
617.222458,87.246492,61.914784,18.889383,0.6368695534396923,-0.24968376504864873,0.20618062484271638,0.6996747382263598
618.223423,87.492057,61.494064,18.801094,0.641927546059766,-0.23732325824906164,0.19754714592244793,0.7018417356082717
619.221278,87.767037,61.180388,18.896326,0.6370805120015004,-0.24819368822084042,0.20459361213442426,0.7004782425093811
620.217297,88.199485,60.925218,19.013753,0.6370212041975674,-0.24796365966919048,0.20674882576853074,0.6999806653968929
621.215286,88.582684,60.73548,19.105421,0.6326126125248548,-0.25683897339482115,0.21092691447335962,0.6995318870292623
622.219605,88.9915,60.551265,19.193685,0.6275490806597078,-0.2703287918018721,0.22283480797189648,0.6953050726423788
623.220396,89.364201,60.326107,19.286917,0.6405893516586197,-0.27176802553209634,0.2543953773324614,0.6716177594672803
624.221265,89.620541,60.014601,19.259614,0.6627179205261939,-0.28756718453481694,0.3835866043223546,0.5753011291285645
625.224394,89.6569,59.667401,19.087129,0.6962386209205811,-0.2464006624730311,0.5077095292511711,0.44358711678656004
626.220043,89.746272,59.386,18.857403,0.6981364320474018,-0.24144954238059074,0.5171257228153867,0.4323061733713626
627.223123,89.980136,59.032923,18.678385,0.6927523708479966,-0.25088868599011593,0.5128611259091302,0.4405933334242045
628.226028,90.288592,58.475693,18.63341,0.6923639927810508,-0.25241329680826,0.5055073608356264,0.4487559885234585
629.22508,90.707283,57.921509,18.686594,0.691651205738626,-0.25309598133502786,0.4975364640213119,0.458277755080403
630.22407,91.297092,57.523216,18.93371,0.6872169811818561,-0.26020833065604987,0.49990519714210646,0.45838765177827384
631.220082,92.012575,57.079745,19.324614,0.6850472555674093,-0.2635812851936861,0.503472557100197,0.4557966081293213
632.21196,92.724738,56.72581,19.700429,0.685387969399294,-0.263467856788047,0.49544084505287,0.46407584390433826
633.221011,93.294587,56.329972,19.941841,0.6912594683710719,-0.2509997355312823,0.5280708391229101,0.4246182627002696
634.226627,93.422448,55.801845,19.910464,0.688598490388031,-0.25793093965522323,0.5018167207629646,0.45550381794953504
635.219527,93.489165,55.116262,19.71403,0.690019217947959,-0.25368286197995976,0.5241492460627689,0.42986748219884563
636.224601,93.567785,54.420083,19.396458,0.6856463476883936,-0.2619132471562014,0.5091015238982998,0.44956220396079805
637.224659,93.759227,53.72204,19.027751,0.6799506732943504,-0.2722254455520667,0.4879077209941737,0.47487518831247644
638.219255,94.112847,53.360251,18.644695,0.6733996095196995,-0.27957226546191316,0.43881989682346506,0.5251756015230081
639.218136,94.539121,53.38175,18.548002,0.6887054711515266,-0.23188477182921724,0.3127130696375737,0.611657389947601
640.227134,95.196979,53.414466,18.638016,0.6871399455500167,-0.23337735109182636,0.3117818762685643,0.6133235433744054
641.221814,95.906866,53.352768,18.831003,0.6869386588472992,-0.23266004267383847,0.3087295538733388,0.6153622072318472
642.224034,96.491391,53.403303,18.900883,0.6923153974574401,-0.22429855671596635,0.3141005226241324,0.6096969817751503
643.221636,96.866178,53.452901,18.795026,0.692229874602027,-0.22336230343247712,0.31147135178782626,0.6114839974433218
644.221625,96.970873,53.415569,18.52468,0.6954161782300425,-0.2167260361850181,0.3069851801768055,0.6125245002832672
645.218278,97.046946,53.301153,18.150853,0.7002161410175075,-0.2054674953588151,0.2970145269649266,0.615843190253271
646.227247,97.326255,52.926554,18.034676,0.7173922943072838,-0.13124842288114905,0.17398267758917196,0.6617039938360995
647.225079,97.776957,52.450562,18.078094,0.7184821903211496,-0.12268532455961877,0.16388249207302558,0.6647361748249897
648.223058,98.242091,51.907573,18.141478,0.7155218584315848,-0.12662018773545164,0.16552139187117823,0.6667821735750575
649.220608,98.595163,51.422012,18.151859,0.7156102206693037,-0.12647498471404103,0.16969529166889746,0.6656647792249651
650.225618,98.732935,51.094406,18.169945,0.7161452271336064,-0.12298427286649741,0.16855940109069764,0.6660319891605804
651.220498,98.72212,51.086924,17.882676,0.7162332505271802,-0.11824087866329974,0.16537845890732403,0.6675919343293766
652.221791,98.735246,51.035637,17.563347,0.7187123741129878,-0.11006110918083432,0.16083483102733334,0.6674363135694419
653.218781,99.144478,50.96533,17.464693,0.7220449969880726,-0.08854882248941699,0.1287226414089029,0.6739737457415883
654.219955,99.813777,51.081137,17.894501,0.7277734017657215,-0.013845070883008855,0.021564361612707555,0.6853387250132819
655.221038,100.861368,51.287203,18.310136,0.7283404332899742,-0.01171121809729723,0.022729151103528248,0.6847382319512787
656.219023,101.064967,51.375942,18.499106,0.7300810512816696,0.05731752843315304,-0.07666070918959297,0.6766235993226334
657.220177,101.734769,51.351113,18.796027,0.727893635926952,0.0736411878085132,-0.09341013249884131,0.6752942894632993
658.222301,101.946386,51.444551,18.677817,0.7291522735061028,0.07104816357267184,-0.08638039723804587,0.6751500184898388
659.222348,102.765424,51.362483,18.857703,0.7270448582212635,0.08290045693965724,-0.09893502004841243,0.6743479444479973
660.227221,103.072128,51.451213,18.980536,0.7258024959449023,0.10477683938691937,-0.12968972456887462,0.6673927825122827
661.219125,103.651516,51.772836,18.767956,0.7213456670378102,0.11411877985076123,-0.1319991316281146,0.6702339606291028
662.221223,104.134257,52.076672,18.77076,0.7112408503775587,0.13021257545675155,-0.14014628377057967,0.6764171472489614
663.227295,104.538084,52.318379,18.733224,0.7109430327072138,0.1339214979208201,-0.1418703065517094,0.6756462482384088
664.22822,104.902131,52.456444,18.750856,0.7115938336988766,0.13026702018732092,-0.13343520564182398,0.6773918845015607
665.221109,105.242911,52.60913,18.778517,0.7110241764430913,0.1329535085898417,-0.1344634025542531,0.6772647772035747
666.226079,105.5252,52.764035,18.773741,0.7098382959309151,0.1394862799718689,-0.14071693740112406,0.6759230095639238
667.221035,105.779289,52.882278,18.759706,0.7098123420981352,0.13937659017063836,-0.13852067138390936,0.6764263660716641
668.224961,106.125377,52.861787,18.742277,0.7131311651686375,0.12220543597513353,-0.11509522551564792,0.6806341614603628
669.227941,106.458136,52.744052,18.688772,0.7115224560335779,0.1288167873892671,-0.12186368914289422,0.6799200475902571
670.226812,106.707139,52.661901,18.570234,0.7063041449038201,0.1604350708715223,-0.1664081301202295,0.6691064019690903
671.223622,107.088592,52.668167,18.407971,0.6885882255156193,0.2216227397054691,-0.24998125754000408,0.6436140052899804
672.227976,107.419565,52.762772,18.28889,0.690957373438499,0.21857695780526443,-0.24383059109838393,0.6444754956180871
673.227604,107.866132,52.914123,18.300119,0.6896795873850489,0.22284636647512296,-0.24875798836319793,0.6424959353324495
674.230426,108.448293,53.073651,18.434091,0.6876338473102,0.2274503871042286,-0.2529741067436292,0.6414281836314741
675.227162,109.061121,53.200049,18.635098,0.684932208026663,0.23303354507129234,-0.25772672432845084,0.6404218709929829
676.228238,109.405764,53.232896,18.698559,0.6765940953069762,0.24844828279400774,-0.27125349401087884,0.6378992263354246
677.226052,109.386877,53.271747,18.607558,0.6736848632577337,0.2536940040978753,-0.2734280232953347,0.6379852454242199
678.228034,109.259053,53.34326,18.438482,0.6715154427901507,0.25664942445841565,-0.27540582545213976,0.6382395430608616
679.219789,109.171498,53.418482,18.284469,0.6730137353270493,0.2549101340512225,-0.2755960144613475,0.637275585937623
680.221725,109.209871,53.56889,18.073729,0.6737409303124651,0.2541204503744761,-0.27387805017037375,0.6375631491531186
681.219781,109.497207,53.762625,17.873295,0.6753634223170345,0.2530288066603117,-0.2731084781902591,0.636610108258487
682.223065,109.887547,53.979886,17.829649,0.6760892168585143,0.2503500232693518,-0.266286173116948,0.6397811428163593
683.21741,110.129264,54.27386,17.856519,0.6760369078855032,0.24960778234083905,-0.26311257212716976,0.6414373145991126
684.224323,110.152438,54.72041,17.94023,0.6761948243939663,0.24898817642322021,-0.25879391451110983,0.6432660081772307
685.217033,110.014648,55.28473,18.026068,0.6719703645215673,0.2574784981234727,-0.26813609816416245,0.6405182940948148
686.221135,109.977553,55.928353,17.959971,0.6737472976323023,0.2556465660645525,-0.26681669512395095,0.6399361400918883
687.221056,110.089866,56.576613,17.872584,0.6680234302782692,0.2655111661859154,-0.27505786475522015,0.6384290784935697
688.22296,110.337455,57.220629,17.774539,0.6718863476861009,0.2560365610954398,-0.2635295117080821,0.6430911378913202
689.221959,110.638208,57.738128,17.800453,0.671748553753083,0.2582298358563598,-0.26890792599325986,0.6401248001306016
690.224534,111.064841,58.30443,17.79881,0.67166977741863,0.2595451863966217,-0.27042923296394683,0.6390336738226573
691.221561,111.53403,58.838217,17.814302,0.6711414574113971,0.2602715178613018,-0.2692323188465447,0.6397982804153138
692.221673,111.926981,59.353623,17.808611,0.6713669396830209,0.2589553243135036,-0.2660305570281574,0.6414330167972581
693.217471,112.340551,59.970447,17.750921,0.668603727811228,0.26708307806945497,-0.2779505200284892,0.6359081639527577
694.22251,112.873289,60.540483,17.723913,0.6705431459871195,0.2628602522879179,-0.2739717909737833,0.6373506373162627
695.223428,113.500641,61.013548,17.685112,0.6709651923085952,0.2630747988401751,-0.27501159467043795,0.636369376794888
696.218364,114.113012,61.382855,17.588335,0.6706123149510453,0.26408000046175323,-0.27369407158303355,0.6368927944108191
697.220641,114.698753,61.795799,17.486656,0.6717220363524754,0.2620131252660866,-0.27239644424048715,0.6371332711701068
698.227325,115.259868,62.304752,17.453072,0.6680045252484209,0.2689581859561811,-0.2793890489839146,0.6351166883043271
699.228152,115.896269,62.873952,17.417292,0.6692358693483157,0.2669233525561489,-0.2761292392808728,0.6361037008632762
700.229112,116.575007,63.294629,17.356455,0.6685437008537739,0.26863379476855903,-0.2785310303989504,0.6350635160847161
701.225968,117.277737,63.605427,17.222602,0.6695201747069613,0.2671980717035089,-0.27609837610474597,0.635702456225087
702.223828,117.96797,63.98287,17.144655,0.6671925707216608,0.2707606887697428,-0.2792525671447929,0.6352642967567115
703.22166,118.622463,64.492229,17.152954,0.6646944040375494,0.2756861830276486,-0.2853310565670827,0.6330597648619957
704.216364,119.136031,65.084382,17.240114,0.6647009944108633,0.27472410589708257,-0.2811772895106598,0.6353255744354203
705.213052,119.701523,65.659306,17.190611,0.6696993377631866,0.26615424779064745,-0.27581996560333194,0.6360723700626534
706.211818,120.448786,66.028368,17.066715,0.6693252750998,0.2679908154436944,-0.2780778439073983,0.6347104156055842
707.212956,121.217407,66.369547,17.051531,0.6691850735468655,0.26881385888376025,-0.2789520996937329,0.6341263065750826
708.216654,121.886893,66.755248,17.070846,0.6703938798499515,0.2671723171260145,-0.27872145075546934,0.6336444994711242
709.210495,122.52459,67.141153,17.073581,0.6689471564284339,0.27066798612181975,-0.283669078130639,0.6314906153757031
710.212411,123.178188,67.555296,17.045837,0.6688006231848506,0.2698278869373247,-0.282319015805164,0.6326093669661378
711.221402,123.85917,67.949229,17.064908,0.6680932402550096,0.26943552932473336,-0.2797494351281645,0.6346622498688069
712.224491,124.57674,68.350152,17.092384,0.6671357804742706,0.2712412328120677,-0.28175350828301826,0.6340134104289804
713.216025,125.259597,68.7172,17.188412,0.6672247125521147,0.2737273023364632,-0.28766384685852525,0.6301857330390028
714.213944,125.783677,69.196714,17.361716,0.6654992395155424,0.2741607549743476,-0.2829127126952977,0.6339613865461513
715.213454,126.053214,69.55221,17.397693,0.6634620812130393,0.27756574064692346,-0.283789344324225,0.6342230951799326
716.217385,126.234343,69.890549,17.272597,0.66190833457854,0.2811946683816153,-0.2893145065266139,0.6317468095704788
717.222563,126.401278,70.38985,17.175051,0.6577389223869953,0.28747597905253247,-0.2958507493616268,0.6302455121197977
718.212306,126.617658,70.960342,17.004705,0.657493033491795,0.28595153114518185,-0.29294955760278957,0.6325465907313178
719.210115,126.819783,71.566225,16.866222,0.658532217172514,0.28333532772054404,-0.2896158381894548,0.6341759040527828
720.215001,127.084291,72.24453,16.792948,0.6592294388487983,0.28317838080735236,-0.29178083585728254,0.6325270709027797
721.22285,127.514533,72.936699,16.773516,0.6601694839679011,0.28116651460070874,-0.29074801873786965,0.6329196103020098
722.222826,128.064561,73.585811,16.790922,0.661845702363253,0.27902757626034896,-0.2896951622311491,0.6325982855884419
723.221713,128.764272,74.261104,16.832479,0.6620280670648544,0.27985873236988584,-0.2940071108233761,0.6300458293806764
724.214515,129.356583,74.924047,16.891037,0.6629259004702308,0.2771856609692893,-0.28668036448635914,0.6336495312526634
725.223419,129.846818,75.529203,16.912154,0.6607382677107244,0.2818609592017547,-0.2936751043149797,0.6306617749365214
726.231653,130.333647,76.237894,16.926146,0.6596988304657511,0.2839929503005653,-0.2950485342870855,0.6301522194491928
727.224355,130.776275,76.962766,16.974718,0.6582300342639051,0.28781316166226717,-0.3018395519778121,0.6267293601138706
728.22313,131.227049,77.732524,17.072183,0.659571125076779,0.2842028363779496,-0.2947104869928219,0.630349432946627
729.227044,131.697123,78.522506,17.08832,0.6601525684980651,0.2836356444600099,-0.29648769008962567,0.629161709834984
730.227796,132.268465,79.103117,16.764274,0.661682993353603,0.28280592475465643,-0.29708298725485643,0.6276449027228772
731.222764,132.775466,79.273106,16.729704,0.6617232305925842,0.2846794709291573,-0.3017994448950296,0.6244974459408628
732.224729,133.461752,79.370841,16.797561,0.6647765378266776,0.2781208797306401,-0.29448876864108114,0.6276920392655068
733.224625,134.130342,79.447232,16.776568,0.662319378382499,0.28369377862622,-0.30333696720955866,0.623568412695756
734.221484,134.651791,79.526105,16.721622,0.661606557455153,0.2856086499038897,-0.3082285602163385,0.6210471937778819
735.225353,135.186283,79.62905,16.674873,0.665682354829839,0.2785822134349238,-0.3000474626586135,0.6238833809118712
736.225258,135.816012,79.704037,16.63005,0.6658324343662274,0.2783324040369516,-0.3001358596759903,0.6237921993304412
737.222025,136.444327,79.762487,16.633588,0.6657888493745794,0.2799035339878766,-0.3052681885580865,0.6206372150975445
738.223041,137.072431,79.829239,16.604682,0.6691928689305957,0.27365603454433746,-0.2986100367841966,0.6229970504437785
739.221698,137.754528,79.767174,16.464346,0.6677673263724382,0.277545971496599,-0.30596994635024455,0.6192232420265272
740.216652,138.448026,79.736501,16.364789,0.668715348220817,0.27663026302713783,-0.3064165339766595,0.6183885415636181
741.220433,139.142187,79.749372,16.362584,0.6686660162863599,0.2774270169232438,-0.3088828945964672,0.6168560337473464
742.224712,139.803025,79.829882,16.51725,0.668568544072259,0.2774687151479527,-0.3088744622315236,0.6169471456878873
743.220638,140.407061,80.044524,16.569268,0.6679237457359776,0.2786652234312581,-0.30942857952787695,0.6168285963729216
744.222459,140.750695,80.369723,16.525251,0.6647383633340416,0.2841861643776751,-0.3162635276212009,0.614278856371338
745.221142,141.032808,80.887279,16.408865,0.6649115549224238,0.2844276093634329,-0.31880651036563873,0.6126630135000244
746.223054,141.476588,81.43076,16.388547,0.67146802305263,0.2704857212037968,-0.3006205200540236,0.6209633415630131
747.222689,142.043616,81.85394,16.406563,0.6706480738684354,0.27358060573966797,-0.3077350113595801,0.6169959286439362
748.224456,142.594929,82.267347,16.425894,0.6710221890312833,0.2730397252993818,-0.30724435522250176,0.6170732828603196
749.220229,143.022404,82.743228,16.424858,0.6703185153325565,0.2728602943226451,-0.3047655105521955,0.6191432236263079
750.224319,143.309413,83.163686,16.299169,0.6675015848342303,0.2796680093244784,-0.3167946554786044,0.6130812222409578
751.222046,143.720514,83.680109,16.25376,0.6693324313780088,0.27657666831812794,-0.31474791577337896,0.6135415164143022
752.225054,144.221833,84.227073,16.258817,0.6691738546059085,0.27748875169408954,-0.3179578554320994,0.611644624895982
753.218997,144.776796,84.878792,16.383705,0.6678615477853965,0.2788018943096506,-0.31793806755255344,0.6124915035492271
754.223134,145.288861,85.529693,16.493851,0.6681568038837867,0.27872994530549206,-0.3172127380961079,0.61257830667056
755.224055,145.688864,86.095467,16.548939,0.669297948235064,0.27674658137934277,-0.31387666157033406,0.6139487173246984
756.22198,146.025095,86.610236,16.479989,0.6730192369332691,0.2694770016902945,-0.30388429711488035,0.6181274838128171
757.221801,146.302367,86.994519,16.337313,0.6694412871377845,0.27736288243119117,-0.31544965793453456,0.6127068694194255
758.227043,146.621763,87.479478,16.212256,0.6708329377543345,0.2750229897619397,-0.3146224852000662,0.6126648484553585
759.224798,147.018552,88.007191,16.057297,0.6693156012312047,0.27984061358603973,-0.3252966340493134,0.6065376796312714
760.22477,147.505331,88.557804,16.041193,0.6711701722391089,0.2758013452906769,-0.31882903903447174,0.6097641033225333
761.221815,148.099623,89.082298,16.151759,0.6714659548419789,0.27611541131690953,-0.32276718915703345,0.6072191471990249
762.222833,148.844445,89.563985,16.232549,0.6776940435249933,0.26386610429337565,-0.30658741827532465,0.6140925152866243
763.221747,149.628831,89.964083,16.203752,0.6776537054828391,0.26437434077919825,-0.30864059231685753,0.6128887730716245
764.222748,150.271203,90.346467,16.034382,0.6775813762354408,0.2632315016931626,-0.3040477492378583,0.6157496417202702
765.224346,150.751078,90.725016,15.914102,0.6763174613447126,0.2652297919231391,-0.30658582172256577,0.6150227498843849
766.222143,151.323075,91.182332,15.895431,0.6748611272235001,0.2682039041588995,-0.3128171113119568,0.6121883530638209
767.221772,152.105656,91.705384,15.972473,0.6742506610452905,0.26749003421861417,-0.30942178477070564,0.6148929067594002
768.226061,152.945655,92.153589,15.998008,0.6722618217383087,0.27091132732646117,-0.3133181567766576,0.6135982630299595
769.228804,153.702614,92.751712,16.037235,0.6711894498531389,0.2732880268633272,-0.31639825053725085,0.6121360337669701
770.229656,154.36448,93.441218,16.143085,0.6694358287326276,0.27649233471799545,-0.3200465690008329,0.6107191283413735
771.230562,155.035594,94.073814,16.152501,0.66881648628092,0.27777776363213863,-0.32080095178254986,0.610418521217846
772.225377,155.669863,94.564565,16.082896,0.6692713594969665,0.2769228950613123,-0.319390983004831,0.6110474265743631
773.226519,156.189886,94.993958,16.022571,0.6685617405831138,0.27962705168345325,-0.3250265785476315,0.6076114171350938
774.230115,156.813091,95.381293,16.037253,0.6700338139875088,0.27653935018187026,-0.3204187510039162,0.6098462920436851
775.219245,156.839703,94.515525,17.395128,0.6425599739306442,0.2976171611600722,-0.2504249956340562,0.6601727250098662
776.217236,157.353212,94.929297,17.41614,0.6412619337106152,0.30024339080591855,-0.25369736930744136,0.658995207461762
777.214981,157.962591,95.449668,17.452846,0.6390742662747068,0.30479416342918897,-0.2605510144307052,0.6563518637164646
778.217857,158.761569,95.897663,17.471365,0.6419650413492245,0.29931334482528626,-0.2563273910139859,0.6577147374895526
779.214784,159.508692,96.165486,17.456919,0.633175729029874,0.3159810536919221,-0.2728817023293513,0.6517515219844644
780.221178,160.212485,96.415172,17.501687,0.6056689637622903,0.3616899058402367,-0.31727221537622546,0.633785341972072
781.216815,160.919502,96.706163,17.462437,0.6018372416686595,0.3679866528003058,-0.32367833987192146,0.6305633118087698
782.21985,161.609969,96.938907,17.354065,0.603745350100123,0.36618946387496365,-0.324033528735066,0.6296023356333328
783.21868,162.197232,97.070888,17.099228,0.6040300306071851,0.3647809842478096,-0.319623117568537,0.6323951441714677
784.2214,162.683961,97.294125,16.83285,0.5991225747256114,0.37128382177519054,-0.3233321619702156,0.6313927281635647
785.222512,163.164781,97.728983,16.771038,0.5960381056986849,0.37550784127829684,-0.32619769515878316,0.630339195486632
786.220745,163.704438,98.277333,16.846631,0.5968645483257691,0.374460015729025,-0.3264830625979153,0.6300327113799566
787.214555,164.172377,98.856603,17.004249,0.5701230388774932,0.41203836502708313,-0.35871619880815425,0.6136014952715887
788.225645,164.697425,99.38914,17.014642,0.5554889996958459,0.43192759504491074,-0.3774964148501594,0.6019692522304645
789.21625,165.492681,99.842475,16.974419,0.5562997852648462,0.4327672298645768,-0.3853850243151412,0.5955849701791044
790.217557,166.360239,100.22403,16.81285,0.5530420633764561,0.4360745960580248,-0.38473459438764884,0.5966261096285627
791.219511,167.009859,100.566345,16.546631,0.5514480735058623,0.43734171858796445,-0.3801436206297345,0.6001067164294326
792.224366,167.45984,100.825227,16.301222,0.546404119383436,0.4426454439649451,-0.3771646081518766,0.6027059047458634
793.218249,167.794464,101.082166,16.172223,0.5357052432816702,0.45249107258601884,-0.36885994422524393,0.6100934871776873
794.220049,167.967593,101.529295,16.023317,0.5219216130240472,0.4641168840455205,-0.35936432084737296,0.6189108439057763
795.211773,168.112107,101.924815,15.829138,0.5142830585149886,0.4697725443530077,-0.35070411695515785,0.625965905339319
796.218686,168.189239,102.373479,15.683642,0.5109475334208073,0.47434603930051555,-0.352949417507824,0.6239833024785154
797.217887,168.211947,102.71934,15.70917,0.5046546959009792,0.48023600698026253,-0.3515387963010522,0.6253938680543253
798.218819,168.108452,103.071291,15.793967,0.5111594533410374,0.47480921774716534,-0.35364008588040236,0.6230657346226948
799.215817,167.950321,103.228602,15.957971,0.5102945976769451,0.47723571762230804,-0.3594745852150945,0.618565692543388
800.225897,167.559365,103.228746,16.05716,0.5156896892584483,0.4718328606116788,-0.35645567631824854,0.6199816504220308
801.222751,167.069216,103.245715,16.037378,0.5112345854356852,0.47507517443527186,-0.3547213248701314,0.6221861128087623
802.218645,166.667156,103.254956,15.992765,0.5165402857585388,0.4704382494254959,-0.35814509442839315,0.6193594093923491
803.214302,166.358062,103.327039,15.969041,0.5218468494826334,0.4667911572234982,-0.3652866792711727,0.6134716971222363
804.215897,166.206104,103.376094,16.047458,0.5275801213004903,0.46363247919704353,-0.3793511891652375,0.6023261700450041
805.216616,166.251195,103.562368,16.210078,0.5328407747912082,0.4604723915595399,-0.3915027288910583,0.5922596547142118
806.219674,166.508899,103.79749,16.356756,0.5228002050323296,0.4715081250075339,-0.3986151262095868,0.5877635705170482
807.215672,166.748533,103.942063,16.389467,0.5103189000054447,0.48538344146966705,-0.4089064861822884,0.5803214803902655
808.221996,166.917522,104.038752,16.342609,0.45799870064882686,0.5329719229520086,-0.3969546231255762,0.5904279352537921
809.219816,166.975541,104.132075,16.136046,0.30132053101684186,0.6323835710768889,-0.2727132034211784,0.6594880327189637
810.215618,167.030449,104.282335,15.939855,0.38812896888287524,0.5877959236135115,-0.36705712177892885,0.6075532281608119
811.217504,167.09993,104.507897,15.825703,0.652726035628209,0.28312709558083105,-0.6359713684088932,0.2988782172142439
812.222554,167.126717,104.801292,15.819066,0.675047533970426,0.22296043769067705,-0.6631686081092456,0.23410866563131325
813.219473,167.134636,105.245278,15.790977,0.42929553180015295,0.5643669014865876,-0.4750310861317954,0.5210957820701478
814.2235,167.130332,105.735662,15.763177,0.42147206068225207,0.569644976473933,-0.5263377452956154,0.4699302934685062
815.22149,167.085003,106.287722,15.845572,0.4136252471170928,0.5756993525512583,-0.5300739027550498,0.4653021255457749
816.220771,167.031564,106.852808,16.064984,0.4177816203542899,0.5715192426557757,-0.5376769258277517,0.4579604747145007
817.216553,166.879447,107.355846,16.263682,0.41516760306746275,0.5737104442856237,-0.5368531688301909,0.4585639133182993
818.223268,166.675438,107.803535,16.296939,0.41441928742518935,0.5743962320663165,-0.5340731211692231,0.46161837489703644
819.222259,166.531831,108.25891,16.264096,0.40617228941226236,0.5815444819172948,-0.5267503687986836,0.4683632520123641
820.226873,166.578412,108.703524,16.161216,0.40183720876824314,0.5853727882151222,-0.5190003500088001,0.47592456666718114
821.223853,166.572942,109.168515,15.956759,0.40897159263785227,0.5786437151848265,-0.5318486780590806,0.4637355614347129
822.216484,166.477257,109.662059,15.747841,0.4055269141195639,0.5816391001413634,-0.528255695866974,0.4671079092624185
823.208267,166.349321,110.164717,15.699439,0.3995330439746535,0.5863177012392058,-0.5282831448587196,0.4663923443240701
824.215326,166.202187,110.621813,15.857577,0.39983422293709453,0.5858487108196644,-0.529992589253186,0.4647813868217302
825.21025,166.197673,111.048395,16.016237,0.3949720788814494,0.5897882634431149,-0.5283748763118576,0.46579700652886374
826.21017,166.355016,111.353982,16.203259,0.38636457145604824,0.5948396474689022,-0.5453347619825539,0.4466522238790351
827.219226,166.351529,111.755771,16.1692,0.3715747851279247,0.6026144375860375,-0.5704395340401637,0.41639735430720637
828.222226,166.296718,112.149518,16.113065,0.36924232852120925,0.6045444048076202,-0.5684940639172726,0.41833080777640524
829.218155,166.183607,112.651108,16.009528,0.3766006865219229,0.5973419037412235,-0.5789364647665423,0.40766057291531826
830.220016,166.043846,113.10415,15.848206,0.37470985922875866,0.5984671709751945,-0.5796590813121334,0.4067246195081934
831.221027,165.811776,113.485078,15.765808,0.37114974128445893,0.6016815670401809,-0.576044672749726,0.4103653206902512
832.221847,165.551754,113.734689,15.821123,0.37625198219560746,0.5970173423151184,-0.5810492059790697,0.40544612354782944
833.218869,165.188847,113.957933,15.862995,0.373482796763995,0.5982354521415436,-0.5840371102034466,0.40190247352753955
834.221744,164.687477,114.172082,15.740098,0.3845745529334152,0.5895740212965432,-0.5881689194436736,0.39819870523238593
835.215717,164.218446,114.294947,15.610092,0.35692291214426863,0.6130858548879438,-0.5687064327701982,0.41629888619664845
836.225849,163.740124,114.20615,15.691968,0.3573145404084545,0.6116161727058705,-0.5739681912367995,0.41086797386225493
837.223155,163.056981,114.276601,15.627278,0.36099084240323037,0.6092814493425409,-0.5737573012870478,0.41141741140581634
838.219753,162.534506,114.483299,15.361926,0.3586724634887889,0.6103210255964302,-0.577973624945058,0.4059664992553873
839.218586,162.110305,114.776242,15.107743,0.3585029799823898,0.6099817023338677,-0.5804485625573774,0.4030848575507363
840.221278,161.805248,115.180635,15.014722,0.3606176653830539,0.6087562311862643,-0.5795205982766947,0.40438425609634343
841.221242,161.55393,115.589032,15.03125,0.362408672776845,0.6067993515501174,-0.5832533896909383,0.40033733808940825
842.223232,161.326269,115.810789,15.300633,0.3617278512051215,0.6076265674423563,-0.5811507281071763,0.4027489881070392
843.221235,161.121637,115.856681,15.68637,0.3586263057085097,0.6096836067954535,-0.582693233790588,0.4001770455103845
844.219249,160.864876,115.90033,15.961891,0.3594245218715444,0.6091109266913435,-0.5821915258729282,0.4010622386418051
845.216996,160.727502,115.92568,16.124373,0.35804422648629936,0.611524547040021,-0.5746124479283606,0.40946623173724833
846.219823,160.709336,116.059695,16.170256,0.3559612237157147,0.6129084798600508,-0.5762660296678269,0.40688114428826994
847.210748,160.798015,116.110333,16.091336,0.35047688586628595,0.6172179455603847,-0.5741423530824685,0.4081280663573808
848.214534,160.691346,116.257425,15.797147,0.3509315872758023,0.6170339946948594,-0.5746710239664737,0.40727053006118036
849.215524,160.592857,116.417171,15.45039,0.35461064649456137,0.6140789057942958,-0.577106000128663,0.40510128544190693
850.220457,160.458103,116.740375,15.177735,0.35458209151013464,0.6145831786336655,-0.5746748352151284,0.4078086446990838
851.212257,160.381522,117.111781,15.116232,0.34791403435752494,0.6186882538395854,-0.5789239797843514,0.4012825624029077
852.216925,160.199527,117.542236,15.163611,0.3497818844271068,0.6168645208903049,-0.5820232099256729,0.397969570823214
853.217633,159.980531,117.987757,15.135678,0.3509594043737497,0.6164159998548462,-0.579412190632302,0.4014228754708058
854.22053,159.766573,118.43208,15.118801,0.3532997828270447,0.614043372230112,-0.5840034894007623,0.396320482491593
855.217246,159.530424,118.927332,15.045835,0.3547149266625594,0.6118746860053164,-0.5902648275141757,0.3890682752786858
856.218009,159.251125,119.422884,14.988538,0.356562595683099,0.611614900048411,-0.5851632810608732,0.3954418590596813
857.213226,158.981371,120.071624,15.003131,0.35454228515207215,0.6127810587719063,-0.5866626283599669,0.39322525673626774
858.219878,158.770434,120.720995,15.065917,0.3499666238767074,0.6156330201505901,-0.5891237695391041,0.3891690260499143
859.217904,158.547082,121.268885,15.083487,0.3503632374546374,0.6158228317905264,-0.5874994008131592,0.39096329204924274
860.221548,158.262125,121.794478,14.956177,0.34705469481218,0.6187039587005859,-0.584917971884336,0.3932294704924381
861.216599,157.999867,122.188055,14.849787,0.34525201251715515,0.6200203169224044,-0.5850990027049561,0.3924729436406557
862.21752,157.622026,122.636274,14.770117,0.34843435303480425,0.6170789101578575,-0.5884456253435962,0.38927993305279973
863.212247,157.254831,123.143334,14.705334,0.344978029021553,0.6195443915989525,-0.5886814729970068,0.3880837920871763
864.213248,156.819126,123.690997,14.613669,0.3506598996475394,0.6150448796827837,-0.5908792831100649,0.3868062868497659
865.212156,156.373732,124.185063,14.485305,0.34695412209110893,0.6169541194691154,-0.5948630851249463,0.3809571650326416
866.21624,155.873464,124.618447,14.348852,0.3449693342868424,0.6182944832467978,-0.5950112469550594,0.38035471126995835
867.216285,155.509031,124.990676,14.393885,0.3436070738739351,0.6195011129695396,-0.5924292886844842,0.3836405710063654
868.218233,155.302065,125.160985,14.738308,0.3414048567091624,0.6205697284970827,-0.5947340128432724,0.3802990794832294
869.213059,154.930942,125.237962,15.030097,0.34484770082690996,0.6183255924939239,-0.593052727112111,0.3834605426459417
870.217227,154.593703,125.074869,15.191102,0.34110518832063,0.6213836426511073,-0.5911287473012661,0.38483298099360513
871.216955,154.230894,124.86397,15.230735,0.33953488858602415,0.6217045755000352,-0.5946147875368791,0.3803061065479611
872.218993,153.814437,124.698763,15.28796,0.333897700960712,0.6244810905661465,-0.5995669185972183,0.37290106320886746
873.211735,153.375094,124.568684,15.340094,0.33600319611461027,0.623467961848308,-0.5979357145693528,0.37531644513919327
874.212152,153.036934,124.487848,15.387023,0.3377231918301548,0.6243478747544569,-0.5881148156087941,0.3876257739767567
875.213926,152.821614,124.55501,15.516658,0.3387613717778188,0.6222125739348046,-0.5942471923168806,0.3807394387926475
876.218589,152.654718,124.64558,15.621211,0.3387040602370333,0.6212269741315651,-0.5992424480360071,0.3745198187841351
877.212499,152.550917,124.714284,15.681222,0.3427830800991037,0.6187462794275344,-0.5978898372056358,0.3770683548888363
878.21177,152.519045,124.776209,15.745369,0.33831395368007877,0.6216418178879516,-0.5994952963892747,0.37377868934096836
879.210594,152.479106,124.842717,15.779895,0.34025505630741815,0.619801089932017,-0.6022460681114389,0.37063833992266876
880.212501,152.415567,124.974624,15.656367,0.34200483512837915,0.6186197237484392,-0.6026786377442224,0.37029824431798686
881.210478,152.402526,125.162048,15.510098,0.3415034873160936,0.6181964033011003,-0.6061943750603147,0.3657006354134004
882.212273,152.353973,125.475047,15.303878,0.33918426707101135,0.620161612292074,-0.6055442256032304,0.3656088052131407
883.214265,152.274562,125.821456,15.125995,0.3472579695934442,0.6145665794045283,-0.6050270530404138,0.3683233458825118
884.222401,152.103829,126.253289,15.024847,0.3402788832725232,0.6185068313072771,-0.6102945568561109,0.35944420303690994
885.215356,151.887304,126.713081,14.983596,0.3424342611698808,0.6161715413668599,-0.6137099555503417,0.3555720726449474
886.21036,151.690441,127.177206,14.878014,0.3401799368668354,0.6180416900742918,-0.6128301751081343,0.3560073824519972
887.212988,151.490884,127.604874,14.781739,0.3401342795363076,0.6178940762908371,-0.6133480899937056,0.35541483209073255
888.222803,151.202709,128.094926,14.707421,0.34006738762269995,0.6177228184241393,-0.6146508468844072,0.353520901642168
889.221468,150.860082,128.621179,14.607381,0.33126220760608793,0.6225691865399038,-0.6195905189366706,0.3446455376568379
890.222405,150.530649,129.144305,14.549326,0.34298540732522004,0.6143075221561952,-0.6199304159840829,0.3473809982167572
891.219958,150.188397,129.678024,14.547055,0.33846161981985823,0.6168129246364232,-0.6220843020187513,0.3435064323884238
892.219751,149.790078,130.212658,14.522935,0.3360238618593212,0.6170441855839899,-0.6273187850140326,0.33588030496987537
893.217565,149.435114,130.715176,14.408712,0.33233329295854064,0.6205539372569924,-0.624203452952439,0.3388767366881797
894.217417,149.066424,131.225954,14.368231,0.3337496090928535,0.6183014940939598,-0.6289121318909712,0.3328422917717912
895.212326,148.57534,131.781337,14.369627,0.3370262718593456,0.6169769338219661,-0.6254053681157625,0.33855705684599663
896.220269,148.042042,132.338174,14.403841,0.3347532097515762,0.618804554988985,-0.6243624919469152,0.33940048605701745
897.223331,147.488787,132.907318,14.411219,0.3365201623674734,0.6171377548940571,-0.6254863202811299,0.3386178302240799
898.228244,146.967572,133.423642,14.357683,0.34023569673364507,0.6133480124801652,-0.6300035094895433,0.3333758603823335
899.223056,146.482016,133.845543,14.253481,0.33514629581860217,0.6163554423520662,-0.6319818677202916,0.3292139850535375
900.228239,146.005705,134.239511,14.11209,0.33321869907484536,0.6176233703697211,-0.632084459744385,0.3285968756845732
901.221935,145.555557,134.757507,13.999939,0.329343891049458,0.6207287330989728,-0.6300862068768757,0.3304842102692017
902.223843,145.144097,135.322164,13.894948,0.3239702493204546,0.6232270199506523,-0.634451224220847,0.32264997015859204
903.223497,144.72961,135.898997,13.806831,0.323958616735101,0.6246274119692097,-0.6296410959279046,0.32930760874664666
904.224363,144.360041,136.57926,13.803828,0.3291867162042178,0.6214350563481177,-0.6285083672415284,0.3323128178744894
905.222393,144.05028,137.325734,13.922003,0.3344075750210382,0.6190530479445947,-0.6246571785486373,0.3387451946326501
906.228255,143.731412,138.080181,14.079186,0.32207479404847655,0.6261374510443674,-0.6290407437164328,0.3294350651994579
907.222934,143.359893,138.639937,14.188488,0.32388109514505387,0.6258566643714153,-0.6248668526935478,0.336074230303941
908.229896,142.99417,139.162678,14.253351,0.31201203056908916,0.6311578556350609,-0.6347130834591246,0.3184769312463869
909.229564,142.559311,139.677615,14.367989,0.3215782825267285,0.6229264404606488,-0.640676856910141,0.3131824117059069
910.229536,141.998115,140.29578,14.512212,0.3159475558530261,0.6297950688147201,-0.6295483890826022,0.32742043163287954
911.224622,141.562179,140.955774,14.579072,0.3206607558203621,0.6279730574675054,-0.6244033890554876,0.3360757749491156
912.230604,141.2085,141.60087,14.639254,0.32362344083339123,0.6264582505448287,-0.6221547150694873,0.3402079355104378
913.220482,140.879995,142.235932,14.667259,0.3219175080959169,0.6271878792877434,-0.6236232075051166,0.33778480889005125
914.22544,140.664998,142.827832,14.595254,0.31177218182234134,0.6321480339416794,-0.6302517524269378,0.32552987326538924
915.222244,140.30875,143.339626,14.456583,0.3189335804027065,0.6280531734391354,-0.6285985410378075,0.32968842386362546
916.231991,139.859535,143.803885,14.3559,0.30706909247335956,0.6330239151723711,-0.6373006267559148,0.3143838520088907
917.225893,139.264371,144.147935,14.110812,0.3119436162828895,0.6298286617614551,-0.6359435199170124,0.3187206873732678
918.226202,138.696919,144.510782,13.934689,0.3229831702604922,0.6215020739781707,-0.6394605301279096,0.31702882231407165
919.220986,138.121123,144.946872,13.965153,0.3204811140528219,0.6227593621128646,-0.6409172840924142,0.3141459332664421
920.219146,137.345125,145.382533,14.079152,0.3254957682828344,0.619017558350567,-0.6409044885360483,0.316403545899878
921.217002,136.623252,145.811671,14.121682,0.3332190578638921,0.6163014227957854,-0.633732445005813,0.3279036503046968
922.218202,135.967484,146.410209,14.20531,0.3218516769016125,0.6226021865749425,-0.639271442093033,0.3164017045972012
923.214688,135.233118,147.109055,14.251688,0.3221650420281971,0.6223135572553957,-0.6392164239556855,0.3167615593729939
924.220467,134.478365,147.762987,14.323821,0.32040641657245156,0.6227528589133906,-0.6410239931239498,0.3140172689102078
925.214369,133.700535,148.369675,14.314018,0.31524697015393505,0.625666811974561,-0.6429847888444244,0.30940418471159087
926.220571,133.007133,148.851334,14.23591,0.3177407466252081,0.6248384124639348,-0.6402268254981308,0.31420914715550685
927.218265,132.345403,149.266262,14.110593,0.31318081283540805,0.626934699825202,-0.6429210139076433,0.3090683265926886
928.22038,131.721758,149.701402,14.007682,0.311864052210542,0.6276135687784873,-0.6437449930384613,0.30730181444609583
929.218963,131.096574,150.172755,13.922776,0.3190876341583042,0.6245990646742174,-0.6380065823700667,0.3178154983442696
930.219741,130.538557,150.794375,13.825999,0.3118237980324641,0.6284791659619692,-0.6416500798713523,0.309943594761118
931.216737,130.041808,151.52391,13.778166,0.305372791316659,0.6315456830367704,-0.6455793382229297,0.30186888978617155
932.219775,129.463814,152.217216,13.819434,0.31540252909966776,0.6262313404704775,-0.641486259782803,0.31120882275403505
933.219574,128.962162,152.862645,13.85643,0.30166749720624986,0.6332277025996763,-0.647408311873039,0.2981306349695635
934.219647,128.476031,153.433779,13.910167,0.3049905766647356,0.631539095574118,-0.6459948409899328,0.30137980078553434
935.220379,127.970576,154.086505,13.926359,0.30625043224380316,0.6308014149626927,-0.6459305100540174,0.30178473091411645
936.220247,127.476527,154.721816,13.87748,0.3110108604829475,0.6283834877211918,-0.6438201827841366,0.306434347390772
937.214206,127.078473,155.331886,13.845353,0.31288001049564085,0.627706637981779,-0.6420339057682912,0.3096497045207253
938.215723,126.679554,155.959075,13.75236,0.2968584391831311,0.6356472920522548,-0.649841256000914,0.2924618422829641
939.214818,126.175602,156.556479,13.597635,0.2951255101806928,0.6361064588933273,-0.6518050444427157,0.28882467040370163
940.216864,125.541641,157.067866,13.412038,-0.2905503913078394,-0.6377604381026993,0.6550482484645541,-0.2824073049434704
941.220827,124.751034,157.597737,13.267054,0.30076696079946924,0.6339512673210167,-0.6481041399113164,0.2959831917243619
942.223732,124.055857,158.277245,13.286144,0.30311681295117016,0.6330666621608161,-0.6462627278232611,0.29948503400558424
943.216369,123.39196,159.126807,13.34561,0.30265717592526403,0.6332219895253087,-0.6464678429206162,0.29917866553636324
944.215931,122.814927,159.96187,13.376728,0.2977034559816698,0.6356176557678399,-0.649162532075037,0.2931737623367623
945.219822,122.317385,160.749766,13.338607,0.3044229930112254,0.6326131264252499,-0.64522892473967,0.3013418462143076
946.223422,121.935513,161.604553,13.252512,0.30182160800742414,0.6343595341707475,-0.6447726831820513,0.3012638135732589
947.221313,121.664306,162.454908,13.110223,0.29404348529074203,0.6386051343968915,-0.6468890865002587,0.29539197830486547
948.220995,121.559436,163.259774,13.027336,0.2957762125895069,0.6384896394045673,-0.6441529875535068,0.2998572011226746
949.215872,121.413363,163.98598,12.910482,0.29378710448877426,0.6389440184998761,-0.6466148189261219,0.295514727897732
950.219781,121.178956,164.677592,12.743688,0.2891014319208927,0.6405085745833025,-0.6499356675261613,0.2894006842146002
951.221699,120.788345,165.30439,12.528706,0.281625532073162,0.6439413747397477,-0.6528682337278903,0.2824705913397305
952.221566,120.357645,165.787461,12.431514,0.29057307317010306,0.6397321182139544,-0.64934053824358,0.29097589499390997
953.214636,119.889165,166.385783,12.420052,0.28586489128489256,0.6424388808422266,-0.6496792905845523,0.288912387582147
954.218962,119.456171,167.068205,12.499753,0.28257106929173675,0.6445290664812185,-0.6490188085414778,0.2889817631262815
955.216848,119.002095,167.835012,12.506129,0.2781772647046668,0.646835232415704,-0.6507155976056228,0.2842372293347748
956.224058,118.564704,168.505453,12.441781,0.2792170145418026,0.6466472788367694,-0.6491407778461015,0.2872305800236506
957.222302,118.036713,169.014683,12.360706,0.27814196354426596,0.6465464505430278,-0.65099315214262,0.28429324872280703
958.228481,117.48411,169.495511,12.332047,0.2766345394994216,0.6476284204770765,-0.6504624000071062,0.28451612735186976
959.224542,116.760064,170.04729,12.318152,0.275398581234949,0.6474035432943993,-0.6527963344459468,0.28085800561417096
960.226539,115.990793,170.490962,12.289027,0.27560587080223586,0.6463231542799899,-0.6555960480190047,0.2765892370334907
961.220525,115.336449,170.875028,12.168078,0.2743648248330871,0.6475182836752141,-0.6542952707415619,0.2781037825809649
962.216765,114.787217,171.29015,11.889926,0.2694125241431266,0.6496577677185535,-0.6561208424324063,0.2736185607804497
963.222582,114.337968,171.746385,11.60781,0.26869022852244634,0.6504033044066483,-0.6553046314595,0.27451219044187725
964.225793,113.896175,172.38637,11.403598,0.2701007450237908,0.6490601070780175,-0.6573615401943796,0.27137127779250825
965.220873,113.429742,173.160431,11.303045,0.27065392127062093,0.6489358104894359,-0.6567703727550714,0.27254622770535625
966.222788,112.803633,173.910949,11.307556,0.2590215374525329,0.6539889765368042,-0.6607301200070939,0.2619961263444188
967.218672,112.099679,174.6178,11.341457,0.26089059196371633,0.652095730928621,-0.6631064765991488,0.258837897962705
968.225789,111.385673,175.296302,11.393558,0.24810709011325577,0.6596217252207023,-0.661080419297025,0.2575164668025464
969.222766,110.679409,175.949849,11.358569,0.2542055493414213,0.655401363144013,-0.6630017171542604,0.2574049628960131
970.219158,109.951637,176.517395,11.243307,0.2542288612357324,0.6562630663950036,-0.6606054337998929,0.2613176890963663
971.224354,109.22154,177.094235,11.053767,0.24958909403166513,0.6592440555708845,-0.659060997576915,0.2621853558226066
972.224423,108.587687,177.706885,10.972418,0.2466992661315167,0.660166610779378,-0.6613750122188917,0.25671503912841054
973.219382,107.934571,178.390628,10.912673,0.24148736432486723,0.6627957360566069,-0.6607379513600108,0.25653659538004636
974.223256,107.189605,179.005594,10.865913,0.23020685996869023,0.6672838626604578,-0.6640750198927458,0.24645773716956923
975.219058,106.436945,179.499933,10.824386,0.23819010577128896,0.6641641476028713,-0.6605875429518586,0.256467457289302
976.22401,105.905484,180.007038,10.645122,0.23531549692933773,0.6645566822183577,-0.6634536630448876,0.25063972154498587
977.223916,105.372831,180.579861,10.356522,0.23720030591758817,0.6625212789751751,-0.6657473968499301,0.24815715457194185
978.215555,104.920605,181.256864,10.097737,0.2282388408648661,0.6676395396852982,-0.6651228580807965,0.2444914318087611
979.214492,104.447464,182.022014,9.92999,0.2232319454525646,0.6714362406796593,-0.6609337244890278,0.25001496968080067
980.222375,103.840327,182.779849,9.910686,0.22693751903998416,0.6684607081685808,-0.6645215562044221,0.24509334023263338
981.222432,103.159254,183.567181,10.085069,0.22753763084881315,0.6713932817507497,-0.6553907727821714,0.26061585277886645
982.220277,102.332174,184.335443,10.294808,0.22991424859751297,0.6688711915600402,-0.6587914899078159,0.25640698160918524
983.226543,101.49533,185.05206,10.380272,0.23396841763501341,0.666880504714929,-0.6579388019711024,0.26008787907428504
984.227378,100.72297,185.645724,10.389728,0.2373145412162177,0.6645338612878964,-0.6591834842080118,0.25991092681247724
985.220333,99.857574,186.217004,10.365929,0.23797118990157234,0.6634090721138091,-0.6613748812421606,0.256595756542938
986.22352,99.093343,186.876737,10.367197,0.2449342045137102,0.6605347730981647,-0.6585014967463506,0.2647202821285289
987.22771,98.419231,187.681484,10.41276,0.2366919007140035,0.6627006383923243,-0.664182812920823,0.25232122192035544
988.226778,97.716544,188.470578,10.560737,0.24127754057850564,0.6595512454145802,-0.6655375820391177,0.2526599097165762
989.225534,96.995588,189.230193,10.781578,0.24565629513329526,0.6575529340678851,-0.6648126105811856,0.25554122245212785
990.228573,96.185214,189.96236,10.946873,0.24546952565509858,0.6560793405819153,-0.6680096207806279,0.2511329476209403
991.215408,95.308403,190.569165,11.087172,0.2413365568450514,0.6568898263714135,-0.6709638379605206,0.24507131714910607
992.222412,94.412119,191.095495,11.166657,0.24913700728175442,0.653221913936862,-0.6692478131141129,0.25167289762175665
993.222264,93.630867,191.55151,11.239668,0.24366955973548182,0.6551425612473724,-0.6714528466705635,0.24609844533955574
994.224352,93.000395,191.924882,11.301694,0.24675878702108572,0.6541517263065783,-0.6692897104955674,0.2514893703971713
995.224266,92.491389,192.286475,11.369805,0.2392741486842397,0.6564897178263581,-0.6733833871634071,0.2415035114693735
996.226285,92.018041,192.680642,11.351093,0.2370708665587051,0.657618874824537,-0.6731097620779807,0.24136708122471642
997.218818,91.512714,193.015952,11.304343,0.24396162032108684,0.6550265012373917,-0.6704971224716522,0.248709909823162
998.22291,91.067089,193.225663,11.213499,0.23405833594535588,0.6575753360547096,-0.6762907031257336,0.2354617965885925
999.218904,90.545011,193.280338,11.157087,0.24219819716306062,0.654152154705949,-0.673714339657284,0.24399586128595968
1000.221865,90.002734,193.443854,11.172652,0.2512251066270145,0.6516381830385658,-0.6682149784538,0.25640274330909424
1001.225861,89.59583,193.617935,11.205058,0.24602419507846054,0.6540947359479964,-0.6696656769237868,0.2513564261985817
1002.226014,89.289371,193.838196,11.238075,0.24436517225551077,0.6548660072710852,-0.670430934387403,0.24891471898181394
1003.220818,89.113898,194.048108,11.164711,0.2499933200950147,0.6540419158448177,-0.6653050640430808,0.25903992739449305
1004.221843,89.013205,194.102619,11.042629,0.2284172144808343,0.6606618797286714,-0.6761946067805611,0.2326205291092718
1005.219601,88.691391,193.925748,10.803986,0.19111543761015637,0.6714502806772493,-0.6907922822585991,0.1882430154281364
1006.225714,88.149549,193.826218,10.623914,-0.19031394240109661,-0.6691149513884374,0.6956310949222937,-0.1793409181793488
1007.222706,87.46069,193.78978,10.442736,-0.188923991499598,-0.6695762196264301,0.6961270274902177,-0.17715127192394658
1008.22571,86.72816,193.939906,10.270165,-0.19206941648139608,-0.6684914470336805,0.6947383087474102,-0.1832135553230175
1009.221594,86.212975,194.168066,10.298794,-0.18792571728930152,-0.6700969996912862,0.6951365093350685,-0.18010877040137205
1010.222543,85.752947,194.591841,10.471543,-0.1656248184821025,-0.677599664486757,0.6996663295009646,-0.15457729960396
1011.222481,85.085803,195.191694,10.685437,-0.13374573710628423,-0.6843700513953606,0.7065341254440368,-0.120661676360136
1012.222284,84.573221,195.688655,10.765162,-0.13272529454260476,-0.6844215761000376,0.7065321487284525,-0.12150483599624796
1013.222054,84.164543,195.944949,10.683774,-0.1265348530511419,-0.685575229462526,0.7074225723163133,-0.11631354129292532
1014.224236,83.806146,196.209625,10.558119,-0.1283147051201663,-0.6852792699514244,0.7068609875761004,-0.11947888042540235
1015.222493,83.554267,196.559403,10.629645,-0.12096431915265642,-0.6868327026385622,0.7077895018108536,-0.11252774415443674
1016.225392,83.189007,196.990324,10.742771,-0.12231963651296536,-0.6868003341205674,0.7070715513874452,-0.11572825408587335
1017.219257,82.920907,197.372697,10.952687,-0.11842491660396434,-0.6870499438551423,0.70825920125517,-0.11093609698100368
1018.221334,82.572412,197.611737,11.108535,-0.1290570225093664,-0.6841048595358435,0.7072956420564483,-0.12279128970907174
1019.221037,82.306268,197.662059,11.045516,-0.11902788892577117,-0.6865630955952717,0.7082503291905197,-0.11333555764204274
1020.216012,81.998876,197.648794,10.910549,-0.12141696422728651,-0.6863981916621512,0.7075060907822047,-0.11640693616293397
1021.221241,81.616402,197.668977,10.8195,-0.11943542761132543,-0.6868224695356092,0.7076176803510724,-0.11527051846363226
1022.227295,81.063637,197.667158,10.71078,-0.11409547011157817,-0.6885594142050911,0.7076170421680983,-0.1102101558062219
1023.217034,80.430438,197.897486,10.81124,-0.07478264618640394,-0.6945260519257715,0.7132201650527609,-0.05794924665491545
1024.222398,79.668943,198.30539,10.922147,-0.04365949925018654,-0.6991502666245158,0.7131845062645815,-0.025507113287011995
1025.22743,78.984472,198.621321,10.997714,-0.04563976492122376,-0.6981182976229204,0.7138455139772992,-0.03118391502836894
1026.225259,78.535008,198.705173,11.049987,-0.04479585803761608,-0.6978866790193831,0.7140777357198377,-0.032256808571215545
1027.227007,78.070625,198.562742,10.747978,-0.04537614222134172,-0.6967008060964801,0.7151804790454457,-0.03264773949219901
1028.229033,77.81052,198.464474,10.525921,-0.037155249715569674,-0.6976616188555944,0.7149316619302154,-0.027576652517395536
1029.233633,77.702029,198.320096,10.404479,-0.040130954012406204,-0.6970000356586652,0.7152467995140097,-0.03166184781151614
1030.233352,77.475855,198.045821,10.303562,-0.035932634939105514,-0.6970831082408244,0.7155649170701023,-0.027401376062195157
1031.231458,77.10752,197.755348,10.277477,-0.024709879421345986,-0.6981582483007055,0.7153518853818114,-0.015367572006037236
1032.234262,76.746513,197.569078,10.349572,-0.032446789282752755,-0.6978490268630407,0.7150426973946415,-0.02584342226065813
1033.227259,76.312911,197.382598,10.3673,-0.03651885783760546,-0.697076297594756,0.7154154443382856,-0.03052458609182621
1034.228183,75.875392,197.090591,10.362757,-0.03334006257086619,-0.6972625536008245,0.7154741896777215,-0.02846147358862553
1035.226208,75.4954,196.758739,10.288015,-0.03319280289680872,-0.6959716633989421,0.7167092590523213,-0.02914651900717863
1036.226911,75.429236,196.37861,10.300029,0.03946813375636365,0.6954609183605166,-0.7163192224046392,0.040781724639226906
1037.227007,75.51464,196.187161,10.251371,0.030069639224201992,0.69777414075364,-0.7149911506034565,0.03153917962140483
1038.229718,75.541054,196.213962,10.25643,0.023237119100647397,0.6980911537381236,-0.715224346660454,0.024143556337138647
1039.227435,75.526238,196.279911,10.260018,0.02176923022976989,0.6972775416729925,-0.7161400488124645,0.021761456305871296
1040.22725,75.653542,196.344074,10.241208,0.019429054212482123,0.6979657516248611,-0.7155296453632587,0.021991998942352684
1041.226021,75.779483,196.335226,10.216182,-0.0033735378491860832,-0.6986283973160203,0.7154704878846105,-0.0029937722335236132
1042.231869,75.84523,196.382792,10.203285,0.016045094750676857,0.6992380481659335,-0.7144215636119801,0.020261697306769803
1043.228644,75.905508,196.349177,10.172627,0.018497321958535793,0.6989384066618634,-0.7145040533704093,0.025038180656614447
1044.229501,75.952024,196.235924,10.161193,0.023935782173363555,0.7005726088703249,-0.7123407660944123,0.03457934343509295
1045.429019,75.809635,196.162624,10.186047,0.00499060942752102,0.7010734767480858,-0.7129881030642231,0.010910495257950197
1046.428237,75.666941,196.267003,10.071405,0.0005669951493636827,0.7022862704899753,-0.7118477545568483,0.008151510912398232
1047.42734,75.518152,196.544313,10.012589,-0.0094533618533808,0.7017939135817807,-0.7122913685334202,-0.006078085391360295
1048.42624,75.079635,196.903712,9.954637,-0.0002957404696015956,0.702332506492335,-0.7118172391044797,0.006721679510726801
1049.427919,74.562094,197.284418,9.997004,0.03771542709097717,-0.7019608533702137,0.7102201640851664,0.03762745569322579
1050.428033,73.813488,197.618031,9.998477,-0.028674389949977393,0.700777017231274,-0.7122599354306919,-0.02784126185541771
1051.430867,73.062516,197.829097,9.955399,-0.030225765864753833,0.7019319563155947,-0.7110740524465917,-0.027415756747407583
1052.427543,72.332812,197.964721,9.896546,-0.03715367880383972,0.7013525388294231,-0.7109436428899647,-0.03582397330294502
1053.427706,71.603547,198.000108,9.897463,0.039123952072881864,-0.6994805587987966,0.7124949818118268,0.039334020004148665
1054.431867,70.866706,197.97923,9.891673,-0.04275837137937759,0.6994497557938049,-0.7121843776722714,-0.041655407770532754
1055.433641,70.170924,197.892785,9.853812,0.048930614191756205,-0.6978947984940485,0.7128661672938583,0.04868750104014061
1056.436567,69.523151,197.734435,9.865441,-0.04524689556730554,0.696823567506758,-0.7144697346762414,-0.04384783278951339
1057.435247,68.79175,197.502735,9.851873,-0.05181007910731883,0.6966804180875866,-0.7137856865096902,-0.04961959784288189
1058.431238,68.040462,197.202843,9.888272,-0.05694793811865844,0.6982284360411809,-0.7116761534031668,-0.052450320540415846
1059.436296,67.410824,196.936948,9.95472,-0.05684817790527415,0.6967677027148623,-0.7132455444737322,-0.05063443897855191
1060.43604,67.153936,196.733373,9.910251,-0.054337769733559756,0.6968303010608072,-0.7138162594605547,-0.04406002761721382
1061.437395,67.200725,196.6847,9.745088,-0.03638768764389024,0.6984437833512208,-0.7144381530202704,-0.02074471486784986
1062.436438,67.262959,196.785445,9.556577,-0.043734615300153795,0.6997850201592372,-0.7124216447340088,-0.029044949643154922
1063.436289,67.418708,196.903992,9.331819,-0.059949472805290525,0.698369694026349,-0.7117320275627104,-0.04607984502344753
1064.42902,67.509786,196.791436,9.009498,-0.06458808025127068,0.6978710798278255,-0.711441259435773,-0.05153319514489222
1065.432972,67.422955,196.514968,8.753348,-0.05518935317652397,0.6986057370712618,-0.7121394348693232,-0.04197123694956986
1066.431667,67.244055,196.376959,8.466358,-0.07728585496192708,0.6980307235219038,-0.7086065993720657,-0.06823996606570376
1067.434492,66.91612,196.355085,8.296464,-0.08294382958977563,0.6986813356695405,-0.7068779865056319,-0.07272017954978391
1068.430569,66.453708,196.468156,8.270628,-0.06699424692507717,0.7003384642681031,-0.7085853651804069,-0.054264045165154845
1069.429658,65.964551,196.663926,8.2796,-0.0731514072485122,0.6997665422341935,-0.7078801396187303,-0.062300609311064604
1070.431658,65.558816,196.847632,8.176261,-0.07604274520192177,0.699061626190203,-0.7080866268318524,-0.06437136469233502
1071.430764,65.126671,196.910842,7.986727,-0.08220385145879544,0.6973491587649157,-0.7084682361837974,-0.0708479773446205
1072.433579,64.655405,197.011768,7.661192,-0.09289812758219149,0.6979867837322692,-0.7051271435767325,-0.08354698688835802
1073.43489,64.093636,197.222158,7.366832,-0.09530270295556516,0.69841544547419,-0.7038812897382097,-0.08766065416665816
1074.425811,63.283255,197.378864,7.040219,-0.08989329927233063,0.6976210825469237,-0.7061487162028303,-0.08122813882570518
1075.421697,62.79384,197.500303,6.838494,-0.10308185939096183,0.6954292410562583,-0.7050386720213797,-0.0931277182301172
1076.424358,62.423454,197.486163,6.610081,-0.09466278333975342,0.6969036748319791,-0.7062128831537752,-0.08141000628722639
1077.430427,62.2393,197.551567,6.300232,-0.10197685032127102,0.6955249154622151,-0.7055249385700458,-0.08989090624509663
1078.423262,61.830761,197.566345,6.040316,-0.09847925269924977,0.6954772756500569,-0.7063690212529995,-0.08749858088135853
1079.424249,61.41685,197.498593,5.945821,-0.10232308547298104,0.6947159129437447,-0.7059811390810034,-0.092143462838757
1080.418894,60.862903,197.380751,5.947475,-0.0994977004367273,0.6948050479151461,-0.7067444742736841,-0.08864762310997788
1081.421019,60.178824,197.331355,5.945769,-0.08776953971808042,0.6979927667456493,-0.7068710016799958,-0.0737291831797237
1082.420954,59.410216,197.220319,5.943145,-0.07993888493794359,0.6995590776289593,-0.7073672000256396,-0.062116953480388204
1083.427847,58.705865,197.043526,5.977646,-0.0675781546591813,0.6996042060843449,-0.7097306741519519,-0.04763945853773854
1084.422775,58.101325,196.976556,6.016746,-0.06252191909283142,0.7008994603524983,-0.7092526240884324,-0.042328138799139534
1085.428734,57.443082,197.031611,6.000763,-0.05437072407820576,0.7022864577868528,-0.7089262545590993,-0.03551226786919767
1086.427544,56.827822,197.313369,5.869345,-0.05851873861738228,0.7015168172684287,-0.7091035770682657,-0.04027194195956919
1087.425625,56.354196,197.804291,5.872454,-0.07302991308531656,0.699876791838157,-0.7079810579057151,-0.06001607857720234
1088.423452,55.752229,198.22715,5.846183,-0.08130044478683382,0.6977999432896851,-0.7082397995108289,-0.06972706225875228
1089.428353,55.158251,198.45839,5.754096,-0.06915579506766767,0.6985425141487906,-0.7101496611110955,-0.05425210372918121
1090.429548,54.752261,198.422998,5.962244,-0.07912664777316135,0.6962589614133518,-0.7103661996582766,-0.06589608976897128
1091.430448,54.43117,198.170355,6.397184,-0.08116588206594495,0.6960427958525587,-0.7101109109842606,-0.06840336271934176
1092.426235,54.095522,197.94814,6.66078,-0.07442246284727608,0.6973762371470471,-0.7102893767633645,-0.06013885718470915
1093.425294,53.905535,197.926147,6.942483,-0.07592982903608005,0.6973480961928491,-0.7101054629954692,-0.06074969319058991
1094.428226,53.893627,197.947536,7.015601,-0.07690177711272433,0.6973099433593316,-0.7100191564606934,-0.06097341246769825
1095.434022,54.097509,197.904075,7.041518,-0.07140417372641905,0.6974769389584384,-0.7110979659768614,-0.05260272216515657
1096.429812,54.293994,197.788543,7.264859,-0.06148994948891557,0.698749920395279,-0.7114451850094534,-0.04258266767484767
1097.430857,54.185139,197.679884,7.517397,-0.07107250833295867,0.6986742335672145,-0.7096875926849472,-0.05609398093887999
1098.434804,53.990284,197.626868,7.66789,-0.06455051247184322,0.6988596046884386,-0.7106391969992182,-0.04919772314495897
1099.434871,53.70596,197.539167,7.603345,-0.06349740171234523,0.6990405069631311,-0.710594099054128,-0.04864643861540018
1100.429487,53.307974,197.426109,7.529823,-0.061266601397266945,0.6992236493333456,-0.7106525779047945,-0.048016718791033045
1101.432237,52.674234,197.404801,7.537804,-0.057140089331697085,0.7003486808323295,-0.7102170488237679,-0.04287748835506959
1102.428865,51.93883,197.517477,7.504367,-0.06579934864006907,0.6996609578469564,-0.7093645839880401,-0.05428514314890298
1103.429962,51.297382,197.556031,7.452673,-0.08029910203639065,0.6984213086127911,-0.7077130368879898,-0.07001419360761464
1104.426224,50.908923,197.419277,7.36847,-0.08301539394308029,0.6972510577708616,-0.7084827470813487,-0.07072201845221587
1105.426915,50.719705,197.02729,7.231328,-0.08753623787558648,0.6963760479544056,-0.7085092017285194,-0.07356981690889461
1106.425708,50.619245,196.571184,7.162675,-0.1051749251512468,0.6950266722992655,-0.7053118260262118,-0.09171361937907609
1107.432479,50.542894,195.992315,7.067332,-0.10061496064000464,0.6946947833654802,-0.7068431287430177,-0.08745615478044119
1108.428422,50.365963,195.38504,7.017712,-0.09835139293485634,0.6909572632402734,-0.7101492009459316,-0.09269938661684914
1109.429472,50.000593,194.86849,6.96009,-0.08563143442994954,0.6923828083457404,-0.7121309429780686,-0.07837617111024117
1110.430482,49.568589,194.320177,6.882076,-0.09581073215151316,0.691140423271674,-0.7107356156209235,-0.08944329830897982
1111.42935,49.23717,193.831916,6.745953,-0.09053797574777646,0.6907234248584023,-0.7127781527111411,-0.0815556884408881
1112.428319,48.728124,193.36851,6.708965,-0.09580330710348095,0.6901883592885328,-0.7112329222717791,-0.09278731231900478
1113.425146,48.013205,193.012712,6.764172,-0.10385376162319881,0.691629312073557,-0.7079534096646597,-0.09831205735591417
1114.426974,47.386396,192.758465,6.709765,-0.10423320451585638,0.6924207689805623,-0.7074196605559933,-0.09615789941323484
1115.427818,46.921893,192.612618,6.602318,-0.10396613266970253,0.6922851222081536,-0.7079163805294355,-0.09373767121627831
1116.425845,46.416906,192.531256,6.478036,-0.10649709532316033,0.6930233626370337,-0.7062540192158528,-0.09788895682579249
1117.427806,45.835638,192.48717,6.39383,-0.09919597080512166,0.693748050558424,-0.7076801281879097,-0.0897921928140733
1118.423698,45.265681,192.515917,6.381765,-0.10752435606167444,0.6926368253043335,-0.7062101167223487,-0.09979986034490851
1119.426465,44.691459,192.34707,6.246792,-0.10420315016440024,0.6921912071283207,-0.7078161264741394,-0.09491768735698711
1120.426346,44.279705,192.162087,6.132504,-0.11195615359477788,0.691570664648507,-0.7061963759127465,-0.10238414973807045
1121.423248,43.991087,192.128961,6.12405,-0.11434110145873036,0.691484576704083,-0.7053889346564496,-0.10583781725743695
1122.424236,43.604955,192.190641,6.022615,-0.11696391293355321,0.6912257211058181,-0.704528221002631,-0.11030154742287947
1123.429181,43.174871,192.242989,6.031284,-0.1099573938566657,0.6925843624390883,-0.7053942010639324,-0.10322448133300627
1124.426236,42.804367,192.505613,6.104686,-0.1102809098611318,0.6929934927216155,-0.7049899496202833,-0.10289465923986428
1125.428241,42.627742,192.956596,6.149906,-0.10443088400901249,0.6939414559619264,-0.7061065349299832,-0.09462033339462822
1126.429953,42.637838,193.429037,6.144766,-0.08710380387563423,0.6956810838004316,-0.7091009054731574,-0.07494439838840578
1127.432817,42.720213,193.756035,6.023392,-0.08893554107035773,0.6951196050997075,-0.7092392776897449,-0.07667366642256208
1128.434629,42.850734,193.869058,5.891829,-0.08766914641060067,0.694451423427786,-0.7100974779257926,-0.07624246264508483
1129.423375,42.98149,193.847894,5.795123,-0.03020551549106378,0.6981404268553588,-0.715287712500725,-0.007145597918778931
1130.427209,43.12746,193.727708,5.661063,0.08074932996314423,0.6964561619155003,-0.7028946983695028,0.11986410323562027
1131.425911,43.080858,193.65254,5.740864,0.1768497677989968,0.6832918100425017,-0.6694299695399392,0.23173255671147935
1132.423818,43.03496,193.726738,5.781782,0.23913549853988902,0.6696713108176097,-0.6292039513956684,0.3137784829365784
1133.430895,43.057104,193.77639,5.725725,0.24012068902459321,0.6684665495817398,-0.6322642597961448,0.3094130452600073
1134.427756,43.025396,193.62873,5.733011,0.2701071373093287,0.6570739917169758,-0.6149786715274388,0.3421945898900593
1135.431543,43.034745,193.375402,5.719853,0.3267898583596559,0.6378026431366828,-0.5251778352543763,0.45891657001971986
1136.428453,43.108708,193.034089,5.608041,0.31676399651351367,0.6466952930450169,-0.4331487179187847,0.5420589973716141
1137.42233,43.066422,192.763601,5.449113,0.35688967358589707,0.620105127391163,-0.4829477476637766,0.5048374638410136
1138.4263,42.923075,192.635427,5.239976,0.3715878328528236,0.6095558676888475,-0.4897457234574766,0.5005129898383769
1139.439437,42.748336,192.921621,5.153551,0.374628351793601,0.607227869936672,-0.4953213968138927,0.4955649562498506
1140.427251,42.322777,193.370949,5.16012,0.3832221136527858,0.5997067409052425,-0.5183165494317581,0.4741735875240837
1141.428913,41.915697,193.703608,5.206839,0.38214487694710625,0.600326973606098,-0.5208020537756358,0.47152734657398626
1142.433924,41.505384,193.833778,5.248094,0.3950669785718062,0.5902564936145843,-0.5216639763490031,0.4726373345046993
1143.434999,41.080659,194.040733,5.240712,0.40382475589136185,0.5834036876033003,-0.5244676968264009,0.47063716258468496
1144.427231,40.665954,194.403266,5.245686,0.4112029698553399,0.576282532065672,-0.54048602803734,0.4546266757621531
1145.4283,40.218575,194.770702,5.376348,0.4133516645173199,0.5733325371868411,-0.5517334311027889,0.44274193865863287
1146.430378,39.709104,195.023089,5.5984,0.41680382796372695,0.5700094730249003,-0.5565399637746941,0.43775225685120306
1147.431427,39.225658,195.212345,5.696675,0.42045032696916584,0.5682043516251059,-0.5474175523613372,0.44799482219389236
1148.428327,39.091196,195.589999,5.706625,0.4184597117822157,0.5690354789575761,-0.5572573999576586,0.4365252380963754
1149.428342,39.034652,195.972199,5.635393,0.4233669878853913,0.5650825283945584,-0.5561315621676278,0.43836037142179923
1150.423363,38.987448,196.363604,5.58783,0.42677939428263145,0.5618215048874283,-0.5601164045079886,0.4341492354741843
1151.43155,38.912862,196.82678,5.509055,0.42933267925267143,0.5595866055303386,-0.5616085693335182,0.43258767468331205
1152.426379,38.886401,197.319816,5.596018,0.429410458825598,0.5582233756497179,-0.5715339084710134,0.42112030608517426
1153.425326,38.785831,197.767778,5.800703,0.4281804333274749,0.559095363798287,-0.5728533294145847,0.4194197821674394
1155.032221,38.567848,198.210136,6.032834,-0.42597069106626434,-0.5600920712322544,0.5787050953657544,-0.41224538165151775
1156.027976,38.243739,198.67651,6.164975,-0.43289853933705763,-0.5544019597303006,0.5783728772661141,-0.41318535372149945
1157.030889,38.055582,199.051186,6.201285,-0.4329645400495685,-0.5545931070294042,0.5771272339569471,-0.41459902136925103
1158.029156,37.913843,199.494022,6.118545,-0.4268820790113487,-0.5593575753656448,0.5809397477143224,-0.40914521019515215
1159.028862,37.696679,199.982713,5.999891,-0.450600953167742,-0.5338822622786689,0.6066199314748446,-0.3793952685076447
1160.027916,37.407566,200.428248,5.914935,-0.46411275350087566,-0.5209955236968775,0.6088177103528962,-0.3774970355993657
1161.03082,37.158518,200.809239,5.989321,-0.44759518735635523,-0.5375153365829491,0.6018116826783458,-0.38543288622716965
1162.025851,36.839378,201.168525,6.103846,-0.4404414210101132,-0.5438833139280281,0.602343288639483,-0.38390735616842603
1163.028167,36.482606,201.486305,6.284924,-0.4345502782536454,-0.5492413866110702,0.5999250694005158,-0.3867684914881442
1164.028958,36.071152,201.824835,6.447754,-0.4350238687586953,-0.5497100885434869,0.59658626712982,-0.3907145736158766
1165.029222,35.82492,202.334367,6.575387,-0.4454805161652126,-0.5379438445816015,0.6093496335504127,-0.3753086115264599
1166.02324,35.5827,202.831792,6.632963,-0.4483149743760193,-0.5348537364954633,0.6115646748336915,-0.3727382631319624
1167.02599,35.306049,203.379089,6.611518,-0.45226530010884325,-0.531629609780318,0.6097164004245831,-0.3755954836996501
1168.026227,35.05604,203.911039,6.627063,-0.4462063738288543,-0.5370920244749893,0.6097384368284438,-0.3750347555278953
1169.025894,34.88068,204.406343,6.692522,-0.43621881617385905,-0.5465085350252201,0.6074806195645948,-0.37684063264711887
1170.025957,34.661227,204.887129,6.742081,-0.4356649689680311,-0.5472097150389799,0.6067206924449572,-0.37768712440345986
1171.024883,34.379949,205.384252,6.793687,-0.4357429400907817,-0.5472169340102159,0.6060547477784943,-0.37865467115651197
1172.018899,34.017171,205.912416,6.937253,-0.43739807942636644,-0.5455051689012459,0.6074142308244495,-0.3770344586481341
1173.024014,33.549544,206.441346,7.007763,-0.44324803448754596,-0.5409221591067298,0.6045214945589678,-0.3814291026212248
1174.022056,33.256002,207.049966,7.061375,-0.44212531296547747,-0.5406609260584613,0.6104127656181584,-0.37364050401311844
1175.022934,32.970037,207.514494,7.026366,-0.43478298676664573,-0.5449324815606044,0.6199572900722101,-0.36009068780627757
1176.021761,32.643148,207.941814,6.956135,-0.4549938008052777,-0.525546494143348,0.6244751038576565,-0.3561072428136955
1177.025772,32.305167,208.396018,6.956975,-0.4447072065160595,-0.5350142010388876,0.6248757197855569,-0.35429597793636597
1178.022914,31.771926,208.973783,7.032249,-0.4637637862597381,-0.5154264188341426,0.6320093705123436,-0.34615446394122096
1179.023981,31.371413,209.555236,7.087185,-0.4501203395526886,-0.5288930229828768,0.6298516577613056,-0.3477797282423773
1180.020154,31.071448,210.047594,7.166212,-0.4481754575251981,-0.5315244862283501,0.626621008908076,-0.3520888964548482
1181.022259,30.627246,210.475986,7.181446,-0.44613174209668877,-0.5315592142171671,0.6329214579307216,-0.3432516548619269
1182.023297,30.066569,210.895026,7.183645,-0.4455796183021865,-0.5332362546801436,0.6288896886052066,-0.3487343688459988
1183.02642,29.816719,211.459077,7.333739,-0.4456462592247716,-0.5334091025689169,0.6278409439042228,-0.35027116651680706
1184.022386,29.469897,211.930347,7.230296,-0.4443995727434096,-0.5338304142536914,0.6294116765512644,-0.348389221968955
1185.023447,29.122771,212.286223,7.198983,-0.4360041758452411,-0.5416616512453586,0.6284342768749634,-0.34867373555274506
1186.025296,28.674262,212.596333,7.236105,-0.4281030562239038,-0.5489145657774103,0.6277299052082501,-0.34839021059207653
1187.025296,28.168374,212.973787,7.281502,-0.4385338586806467,-0.538894120943889,0.6306218083135662,-0.3458284489195527
1188.020246,27.540558,213.38876,7.237013,-0.43133121079792053,-0.546610782630469,0.6257737336681494,-0.35153559301261394
1189.025244,26.959582,213.781287,7.324725,-0.4313138359109802,-0.5479908219931076,0.6203224174805322,-0.3589909919958754
1190.02292,26.399028,214.167348,7.588607,-0.43395690989670854,-0.5445218111942705,0.6236090743248597,-0.3553718051651016
1191.028712,25.686945,214.319121,7.719101,-0.4353782046625326,-0.5428925423390875,0.6247183804968559,-0.3541757352597967
1192.02376,25.126911,214.392618,7.776999,-0.43154133752023416,-0.5467375022115017,0.6229343505225726,-0.3560940502532951
1193.023418,24.706167,214.486743,7.762511,-0.4322412382793286,-0.5476321583635132,0.61790383468576,-0.3625760363530741
1194.020412,24.360163,214.846332,7.814994,-0.4278813058665301,-0.5519664836719853,0.6154774070691377,-0.36529187012605113
1195.024284,23.968613,215.239349,7.947496,-0.42294359466156906,-0.5555228008593467,0.6179188815220898,-0.3615098744413859
1196.028245,23.570053,215.68281,8.08904,-0.4172063560320819,-0.5608440635240796,0.6165447315865386,-0.36230565390166514
1197.029243,23.253878,216.300884,8.273963,-0.41201790434162844,-0.5655054601857964,0.6149625876169417,-0.36368370438261144
1198.026214,22.970958,216.997654,8.498812,-0.41419043649340537,-0.5627987198857967,0.6178210102010082,-0.36055662879292155
1199.030167,22.709082,217.584847,8.621397,-0.4144739041867245,-0.5623431821581344,0.6183817258435951,-0.35997995690201134
1200.0303,22.421117,218.165886,8.604262,-0.4128039846687137,-0.5644010123668507,0.6146607324116983,-0.3650158236460732
1201.030365,22.132925,218.749273,8.607606,-0.40847291105041983,-0.5668760983175936,0.6189152162910093,-0.35881098803920547
1202.03034,21.682964,219.196961,8.641257,-0.40527424708604753,-0.5695609343458793,0.617737510966584,-0.360213123387663
1203.030256,21.192707,219.610649,8.705025,-0.40606353368957065,-0.5691900391085233,0.6167430996312955,-0.3616117462754201
1204.028319,20.75807,220.060151,8.824238,-0.39871187251486595,-0.5748362747345017,0.6197132502265084,-0.35573527721993925
1205.03101,20.40948,220.581773,8.839888,-0.41059630210051007,-0.5631564259164146,0.6257385616418087,-0.350309533305728
1206.028837,20.115691,221.072855,8.746529,-0.41013863792413296,-0.5653093891553237,0.6187251355919081,-0.35970932543005696
1207.032161,19.8234,221.584106,8.793445,-0.3973676637220161,-0.5745869682006489,0.6228739583452558,-0.352103376606084
1208.036919,19.376288,222.242866,8.733068,-0.4038118672105119,-0.5678023317932618,0.6283714544615618,-0.34595636014959463
1209.033841,18.791888,222.829885,8.731686,-0.40434525500640783,-0.5662618613001806,0.631795654408982,-0.3415943065400594
1210.030681,18.193087,223.499265,8.693276,-0.40667933531733075,-0.5659374809523443,0.6253493661404862,-0.35109095138847013
1211.035647,17.624522,224.203145,8.790213,-0.4001072352728957,-0.5710003460697338,0.6267123087972243,-0.34800069981621645
1212.039751,17.110453,225.01138,8.902249,-0.39683436780335013,-0.5737660318510565,0.6264922130267442,-0.3475953570473295
1213.039968,16.578276,225.79016,9.127643,-0.3945720678795154,-0.5752072520267997,0.627567982600204,-0.34584379086542977
1214.030882,16.072376,226.56114,9.291958,-0.39816903269262943,-0.5725041472898148,0.6269701290696985,-0.34728789209372607
1215.030862,15.828242,227.338992,9.380922,-0.4009356857223771,-0.5707376869959665,0.6250177495001349,-0.3505165921416676
1216.028778,15.591913,228.020346,9.366336,-0.3930378835891701,-0.576524597960225,0.6279331082037474,-0.34473268140999874
1217.028648,15.211696,228.675284,9.351009,-0.39228747558469895,-0.5766818522673793,0.628984324585239,-0.343405441411314
1218.035496,14.872215,229.361077,9.412798,-0.3936167872748481,-0.5753385943731716,0.6307710648359663,-0.340850686321491
1219.033636,14.552789,230.229697,9.402156,-0.3813977284442827,-0.5832683448567519,0.6360949367521564,-0.33123562921865224
1220.031701,14.182198,230.899544,9.315575,-0.40183244447683514,-0.5652212025883538,0.6407997905238368,-0.3292890936167689
1221.041233,13.81014,231.462786,9.320728,-0.3961899413432206,-0.5703008736068427,0.6394281239752184,-0.3300335107398344
1222.040252,13.486218,232.068471,9.370874,-0.39479357512849406,-0.5722757838109584,0.6363302322035614,-0.33424885322851444
1223.039046,13.165466,232.665402,9.479176,-0.3902589714355029,-0.5755219141605722,0.637328208269494,-0.3320921806954369
1224.040892,12.79603,233.300823,9.555894,-0.38961651989290647,-0.5766130551775663,0.6349815400726633,-0.3354322521646989
1225.031696,12.357107,233.983884,9.676265,-0.3880300568211177,-0.5780407235192145,0.6339857183501562,-0.3366952715510265
1226.03866,11.79225,234.776663,9.864562,-0.38844613535719846,-0.5773269950148997,0.6361518000032412,-0.3333377087965885
1227.036838,11.078,235.529139,10.207313,-0.3887452457826874,-0.5752919956189576,0.6419310981442604,-0.3253317059455152
1228.036844,10.233584,236.225499,10.508252,-0.39106744181779335,-0.5738320898861967,0.6403527149008299,-0.32822460158565686
1229.039984,9.504016,236.972294,10.705065,-0.39676283819056035,-0.5686235194478345,0.6422860521066158,-0.32667288015846546
1230.042225,9.014209,237.709543,10.760412,-0.39787856227440793,-0.5693597164354016,0.6361644187261098,-0.3358824129511991
1231.04424,8.620088,238.360474,10.772838,-0.3983335501082632,-0.5701589851542995,0.6323905222606868,-0.34107380705768453
1232.040154,8.319484,239.051879,10.856195,-0.4062252535959757,-0.5646670259630631,0.6289185744707717,-0.3472659208971808
1233.04095,8.279086,239.88195,11.012042,-0.3727817088150116,-0.5900201897632352,0.6332164726707685,-0.3345846260411644
1234.040883,8.035739,240.509522,11.071333,-0.37886465984501894,-0.5852675290302504,0.6324464532315119,-0.3375425495818627
1235.044809,7.724886,240.997346,11.071861,-0.3830771433679264,-0.5825929524828565,0.6307373077577634,-0.3405991816620613
1236.042615,7.430358,241.489558,11.095747,-0.38103121381152993,-0.5834456773298416,0.6329030010523411,-0.33740205536625734
1237.047589,7.082084,241.955215,11.161501,-0.37335428382927555,-0.5904067227172147,0.6291341194027874,-0.3409057645742089
1238.046428,6.839823,242.612284,11.266567,-0.3592044858174778,-0.6006436355823264,0.631130002694216,-0.3344761278510706
1239.047375,6.52314,243.268801,11.311188,-0.36051693306559884,-0.602068750348214,0.6215553341488511,-0.348151874069672
1240.043273,6.241696,243.961544,11.374956,0.35521253123610513,0.6060862824062745,-0.621046053065644,0.3475417613803642
1241.044322,5.982002,244.663369,11.440589,0.3531440683575147,0.6083690990260026,-0.61833213697116,0.3504877668662224
1242.04323,5.726424,245.369844,11.465883,-0.3491267998052574,-0.6096192100911398,0.625038558397345,-0.3402964837640305
1243.043228,5.38315,246.046802,11.483454,-0.3547988573754144,-0.6063290236496308,0.6221627330658555,-0.3455378698047592
1244.045185,5.100747,246.727956,11.542491,-0.3565211249490721,-0.6041416895605952,0.6259011261923207,-0.3408126855489714
1245.042247,4.959075,247.377515,11.538218,-0.35252979853999844,-0.6068970330060078,0.6265709944275409,-0.3388325861128697
1246.040027,4.815477,247.937542,11.550556,-0.3583036470241699,-0.6029302457844464,0.624717253815405,-0.34325204738329684
1247.045282,4.728179,248.42448,11.586637,0.3538394764044238,0.6070962292158967,-0.6216718042412676,0.34605774261109945
1248.045056,4.603604,248.843868,11.615293,-0.3524915404059998,-0.6067689003070416,0.6271476310420413,-0.3380341172733082
1249.039922,4.407045,249.060976,11.841122,-0.35437357967933913,-0.6050430544948218,0.627330503010604,-0.33881958064033124
1250.034694,4.200506,249.211707,12.062088,-0.34909167514146544,-0.6084318545427048,0.6290438917600977,-0.3350365098969975
1251.033806,4.078507,249.366249,11.977113,-0.35219359936819106,-0.6065251133121603,0.627837018809178,-0.3375020493249681
1252.034822,3.853684,249.498666,11.796107,-0.3534792970910568,-0.6045893798220214,0.6322507689842276,-0.33133522821047706
1253.037258,3.479108,249.683798,11.651374,-0.3509991703267076,-0.6061701026728117,0.6324212336042444,-0.33075787570681026
1254.04018,3.016113,249.988229,11.532988,-0.35130414602653176,-0.6061115273610604,0.63239013402061,-0.33060086475689526
1255.040233,2.551808,250.46767,11.421742,-0.3502410723807556,-0.6069288776753198,0.6328896266840988,-0.329270783849732
1256.043045,2.239864,250.968498,11.303457,-0.348518778878259,-0.6082803542420073,0.6327071280671107,-0.32895495361142385
1257.047876,1.969127,251.476171,11.144974,-0.3501757043832671,-0.6073776886337827,0.6317737504992268,-0.3306527598398465
1258.038704,1.660657,251.989213,11.081052,-0.3472520595761997,-0.6097149438485865,0.6312139917694877,-0.33050354152751776
1259.042872,1.256342,252.592166,11.115646,-0.34271130031972297,-0.6131188100898288,0.6312478141037348,-0.3288776163506021
1260.042974,0.715292,253.366826,11.104106,-0.34516111415917883,-0.6105916363771758,0.6339860839222005,-0.32573502153073663
1261.040881,0.126973,254.024103,11.305834,-0.34427427296441915,-0.6118182061719418,0.631723126689272,-0.32875461787980714
1262.044864,-0.243355,254.659242,11.661566,-0.3385436244089223,-0.615403510301019,0.6333588071310889,-0.32484358591595786
1263.042765,-0.402039,255.400415,11.915739,-0.343662054730084,-0.6132868099782306,0.6271419884713769,-0.33536339564953976
1264.040578,-0.355285,255.968955,12.212802,-0.3397107637875381,-0.6154972421952003,0.629091455343863,-0.3316680307631879
1265.04263,-0.175934,256.50304,12.481226,-0.34027394929007493,-0.6148765498414426,0.6295095296494975,-0.33144866868051803
1266.044843,-0.014858,256.737909,12.687376,-0.33566801866309115,-0.6165373169664984,0.6344265272274384,-0.323591871938525
1267.036562,-0.001336,256.734731,12.647758,-0.3353381940667492,-0.6156514039628017,0.6374519686678128,-0.31965079702733773
1268.041048,-0.065189,256.664186,12.596044,-0.3490011121467071,-0.6079477807360137,0.6304405953376124,-0.3333802264215354
1269.044256,-0.139247,256.655175,12.581585,-0.33686157289506513,-0.6148684445268006,0.6367519768725536,-0.32094858868789333
1270.042175,-0.25451,256.728861,12.612324,-0.3395638008345888,-0.6130483575528284,0.6367406793357011,-0.3216044834010514
1271.044212,-0.364212,256.838104,12.67766,-0.3442271949351667,-0.6098917143840956,0.6358612784826054,-0.3243765859601492
1272.04428,-0.261331,256.823491,12.708545,-0.34507203775576545,-0.608914726894887,0.6366927881234069,-0.3236826187506077
1273.037839,-0.006131,256.715568,12.623931,-0.334749838694806,-0.6152430962430429,0.6402760356291446,-0.3153808431374702
1274.042692,0.246518,256.595883,12.460577,-0.33199293322513473,-0.6165068600170828,0.6425862843047276,-0.3110994231172606
1275.043509,0.29962,256.55877,12.322554,-0.3390093573223219,-0.6125002623786026,0.6399977478675457,-0.31673169553822506
1276.042722,0.251376,256.710092,12.157288,-0.33847536072505846,-0.6136127120598814,0.6383270424457544,-0.3185160226158404
1277.043884,0.048849,257.003366,12.051117,-0.32907058894957614,-0.6189701535506325,0.6421831444942624,-0.3101440075663997
1278.044671,-0.165412,257.356721,12.09482,-0.3334875076065543,-0.6172747713436822,0.6373396478813509,-0.3186786973919797
1279.047441,-0.37361,257.776568,12.209368,-0.3299871395712783,-0.6186511285232964,0.6410589694930663,-0.3121260426925403
1280.037917,-0.63312,258.120055,12.269587,-0.32305550693702284,-0.6220206587121622,0.6459478969891679,-0.30245124226596015
1281.03587,-0.911866,258.504719,12.306051,-0.3295380944506164,-0.6176177206081188,0.6460315721054877,-0.30429624273000866
1282.03376,-1.14809,258.746493,12.399404,-0.3364847039668756,-0.614416603838218,0.6396640528919834,-0.31638612542593664
1283.037431,-1.21231,258.864552,12.330998,-0.3316945362468602,-0.6164739417761274,0.6435462258559115,-0.3094945377895972
1284.032269,-1.144204,258.671726,12.048049,-0.32231871225369324,-0.6205555869849786,0.6498816762425729,-0.2977838445533827
1285.036268,-1.06029,258.304728,11.728904,-0.30955164052865025,-0.6270509027110747,0.6555252965749393,-0.2850816248122381
1286.033286,-1.021673,258.081454,11.391268,-0.32701590265326685,-0.6184357662124863,0.6473860331326944,-0.3024716955117584
1287.036447,-1.01709,257.903636,11.031677,-0.32912656618926894,-0.6176507731815373,0.6453644327059692,-0.30608491438620844
1288.039265,-1.102695,257.910273,10.849874,-0.3299460878095085,-0.617444576021201,0.644794467393975,-0.306818952314422
1289.033012,-1.190484,258.152407,10.73992,-0.33719017491491127,-0.6138154228638993,0.6403798487378329,-0.31535228225870576
1290.033003,-1.044782,258.377358,10.579487,-0.33365451416890207,-0.6158054764975308,0.6414379234456293,-0.31307454488687186
1291.038271,-0.949319,258.437777,10.276965,-0.31120383143170466,-0.6263450468152997,0.6556964853112717,-0.2844401110648999
1292.037236,-1.261552,258.618595,10.149599,-0.3137824379467194,-0.625570062222053,0.6534495237924776,-0.2884551936490213
1293.042796,-1.75731,258.973309,10.113556,-0.316007563463844,-0.6243325647642255,0.6518125773277188,-0.2923840495751527
1294.042667,-2.152718,259.19879,10.103355,-0.3239355993942049,-0.620121907363142,0.6481942274572652,-0.30059739011590747
1295.046812,-2.23147,259.319384,9.932665,-0.3237787504929987,-0.6203697342954184,0.6475354527266479,-0.3016729204975475
1296.039601,-2.135425,259.262616,9.676808,-0.3119164470028927,-0.6266415405300657,0.6519239421356242,-0.29158820868057245
1297.043561,-1.953694,259.200599,9.326479,-0.30864717738992503,-0.6287463336862312,0.6517140117019377,-0.2910048362428383
1298.031244,-1.834593,259.161765,9.017435,-0.3028084553734354,-0.6316009267214866,0.6544988318693954,-0.2846376429787714
1299.032902,-1.906797,259.293907,8.711203,-0.3027527801054757,-0.6317330586164965,0.6537160530815337,-0.2861982158102201
1300.037843,-2.046334,259.483619,8.517658,-0.3076968521548556,-0.629254073292122,0.6513950706358601,-0.2916271941547435
1301.041903,-2.073865,259.805179,8.280652,-0.31701778065474995,-0.6242860921131134,0.6470751527457699,-0.30176207290166984
1302.034752,-1.993898,259.860772,8.035878,-0.3104784773810708,-0.6274160430736219,0.6499334633894108,-0.2958694258344655
1303.035279,-1.873465,259.992539,7.732855,-0.31537469886937336,-0.6243808237365734,0.6490897836269346,-0.2989478868535941
1304.043328,-1.860503,260.00063,7.47051,-0.3075422228774891,-0.6283572269650767,0.6522628317157814,-0.29178446639676053
1305.045289,-1.837632,260.083986,7.178375,-0.3069991105004371,-0.628551975035401,0.6526536997431086,-0.29106203641606954
1306.041295,-1.903845,260.172613,7.132025,-0.3111322674760604,-0.6267986018244711,0.6500962077739009,-0.2961336615855861
1307.043164,-1.93913,260.328042,7.12225,-0.29195628035744114,-0.6371021323088464,0.6563635902508405,-0.2793729420691907
1308.039993,-2.115951,260.647606,7.216159,-0.3107524529696207,-0.6277403886232116,0.648290198164932,-0.29848741418662245
1309.044233,-2.26619,260.961983,7.310948,-0.30608202991580047,-0.6289580698655155,0.6528014086483118,-0.2908192878411749
1310.045453,-2.605483,261.275162,7.477395,-0.30092189831631827,-0.6321093230670528,0.6545934000223252,-0.2852915972345274
1311.044634,-3.037011,261.706121,7.638136,-0.2980379882584521,-0.6318298043722547,0.6603220488067398,-0.2755707671750444
1312.04464,-3.422086,262.219463,7.717368,-0.30400111160533744,-0.6279039965093466,0.6613453701796549,-0.27557611771023416
1313.044541,-3.831325,262.662195,7.797596,-0.3077657770419488,-0.6271174324119522,0.6566392765748907,-0.2843040852784396
1314.043449,-4.162812,263.277617,7.846342,-0.29676079316237436,-0.6302203257767495,0.667070537725347,-0.26414441186272114
1315.03862,-4.644662,263.7831,7.921339,-0.3032995971348212,-0.628098543192035,0.6612731849981477,-0.2760785200270101
1316.042491,-5.00122,264.067002,8.104153,-0.2965022659529619,-0.6297353717399575,0.6680247943620311,-0.26317796636850616
1317.046651,-5.236129,264.597035,8.084455,-0.3084478643816805,-0.6235552162495056,0.6649719767734349,-0.27175554704999727
1318.039756,-5.703081,265.041979,8.21113,-0.3042014953847623,-0.6232283080207084,0.672977688184577,-0.2571943963096042
1319.041699,-6.20083,265.628044,8.306228,-0.3046449217788912,-0.6235608502322805,0.6716613983893518,-0.2592957840104411
1320.039596,-6.73326,266.13391,8.300733,-0.3031094355476495,-0.6260060301766239,0.6684097004417983,-0.26357084933617875
1321.034632,-7.157042,266.682196,8.293245,-0.2947528911123193,-0.6303278098201666,0.6706375296447011,-0.2570075663872442
1322.0407,-7.67234,267.067818,8.379416,-0.29395052928001464,-0.6307277303478955,0.6699428825985525,-0.25875113634868113
1323.042725,-8.1753,267.520874,8.367141,-0.2952490899720155,-0.6312044816314746,0.667623624265857,-0.2620831424589533
1324.034353,-8.705788,267.930623,8.44509,-0.2978976701629327,-0.6302897798677974,0.6646130010254727,-0.2688518744097109
1325.038242,-9.109021,268.358596,8.702097,-0.3110532463917389,-0.6239584123383884,0.6585635455511258,-0.28322399978188284
1326.04022,-9.440214,268.699826,8.75721,-0.30103692909107693,-0.62910409542055,0.6614331899314184,-0.27588211197113444
1327.043239,-9.697836,268.90743,8.737483,-0.2527766843899508,-0.6499287338877917,0.6810391820099125,-0.22334328121325805
1328.044274,-10.168322,269.020706,8.717313,-0.2878045933261785,-0.6331143068734603,0.6715294518502629,-0.2557009694744553
1329.044971,-10.405307,269.377351,8.873504,-0.17452037732680709,-0.6785671881638645,0.6993338721152302,-0.14149679981333182
1330.035778,-10.798102,269.574639,8.984411,-0.16657558340931802,-0.6803978431290795,0.700524391352259,-0.13629720172361975
1331.037919,-11.306944,269.609044,9.148999,-0.1466657639372793,-0.68557337117752,0.7033854462573649,-0.11716322125271372
1332.03876,-11.638585,269.72806,9.209295,-0.14117629167970996,-0.6881438386562915,0.7017000967158663,-0.11892975345090587
1333.037608,-11.857148,269.850294,9.240185,-0.13064294087006068,-0.69124416800753,0.7022871503581065,-0.10911773750536519
1334.035788,-12.236976,270.011847,9.272785,-0.12341431437832891,-0.6925134846561952,0.70316904113301,-0.10366908974204299
1335.039902,-12.836777,270.148531,9.449293,-0.1076261838272335,-0.6954311966848071,0.7051972051640297,-0.086538760455446
1336.036949,-13.431519,270.348103,9.615517,-0.039104813000887674,-0.706992565792744,0.7060524956562566,-0.011054360747230967
1337.037832,-13.959959,270.382224,9.735391,-0.03417362030173938,-0.7063210341540054,0.7070182969502189,-0.008239427449829504
1338.03783,-14.270183,270.34771,9.767692,0.05997256353060998,-0.7110192522496349,0.6928796854586778,0.10379140635245596
1339.042571,-14.663815,270.275766,9.765804,0.08877488933683536,-0.710512832073644,0.6846720720161807,0.13606868957622906
1340.038419,-15.198229,270.189103,9.804193,0.07564707083858008,-0.7094996830193109,0.6912308511576538,0.11440118389643375
1341.04418,-15.764661,270.243643,9.840443,0.08093246930996656,-0.7086716151141091,0.6910424938549063,0.11702456592418126
1342.044986,-16.364477,270.383757,9.933582,0.08767618054433134,-0.707414029892035,0.6906271393707679,0.12211646916619792
1343.044857,-17.087845,270.513621,10.033108,0.08983491383508957,-0.7062452661797498,0.6917750528452844,0.12080806477979919
1344.037987,-17.751108,270.505863,10.202128,0.10132106431169897,-0.7039716541260719,0.6905701844381709,0.13141831104826093
1345.039906,-18.241786,270.424126,10.307389,0.10290151090515971,-0.7025131607355188,0.6924032198431491,0.1283133632856146
1346.044851,-18.695082,270.236973,10.338245,0.1022100414064947,-0.7019792421994925,0.6937241944890731,0.12459932960171112
1347.046807,-19.240132,270.119436,10.287592,0.09551327481775655,-0.7013256530526493,0.697180199535053,0.11383897434589982
1348.047745,-19.786398,269.791357,10.371201,0.1036840246799058,-0.6989358959806504,0.6971884552005296,0.12110530240662967
1349.050737,-20.335715,269.532649,10.418971,0.10332215046146326,-0.6991153972134259,0.6975038194119095,0.11853529646873479
1350.043586,-20.852542,269.324852,10.482292,0.11735758408144764,-0.6971382634270397,0.6946495821891046,0.1329939738822779
1351.042525,-21.351935,269.052313,10.572643,0.12225830455608508,-0.6961007675397087,0.6939465843730276,0.13760365705426678
1352.052486,-21.842547,268.87392,10.576576,0.1264173394335807,-0.6944481605478552,0.694256450731756,0.14060010391027508
1353.055453,-22.402982,268.659416,10.586958,0.11629032836514519,-0.6956905004814987,0.6975433825689681,0.1261923789409276
1354.046218,-22.999021,268.457591,10.614252,0.11998141732846725,-0.6945740387683245,0.6975250671323807,0.12895791905454343
1355.048722,-23.615048,268.240922,10.614013,0.11969054319940023,-0.6947357452345968,0.697875009759285,0.12643926967299313
1356.042366,-24.184112,268.07707,10.605471,0.11615454228505176,-0.6942725618575755,0.7000402733552334,0.12015551522505852
1357.045506,-24.708364,268.032784,10.626602,0.13073164867311965,-0.6922252262541332,0.6960364296174033,0.13880475790865268
1358.039478,-25.138031,267.952606,10.619771,0.15258921023800956,-0.6900822245752223,0.6892407040596701,0.159531527014516
1359.039301,-25.422849,267.731356,10.49885,0.15663510717766513,-0.6885866134501035,0.6897813767313032,0.1597359423906431
1360.03728,-25.647683,267.556753,10.311556,0.16163195108665682,-0.6871049439921741,0.6888611449751149,0.16502191149361248
1361.042331,-25.939149,267.241601,10.119268,0.16617894925607876,-0.6851961238398951,0.6890844996045509,0.1674914359114358
1362.039314,-26.139199,266.795315,10.043957,-0.14715692749104653,0.6875932197463323,-0.6967218441178984,-0.14191220799924847
1363.036297,-26.658922,266.147157,10.106976,-0.13122622928767072,0.6901102125445263,-0.700818907232048,-0.12401786385342466
1364.038351,-27.463773,265.715883,10.279154,-0.1366158279849823,0.6901066486819527,-0.6983576698718298,-0.13185406296405847
1365.03825,-28.236997,265.451844,10.307336,-0.14765517940426512,0.6873970038683896,-0.6968026321443841,-0.14194857838144653
1366.037189,-28.846639,265.142521,10.331219,-0.14460150841589023,0.68735355962742,-0.698671302144524,-0.13599227695365393
1367.040232,-29.385789,264.803959,10.307646,-0.14832719054086035,0.6863371376115908,-0.698152566875204,-0.139726058582312
1368.035568,-29.965709,264.368394,10.291904,-0.13767638706461843,0.6877860107396275,-0.701619927855704,-0.12539973170409546
1369.039651,-30.538809,263.955659,10.206412,-0.13679290299347835,0.6884643146906821,-0.7013977490149764,-0.12387811253337001
1370.046372,-31.100653,263.907993,10.095955,-0.1536626627594543,0.6867961718506402,-0.6955140207987738,-0.14477241200347205
1371.045452,-31.820145,263.753295,10.130265,-0.15253165585522466,0.6862064045932683,-0.6968280981020327,-0.14242705484825258
1372.042545,-32.483605,263.386202,10.153184,-0.1569904610928629,0.6831968514290839,-0.6977168987354567,-0.14760483238096608
1373.044334,-33.050296,262.891043,10.09962,-0.15963079086398935,0.6823406545934348,-0.6975207361211703,-0.14964646463622444
1374.046803,-33.627907,262.431871,10.047093,-0.14951701249195098,0.6848492841528214,-0.6998591291314714,-0.1371981061902399
1375.047973,-34.298479,262.046429,10.034756,-0.1480127106736961,0.6851126144176952,-0.7001282798505687,-0.13613719109140981
1376.045887,-35.064658,261.785046,10.052802,-0.15348462271674804,0.6841338894606729,-0.6986331923791561,-0.14253053843656963
1377.048227,-35.699806,261.573582,10.09649,-0.15659781814348284,0.6834750767365719,-0.6979685009564068,-0.14552977188638813
1378.0409,-36.227426,261.293411,10.158001,-0.1606303570936954,0.682275408470002,-0.6977196523127545,-0.14793729128794034
1379.044998,-36.78826,260.869673,10.121651,-0.16405815253789946,0.6791326957267877,-0.6986337476041792,-0.15419011281290948
1380.041245,-37.32233,260.513052,10.120711,-0.16288409102197274,0.6797849148249265,-0.6985694285688597,-0.1528463147654853
1381.039026,-37.940481,260.17129,10.039791,-0.16242748931059128,0.6786391657699157,-0.699765573997712,-0.15295206715511667
1382.041026,-38.588698,259.797863,10.048403,-0.16248347726499276,0.679006637579963,-0.6993026928617322,-0.15337812586728014
1383.048159,-39.182071,259.455844,10.179001,-0.16356584383557632,0.6789388032926433,-0.6989653831180002,-0.15406397799815663
1384.042251,-39.696069,259.249683,10.238819,-0.16179440657775676,0.6787259485005085,-0.7004876581981676,-0.14990229332563124
1385.040251,-40.15368,259.171932,10.254541,-0.16543577917618146,0.678993372261485,-0.6981024896885017,-0.1557302709304184
1386.042014,-40.755131,258.961715,10.102075,-0.1699865475645199,0.6787837230558514,-0.6956887395001579,-0.162401997198969
1387.041674,-41.46617,258.624025,10.117703,-0.16765748505567807,0.6798582333499729,-0.6957000618905377,-0.16026594815044437
1388.042649,-42.275886,258.193528,10.222154,-0.18073490734896602,0.6794502977872547,-0.6902623590964722,-0.1709387659863742
1389.041684,-43.059279,257.646206,10.394132,-0.1713657182261927,0.6797623033851865,-0.6951747650546433,-0.15902530473012308
1390.038387,-43.610578,256.993234,10.442075,-0.17045997267203944,0.6799781828499102,-0.6957767570807952,-0.15642177876150756
1391.036437,-43.907506,256.522725,10.313212,-0.16746718358607277,0.6810474635322923,-0.6962749093542691,-0.1527427426809017
1392.035269,-44.174905,256.283648,10.109609,-0.1687099195157194,0.681524381150438,-0.6948505039786426,-0.155705677722871
1393.042893,-44.703197,256.111909,10.089432,-0.1723700505053896,0.6796454958886982,-0.6946237308841399,-0.16083668144914326
1394.038754,-45.427729,255.858393,10.224867,-0.17366151682851844,0.6797640019566223,-0.6935029701135471,-0.1637565560837913
1395.04776,-46.131754,255.622819,10.273422,-0.17364284545351924,0.6787208680609956,-0.6949206104813167,-0.1620848253526772
1396.048718,-46.786224,255.393694,10.198381,-0.17620220616673762,0.6781373355366199,-0.69421209090625,-0.16477897175562392
1397.052788,-47.430729,255.151555,10.149252,-0.17845725751019778,0.6772881933734736,-0.6935886614700348,-0.1684294482536853
1398.042704,-47.971954,254.850158,10.173244,-0.17600236648736733,0.6778409553226774,-0.6946609157751182,-0.1643198660313498
1399.047878,-48.432997,254.544814,10.134439,-0.16625754698916873,0.679567679913262,-0.6978210304437233,-0.15359689435958981
1400.039846,-48.964855,254.316151,9.986675,-0.17264127864902687,0.6781755290932191,-0.6961218530886117,-0.16027259996031362
1401.043676,-49.462255,254.040304,9.795324,-0.17753172844428292,0.6769625205081731,-0.6946075596746978,-0.1665069646158018
1402.040711,-50.042193,253.672206,9.720723,-0.17925452958847649,0.6766958768153268,-0.6938310293047905,-0.1689645131292524
1403.04262,-50.668663,253.172996,9.835774,-0.17726166469054347,0.6777036566583362,-0.6939488572565774,-0.16652639278909448
1404.040665,-51.410351,252.662132,9.880177,-0.178126359777678,0.6785074171508322,-0.6923924042015067,-0.16879408587897096
1405.044683,-52.209659,252.267328,9.759181,-0.17833354460496698,0.6781550618906714,-0.6924504742961616,-0.16975040367465627
1406.048639,-52.83109,252.026443,9.479641,-0.17510794614089667,0.6787476832666619,-0.6944208535918573,-0.16253758874553412
1407.048663,-53.259477,251.945924,9.375487,-0.1737400084480355,0.6793878764742268,-0.6944449097341412,-0.1612227964918661
1408.034814,-53.814153,251.716963,9.360855,-0.18966721557934757,0.6747786719917592,-0.6901107928562874,-0.18013102104490944
1409.04783,-54.430098,251.436785,9.468418,-0.19782176422079742,0.6722022472805675,-0.6887052354527642,-0.1862680515050246
1410.042851,-54.793846,251.081196,9.7334,-0.1983594331634408,0.6697461583752647,-0.6908903959607927,-0.18645127885265944
1411.041684,-55.079903,250.709084,9.996229,-0.1947768917691779,0.6670374108701131,-0.6960302303554089,-0.18073453838110234
1412.048707,-55.425565,250.456054,10.156153,-0.19532886598524551,0.6682950216145366,-0.6943047090384391,-0.18212459802342074
1413.054377,-55.847438,250.300092,10.342206,-0.20571248848744692,0.6634389798293364,-0.6936817424123275,-0.1906219619223055
1414.032254,-56.022771,250.276603,10.286972,-0.21464304723096356,0.6589346369401818,-0.6928940755967358,-0.1990761324691185
1415.036239,-55.929526,250.309499,10.232207,-0.22335534735050563,0.6551447831564446,-0.6913998778277802,-0.20703601341930994
1416.032848,-55.919404,250.110633,10.356239,-0.21646262615073547,0.6557927493491276,-0.6960059583485263,-0.19661003871722504
1417.037697,-55.959366,249.749822,10.443026,-0.22294362570249424,0.6557101492029468,-0.6913767620526302,-0.20576324473650828
1418.036686,-56.097903,249.357396,10.537481,-0.21610220356843957,0.657063149378894,-0.6945998727183662,-0.1977343474482454
1419.037484,-56.509658,248.835172,10.66566,-0.20814547526652014,0.6600368136242503,-0.6961654878484569,-0.1907366753289497
1420.031512,-57.211239,248.588557,10.862686,-0.2002175122074772,0.6635098739640656,-0.6974515565626936,-0.18228801717588075
1421.037532,-57.941019,248.496265,11.071791,-0.2027072664507217,0.6638380076600475,-0.69547598005804,-0.18585484894487803
1422.039613,-58.659083,248.315003,11.094095,-0.20544831098719427,0.6625146301306395,-0.6953825244445634,-0.18790556424033117
1423.042616,-59.289661,248.038396,11.038841,-0.20526013856532208,0.6630921044591964,-0.6949433088256733,-0.1876990517782221
1424.040583,-59.810384,247.715888,11.015583,-0.20783672028638095,0.6626273610568282,-0.6937690559056033,-0.19082288947427717
1425.049526,-60.303858,247.276044,10.983216,-0.20657102776103667,0.6632118752393954,-0.693949842527447,-0.18950470993441076
1426.043611,-60.773963,246.602882,10.96969,-0.2165380993481239,0.6603628706054065,-0.6903521886119525,-0.20111187517194623
1427.045454,-61.284965,245.755427,11.089055,-0.2047498051771189,0.664535955849291,-0.6938283528825107,-0.18727439066712628
1428.04424,-61.908742,245.078493,11.086729,-0.2093675684557556,0.6646294524788661,-0.6903584579736215,-0.19452020892660704
1429.037003,-62.585477,244.655062,11.082492,-0.2057653693064299,0.6665455008033637,-0.6909477665004127,-0.18965466543450168
1430.033989,-63.269091,244.444963,11.030116,-0.20977908675916723,0.6664380594618937,-0.6880239213046948,-0.19615333637658672
1431.039053,-63.98507,244.398056,10.994132,-0.20824132406112147,0.6676178364852807,-0.688038821411561,-0.1937125591968004
1432.037002,-64.671033,244.425419,10.926144,-0.21595869259048434,0.6656016806368017,-0.6849006964391287,-0.20309426837129183
1433.040849,-65.357322,244.321772,10.799245,-0.2221393221967171,0.6629818714251995,-0.6838011127957139,-0.20862693458627735
1434.043854,-65.934475,244.004046,10.727288,-0.2183016894329604,0.6639699420369526,-0.6854868136418817,-0.2039512608082173
1435.049944,-66.427877,243.513094,10.64809,-0.21028274996839347,0.6659022509908051,-0.6889415604484967,-0.19420320151300052
1436.047752,-66.967178,242.85394,10.563596,-0.22212508164515818,0.6630793693020377,-0.6835842930103766,-0.20904237001059706
1437.050645,-67.577533,242.263945,10.490953,-0.21940392025428465,0.6639693638112149,-0.6845379952903203,-0.20594741246515258
1438.050772,-68.242826,241.752291,10.469458,-0.22316871130137972,0.6632493090285283,-0.6824944341731262,-0.21094413405441156
1439.05294,-69.043237,241.27034,10.588534,-0.2196369930198386,0.6643882853011301,-0.683437384810064,-0.20799312175119605
1440.051175,-70.035101,240.710101,10.77196,-0.22014845471169056,0.6648061246202877,-0.6823581559994962,-0.20965405194361605
1441.055831,-71.157898,240.164658,11.001317,-0.2214861519667325,0.6642654838269233,-0.6820983329386824,-0.21080112828308953
1442.054641,-72.138313,239.486942,11.13039,-0.22906595556311793,0.6613205273717797,-0.6806492324702883,-0.2165653952418859
1443.053453,-72.757696,239.187721,11.102902,-0.2248527692170932,0.6629384743872964,-0.6826966083404353,-0.20947351219883348
1444.058406,-73.271845,239.140261,11.055311,-0.23321028079064504,0.6606051239248442,-0.6790562625903919,-0.21930897704963853
1445.059289,-73.952712,239.047226,11.074492,-0.2276808699387695,0.6630064382752402,-0.6800354197991131,-0.21479225332434454
1446.05728,-74.756661,238.948923,11.133825,-0.23850510137446032,0.6595292202621464,-0.6756531892919401,-0.22722080018870036
1447.056947,-75.550294,238.89688,11.153534,-0.23726913755607543,0.6588405190229526,-0.6767332722988932,-0.22729849322112733
1448.059015,-76.388113,238.823516,11.229656,-0.2492548089614998,0.6554146936239263,-0.6709901104491311,-0.24098940074385825
1449.060002,-77.154138,238.727102,11.282799,-0.26006337691672526,0.6511817148429331,-0.666830710105975,-0.25232165642379467
1450.049853,-77.912375,238.599174,11.238634,-0.2609579964126702,0.6515492531326867,-0.665770525974983,-0.2532471156667288
1451.049658,-78.601131,238.393142,11.285691,-0.24571766999573877,0.6562649375660351,-0.6743718822606922,-0.23272671266849546
1452.050671,-79.114637,238.224646,11.235182,-0.23868328654003357,0.6593426384800467,-0.6774532957074526,-0.222158965481318
1453.052808,-79.322262,238.185652,11.109194,-0.2333577837314879,0.6603497737621884,-0.6812616754139936,-0.21299025958074513
1454.052927,-79.320639,238.271549,11.048116,-0.21816233722485268,0.6652773631437944,-0.6869113058513423,-0.19484373892592327
1455.053813,-79.180485,238.468696,10.974372,-0.23327649687401128,0.6602158574209402,-0.6815407557323656,-0.21260126032523458
1456.048797,-79.056085,238.736658,10.871435,-0.24694010399139302,0.6551823613891352,-0.6758880532087098,-0.23006955012564578
1457.056963,-79.054137,239.024263,10.719695,-0.24970603260369303,0.6550207227848935,-0.6733840862689554,-0.23483743816394168
1458.048965,-79.28782,239.319834,10.638293,-0.24127347522222015,0.6582223791373946,-0.6765402234446902,-0.2254412025746612
1459.050983,-79.564308,239.666073,10.680999,-0.2770302540184957,0.645566813741469,-0.6582685803932935,-0.27051839756499607
1460.047863,-79.976801,239.761943,10.725473,-0.2646805436374622,0.6500220370046162,-0.6652457436237043,-0.25468345415179894
1461.052891,-80.413976,239.673468,10.871345,-0.2515817643629198,0.6552875483217984,-0.6716507483299154,-0.2370445467044366
1462.048973,-80.629447,239.543311,10.907023,-0.2525249179416036,0.6520099392121232,-0.6755230213844808,-0.2340573702466383
1463.053027,-80.603262,239.441559,10.908153,-0.2456185726458098,0.6518373607335475,-0.6817725288322344,-0.22353029068351896
1464.050739,-80.458075,239.454599,10.881328,-0.2607927238944545,0.6467714225945047,-0.6743026411465892,-0.2428782209699454
1465.046298,-80.414313,239.485888,10.864471,-0.25417843560306125,0.6505894131927588,-0.6750792780384399,-0.23747569702809837
1466.051346,-80.5094,239.303232,10.888705,-0.26437645737510135,0.6465831748249892,-0.6706823122462101,-0.24944041945744475
1467.056417,-80.500562,239.085703,10.894169,-0.26446173560724273,0.6461600778248711,-0.6718043963295519,-0.2474186680451734
1468.04862,-80.406654,239.079551,10.883473,-0.2594215654994847,0.6479794120316205,-0.6750252555264045,-0.2390900193200554
1469.044805,-80.196399,239.332409,10.833399,-0.27666905135839975,0.6399871524041693,-0.6685745728627389,-0.2586092057515587
1470.049635,-80.135041,239.716753,10.664841,-0.2808354718934055,0.6396451706678221,-0.6642485129705752,-0.26600640290060834
1471.050613,-80.364717,239.846414,10.670118,-0.27307682289688495,0.6429293243584777,-0.6676284568826163,-0.2575716914511982
1472.044479,-80.763521,239.911895,10.779621,-0.27254109171073404,0.6441475874963907,-0.6659694622288717,-0.2593837200563842
1473.045492,-81.258307,239.99554,10.882611,-0.26379284791516916,0.6465930058622007,-0.6719691664777698,-0.24655274782905914
1474.042291,-81.571086,240.245587,10.89484,-0.27106828024639207,0.6435498053839739,-0.6691738955341952,-0.25411008041811906
1475.048213,-81.747275,240.322145,10.868906,-0.24424201043247493,0.6553407422867684,-0.6797017981527195,-0.22108780479006543
1476.047973,-81.573132,240.318707,10.839723,-0.13998770405298194,0.6851249495116767,-0.7080006687992488,-0.09870308632668788
1477.046741,-81.164795,240.41262,10.773087,-0.035084146284419866,0.7008525582314756,-0.7122037458387398,0.01845585850501808
1478.044485,-80.968077,240.658526,10.632223,0.10043871690413433,0.7035311056855494,-0.6807601249342542,0.1775435151702761
1479.049557,-81.035352,241.108401,10.616335,0.2275115297520331,0.685586271912103,-0.591155628165309,0.35881052225935717
1480.048828,-81.035358,241.380388,10.55492,0.2546288252395944,0.6785629535420238,-0.5556530507747319,0.40738945322892517
1481.04891,-80.922122,241.53166,10.390174,0.2613995724348515,0.6745339716945716,-0.5575708847781506,0.40717182246385103
1482.043975,-80.677608,241.476881,10.236281,0.2643790504544941,0.6715633185314889,-0.5661654832002211,0.3981997896991086
1483.051971,-80.466393,241.230546,10.203594,0.2743458447426498,0.6627105784486312,-0.5840407136213629,0.3800598525461111
1484.050693,-80.372813,240.925804,10.194845,0.27469561912243173,0.661564946946315,-0.5894666805483929,0.3733673396671467
1485.050017,-80.418456,240.673512,10.20862,0.2747295392108375,0.6592767569630561,-0.6009943459399636,0.3587250118983509
1486.043017,-80.449731,240.484219,10.176484,0.2773684268745511,0.6576854366990423,-0.6020520575593648,0.35784066582162255
1487.04369,-80.475228,240.421774,10.138998,0.2848508214902329,0.6529926721616615,-0.6052814292549067,0.35509853702690725
1488.043784,-80.80603,240.552713,10.22058,0.293873285938328,0.6468527060648196,-0.6095894649675111,0.3515974298385204
1489.050845,-81.333767,240.770009,10.415766,0.29828407747377195,0.6414266062759217,-0.6230952179782618,0.33369277369999617
1490.044921,-81.693837,240.926631,10.51293,0.2859045642874079,0.6458032558584941,-0.6340411270299956,0.31494219164273457
1491.045664,-81.63755,240.836797,10.465496,0.27639295990980534,0.649676735862927,-0.6399658574795218,0.3032668327583647
1492.049383,-81.512886,240.647698,10.387026,0.2808835369017798,0.6475872276227923,-0.6387861024230442,0.3060841986587164
1493.051285,-81.560317,240.604521,10.345687,0.2736897540563152,0.6499341763946977,-0.6452770129552435,0.29376361488499275
1494.046266,-81.782295,240.524917,10.436623,0.2763178887639305,0.6480414883159392,-0.6463166857050732,0.29319855993765825
1495.051289,-81.952384,240.447264,10.428506,0.2678548811154216,0.6518264767470924,-0.6501308693273788,0.28408776746235015
1496.050323,-82.013344,240.525609,10.378428,0.26042962053628893,0.6547549525597991,-0.6546130204764583,0.27377757079137777
1497.050276,-82.327447,240.74415,10.442642,0.2798945227879149,0.6456625836580216,-0.6478569238694084,0.2916509735485913
1498.047879,-82.706386,240.769799,10.674279,0.3131092294144001,0.6310633506630897,-0.6272382146445442,0.3321052242812803
1499.043792,-82.996107,240.897763,10.910644,0.31277119230472694,0.6313733571723056,-0.627943947483686,0.3304969953507259
1500.041577,-83.151571,241.089121,10.878969,0.30837059063270134,0.6329483851830893,-0.6329344331976386,0.32199056476819704
1501.046527,-83.329294,241.33228,10.790064,0.306423121350588,0.6327492386706774,-0.638347498359283,0.31344176971470494
1502.053717,-83.600431,241.609792,10.765008,0.3010813238851617,0.6335311913266777,-0.6473914949393645,0.29811494143020373
1503.050539,-83.945381,241.909557,10.761479,0.30446510860339987,0.6334482752475473,-0.6409463921699572,0.30859682855360465
1504.04926,-84.320216,242.326319,10.801984,0.323941251564828,0.6222844070615018,-0.6369070365523657,0.31964606841444454
1505.059236,-84.577768,242.79592,10.801163,-0.3238347794541366,-0.620558919803504,0.6435733806457663,-0.30959807233311193
1506.053664,-84.709741,243.208815,10.763246,-0.316916619261961,-0.6233524061867286,0.6492318229157257,-0.29915493352159306
1507.240187,-84.917811,243.550798,10.705222,-0.32925582661766845,-0.6148747942392069,0.649211399467075,-0.303387782960374
1508.251927,-85.09402,243.831906,10.678429,-0.32407182482588465,-0.6180588516893538,0.6507146779844556,-0.29925092490758454
1509.249257,-85.2448,244.132652,10.603179,-0.32418717159625887,-0.6168862404422437,0.6542132375214237,-0.2938691613238606
1510.251335,-85.503295,244.29376,10.483278,-0.32423915157164745,-0.6163611604926257,0.6546284803463565,-0.2939888520738533
1511.249187,-85.856769,244.262647,10.45454,-0.31948307241754503,-0.6201395840763003,0.6524349992535912,-0.2961182778034575
1512.249784,-86.233399,244.35265,10.381145,-0.320831399921917,-0.6199206835740039,0.6502267405141462,-0.29995123740640256
1513.240464,-86.57203,244.487784,10.261712,-0.3168114755334592,-0.6215444570557667,0.6537628563260233,-0.29309913777083024
1514.251244,-86.913417,244.663004,10.149963,-0.3175534369704613,-0.6207613797955542,0.6544331873284235,-0.2924591037149081
1515.250301,-87.277957,244.957836,10.120163,-0.32907046602791157,-0.6138663489916725,0.6516911753774367,-0.3002987610680108
1516.244933,-87.65417,245.334944,10.152285,-0.34683913576270625,-0.6044601459826958,0.6432609005977852,-0.3170898288877829
1517.242803,-87.995129,245.810605,10.141219,0.32852114868669563,0.626843241452153,-0.616131345371001,0.3457218112336162
1518.250279,-88.28624,246.306809,10.084115,0.3214047669692473,0.637539890439961,-0.592649944097594,0.37283764245092677
1519.243722,-88.579894,246.792209,10.103611,0.3244409862462285,0.6354884593943981,-0.5926434537706358,0.37371941496652467
1520.2513,-88.947669,247.294163,10.186126,-0.42074315464156276,-0.5181777170731435,0.6995586766265729,-0.25511705020952474
1521.246845,-89.388418,247.689464,10.410594,-0.4445748181044668,-0.4796015432272283,0.7248761461971016,-0.21654136675443653
1522.250644,-89.843734,248.147463,10.495045,-0.4832454490040131,-0.43856400574130366,0.7290201680853977,-0.20655518248107468
1523.2464,-90.208662,248.48152,10.442345,-0.5110044889914871,-0.4091271193922582,0.7278257227224693,-0.2043505070995844
1524.254327,-90.452394,248.891084,10.256983,-0.5091989883265624,-0.4099221718461072,0.7298874389777987,-0.19986127623580807
1525.244257,-90.724074,249.33435,10.007528,-0.5156927315636334,-0.4032195322306394,0.7292341567608395,-0.19922991756623823
1526.247018,-90.943428,249.843525,9.831319,-0.5041007994238804,-0.4180766724710047,0.7283059176251722,-0.20165507756546328
1527.251911,-91.189981,250.348397,9.751226,-0.494144387123619,-0.4306588611849137,0.7262493606546503,-0.2071621010364781
1528.250155,-91.565403,250.885531,9.757565,-0.5024666865138635,-0.4183727824836745,0.7307620754479784,-0.19615869317369
1529.243243,-91.928649,251.412746,9.787351,-0.498486653231335,-0.4233768437460182,0.7305431363908279,-0.1963920329395634
1530.241272,-92.289804,251.97486,9.805089,-0.509438326552469,-0.4111552508859034,0.7303215640887285,-0.1950752781245311
1531.245383,-92.568582,252.573197,9.830226,-0.5070064937920115,-0.4137765107304352,0.7308512404665456,-0.1938810943052176
1532.248234,-92.837086,253.196073,9.816607,-0.49915968560088614,-0.4255855527899553,0.727524390039296,-0.20105921372879898
1533.243859,-93.21421,253.70595,9.795478,-0.49385024797218513,-0.43213784386839443,0.7270162258878027,-0.202030254591836
1535.44833,-93.668149,254.186558,9.730743,-0.4912339551884121,-0.4365483044701474,0.7252416424332642,-0.2052786867039296
1536.453247,-94.147764,254.653263,9.738556,-0.49159716792517066,-0.43757225152930773,0.7235758201221129,-0.20808839879756816
1537.451046,-94.562785,255.120162,9.849646,-0.4904020561684826,-0.4393290819452461,0.7232018667552322,-0.20850621329979346
1538.451768,-94.982477,255.543211,9.974201,-0.48748955373277797,-0.4431770296967034,0.7223909996098358,-0.20999833102509796
1539.448534,-95.327274,255.983623,10.098764,-0.4809192229541174,-0.4504397617415066,0.7224130690849963,-0.20961889144506776
1540.451483,-95.60092,256.587632,10.069896,-0.48079361682434185,-0.4515819714131558,0.7212111270232316,-0.21157913737761505
1541.451635,-95.773582,257.141138,9.955132,-0.4726635987723228,-0.46117097789125633,0.719925316181891,-0.21358368539479605
1542.446447,-95.996839,257.656848,9.788501,-0.4740715080181345,-0.45605353958142086,0.7256061190246805,-0.20190872778215985
1543.442386,-96.229917,258.181837,9.587425,-0.4723211584493642,-0.4592547203037235,0.7239159028372371,-0.2048013446712379
1544.447337,-96.483292,258.743255,9.485218,-0.4725469094866587,-0.4589886406888871,0.7241619395326159,-0.204005714100207
1545.450616,-96.812534,259.334816,9.437781,-0.4676497841107778,-0.4633662532653514,0.7251673553488691,-0.20181105393981852
1546.449522,-97.193536,259.93419,9.411809,-0.46607224934506575,-0.466428114763505,0.7230781510002614,-0.2058627205072275
1547.447265,-97.558127,260.480071,9.35026,-0.4600924843202014,-0.4709823793256042,0.7250755103495684,-0.2018811742787597
1548.445278,-97.999919,260.914279,9.264679,-0.461658282572972,-0.46562716939371224,0.7308763544154635,-0.18942735760849042
1549.44692,-98.497106,261.337356,9.15752,-0.46369237536128943,-0.46393638780727675,0.7303886238189964,-0.19048587164389286
1550.449819,-99.052324,261.739125,9.196105,-0.45199380091733743,-0.4779948031638245,0.7271920950882541,-0.195995481891371
1551.449767,-99.470359,262.309615,9.319352,-0.457697824294666,-0.4734347214195518,0.7253903258094144,-0.20045234199787254
1552.443508,-99.622547,262.905783,9.3574,-0.4601358502091788,-0.46962487735891295,0.7268228627086852,-0.19863534469437683
1553.450968,-99.659654,263.446933,9.431721,-0.47338357603408066,-0.45446970934102665,0.7290032093918116,-0.1947295404634513
1554.44888,-99.781936,264.116568,9.504339,-0.463899513566062,-0.46568988192607785,0.7269930503912093,-0.19852274395577793
1555.445602,-100.029555,264.694486,9.526325,-0.45786481378152166,-0.4725965123491258,0.7257897698212292,-0.20060298811109983
1556.445732,-100.306651,265.255983,9.510961,-0.4611213797404389,-0.4685865538537223,0.7268566826329608,-0.1986783269649058
1557.446656,-100.552906,265.887302,9.552905,-0.4741714704101725,-0.4536054185431372,0.7288642494414016,-0.19534699077176143
1558.439376,-100.824512,266.5474,9.806042,-0.4666518754842619,-0.46096560488259425,0.7292734315300029,-0.1946972015379245
1559.446308,-101.248478,267.204075,10.065945,-0.46746574874853886,-0.4585973616890739,0.7311801142608781,-0.19115405857119008
1560.442276,-101.719882,267.768439,10.249048,-0.4586387348044706,-0.46868473242760816,0.7295632694621779,-0.1942229862242716
1561.442744,-102.157374,268.263375,10.341426,-0.46498894553678727,-0.46127037164841184,0.7308259054053385,-0.19211564422604932
1562.445748,-102.491546,268.731195,10.387145,-0.4669419708816413,-0.4587764545691449,0.7313723382737257,-0.1912690862898569
1563.4495,-102.819196,269.147903,10.329618,-0.4586668422333924,-0.4652719465420653,0.7339935819197684,-0.18547281552075032
1564.442008,-103.200216,269.374356,10.1855,-0.4638373475057571,-0.4583092688647534,0.7358839486814909,-0.18243449017226893
1565.445929,-103.494205,269.60722,10.026356,-0.45889496628116133,-0.46522850099905466,0.7335768469459597,-0.18666242633376567
1566.44695,-103.825028,269.926916,9.874554,-0.44977022176867576,-0.47182359857979955,0.7371919088082911,-0.17786885343126457
1567.452153,-104.254486,270.228278,9.724142,-0.43733238936327135,-0.4832869850300621,0.7378598509246148,-0.17531945615894898
1568.443962,-104.749187,270.583192,9.479249,-0.44295761332417016,-0.4777988348632024,0.7379597228076136,-0.1758188662096058
1569.451952,-105.046094,271.031152,9.087921,-0.43047073891934207,-0.4910927584694306,0.7359515106547002,-0.17860072642121536
1570.44667,-105.447803,271.35915,8.783792,-0.4151499049948981,-0.5045726116625816,0.7360344657199593,-0.17694717068962357
1571.444936,-105.642573,271.748805,8.645145,-0.41870279904668495,-0.5053663698754107,0.730270217944336,-0.18973193472094527
1572.442925,-105.52394,272.301393,8.738855,-0.4367603585784257,-0.49121621933973664,0.7266452644985225,-0.19983411774242413
1573.444898,-105.421242,273.013647,8.922318,-0.4189431112504298,-0.5070101591236766,0.7273998583890946,-0.19574681120447207
1574.438748,-105.630374,273.653713,9.018722,-0.4115811065594385,-0.5118219022286057,0.7293649876938656,-0.19148380570880447
1575.443667,-105.977825,274.31109,8.954634,-0.41272862921256004,-0.5098803094989149,0.7305192322846759,-0.18978619516661308
1576.444539,-106.255363,274.941487,8.842577,-0.41419748454440175,-0.508806495259935,0.7302827275702155,-0.19037734106504933
1577.442467,-106.392769,275.610992,8.781187,-0.4104141218194594,-0.5124449980171871,0.729980561326648,-0.18997039954571635
1578.441775,-106.662901,276.308452,8.710269,-0.40578658237617476,-0.5155514002240041,0.7308309744540435,-0.18822882369362515
1579.450627,-107.048588,276.938456,8.578039,-0.41588475920571333,-0.5057869406824809,0.7320410735020212,-0.18797687198554758
1580.447615,-107.558719,277.478615,8.484395,-0.40666878900187564,-0.5134924232556903,0.7323687765041861,-0.18596236853866033
1581.453416,-108.092052,278.035399,8.572238,-0.4199054115051467,-0.501501168926229,0.7327519102218351,-0.1877515939228518
1582.447226,-108.554065,278.718496,8.715961,-0.397748253169721,-0.522495124147701,0.7300907722184183,-0.1891101178251117
1583.450052,-108.988587,279.465169,8.828957,-0.4054069671155639,-0.5148238306251813,0.7315428519567743,-0.18827286099043483
1584.448717,-109.213134,280.229152,8.977461,-0.41445008329941313,-0.5070249155795715,0.7312297305845497,-0.19094487304948762
1585.44451,-109.555679,280.999922,9.091978,-0.4161190901220029,-0.5048860070191591,0.7320570825729389,-0.18980898452676942
1586.445434,-109.902402,281.76247,9.200221,-0.41215679086295903,-0.5076136972363937,0.7328938713828859,-0.18794064864459736
1587.448317,-110.206244,282.471176,9.175422,-0.39536498070470155,-0.5219205330395633,0.7327727933422089,-0.1852822780557421
1588.449271,-110.523396,283.075194,9.053447,-0.39437140945415783,-0.5223896322394995,0.733072432621459,-0.18489205516808396
1589.452266,-110.781196,283.648954,9.003648,-0.39249464950415514,-0.5211234982852888,0.7369250785699948,-0.17697366532939302
1590.445039,-111.043724,284.31605,9.040339,-0.40536653856358634,-0.5117261924604708,0.7350345629537918,-0.18313509938352593
1591.443934,-111.226868,285.000984,9.021786,-0.3985019718218767,-0.5166325399587873,0.7359250872459309,-0.18083490556824816
1592.445999,-111.462878,285.677265,9.006562,-0.40035228927848443,-0.515119555923098,0.7358224877965778,-0.18148045081474248
1593.446279,-111.781084,286.347084,9.000833,-0.38798356546808804,-0.5259455875689011,0.7349635117613622,-0.1807723104429415
1594.441965,-112.126581,286.979035,8.938854,-0.3789080147613696,-0.5350050987803007,0.7320645293761995,-0.18514800959740876
1595.446982,-112.356421,287.588166,8.943127,-0.3952879844472938,-0.5217269272721463,0.7320436873905118,-0.18883977987294753
1596.443745,-112.499319,288.30629,9.06813,-0.4034496826552207,-0.5149826330163384,0.731686054739538,-0.19145954809476254
1597.442782,-112.661267,289.093214,9.376223,-0.3905717368536804,-0.5267756336010203,0.7301622482137793,-0.19189643430439854
1598.44996,-113.028206,289.84906,9.723097,-0.3987721303362417,-0.5195311928666002,0.7304756393672309,-0.19358064985100715
1599.447881,-113.547476,290.561714,9.838738,-0.3970361579845597,-0.520721366577053,0.7306530498113492,-0.19328131943972343
1600.445874,-113.761967,291.146203,9.711162,-0.39533595682180245,-0.5213372292799415,0.7315082389959706,-0.19186628388416166
1601.449238,-113.693717,291.739442,9.521033,-0.39824801039885,-0.5198256896266524,0.7301410356017167,-0.19512519762446273
1602.446795,-113.618614,292.455851,9.344458,-0.3786066853500842,-0.5340950318795334,0.732358307783285,-0.1872185454238592
1603.449662,-113.989084,293.064641,9.28399,-0.386027446622801,-0.5255542196193248,0.7360031010915392,-0.1818653564531758
1604.449664,-114.533316,293.649105,9.443465,-0.38368718609938607,-0.5280756496811816,0.7349315790605125,-0.18383640971405762
1605.450599,-115.161728,294.272555,9.670436,-0.38607950167925353,-0.5261178110975656,0.7349009647789131,-0.18456229082894568
1606.450438,-115.723667,294.873407,9.797566,-0.3895811814426703,-0.5230839856466597,0.7350896324716649,-0.1850753340086435
1607.455457,-116.091741,295.491063,9.881906,-0.38966739834463476,-0.5238373606155704,0.7338256267986597,-0.18775965419703664
1608.451339,-116.364218,296.057857,9.973941,-0.38928976653460484,-0.5232916838927797,0.7346322780091569,-0.18690828592432407
1609.452291,-116.724601,296.529726,9.852562,-0.382814290258724,-0.5282387891664635,0.7349729277888533,-0.185018367226443
1610.449244,-117.164582,296.859442,9.617933,-0.3727846533241961,-0.5369939719342289,0.7333757206402105,-0.18662563791642167
1611.455186,-117.309483,297.299334,9.410463,-0.3632247702828133,-0.5442617898060125,0.7338015711606902,-0.18270775728538724
1612.451874,-117.500358,297.808544,9.273032,-0.37373086059585653,-0.5348699417200233,0.7356042075851643,-0.18200505230817599
1613.453833,-117.975548,298.265896,9.140298,-0.3654147538878208,-0.5410482591524439,0.7356222695184932,-0.18055114371743675
1614.451571,-118.660923,298.658206,9.052249,-0.34904123191701103,-0.5524127949295755,0.7364340088951584,-0.17514357813678452
1615.447256,-119.167283,299.080128,8.93615,-0.34990210449244546,-0.5531374665164607,0.7342294125676986,-0.18031813588211681
1616.441845,-119.593212,299.522165,8.808871,-0.3450237997919929,-0.55561391938008,0.7356988554706319,-0.17606517039835873
1617.444649,-120.160581,299.961835,8.693793,-0.3468182152682962,-0.5548182751563289,0.7348041297342752,-0.17876436455883626
1618.445658,-120.723259,300.420459,8.703921,-0.35168494130386374,-0.5516118331952176,0.7341663535052118,-0.18177418111483828
1619.448541,-120.944627,300.948899,8.615845,-0.3387334856059246,-0.5615449474290637,0.7331962967371873,-0.17986130266687553
1620.451563,-121.087693,301.489286,8.536503,-0.3487627864571922,-0.5546174464404953,0.7325326331839098,-0.18482410072035138
1621.447383,-121.144666,302.056658,8.583774,-0.3511712158349233,-0.5534843938964967,0.731760011222225,-0.18671124459469157
1622.447259,-121.280139,302.707154,8.708367,-0.3563168422996729,-0.5495751716806198,0.7316347032270689,-0.1889870355332511
1623.448068,-121.710476,303.342806,8.894551,-0.34137823191503086,-0.5588785110436534,0.7338948013974409,-0.18031675781803344
1624.447039,-122.183076,304.022684,9.018895,-0.34484128209398374,-0.5565732138371995,0.7334652383269527,-0.18259105117364077
1625.450861,-122.488264,304.710498,9.142161,-0.3542575351511534,-0.5506219425169373,0.7320169318145571,-0.18833025976806306
1626.444612,-122.635287,305.436916,9.347586,-0.36631139474481955,-0.5430903042293106,0.7299374290209234,-0.19509032074027707
1627.447747,-122.726224,306.281988,9.697197,-0.3435012712894278,-0.557953763386273,0.7326652880709039,-0.18410879990272355
1628.447617,-122.95105,307.280609,9.960337,-0.34443414774320874,-0.55559357616457,0.7349431637155353,-0.18038692330896297
1629.44759,-123.011876,308.04109,10.083198,-0.32542768680605116,-0.5676789559827053,0.736502596184528,-0.17146821690301234
1630.444638,-123.234744,308.48,9.850676,-0.3300101727884413,-0.5628495619401179,0.737927481752799,-0.17250127000672538
1631.446372,-123.63919,308.670386,9.46005,-0.3223430072583748,-0.5657855580917607,0.7412267571125312,-0.16298644872155188
1632.447373,-124.023298,308.994404,9.181376,-0.3165907687872925,-0.5699111070936601,0.7409216902811266,-0.16126581783164048
1633.448423,-124.350992,309.401728,8.992941,-0.33132558143740576,-0.561760128142798,0.7388662483381961,-0.1694862371426994
1634.446506,-124.467359,309.925576,8.909453,-0.3322211908554,-0.5608323983117645,0.7390936882562934,-0.16981348983577094
1635.450522,-124.687329,310.450605,8.826627,-0.32949716013975205,-0.5623173578979499,0.739631203506796,-0.16785855136273553
1636.446467,-124.972331,310.9135,8.822146,-0.32390429426645206,-0.5660783637851937,0.7394430684852502,-0.1669288551423848
1637.448717,-125.184366,311.444502,8.811242,-0.2627823872943556,-0.6010859718102648,0.7422430832413117,-0.1368074442463567
1638.447681,-125.457776,311.818877,8.898892,-0.25421505379043785,-0.6049323190576138,0.7427020421202476,-0.13351131943141104
1639.446558,-125.81089,312.288787,9.066997,-0.3509620257393607,-0.5479612395420781,0.7377860361333861,-0.17954359174033377
1640.446578,-125.950449,312.721398,9.082833,-0.43431098053866324,-0.4838704762810169,0.7323924798033603,-0.2021004450628733
1641.451668,-125.827036,313.16837,8.929884,-0.4190446893270137,-0.4978646294369666,0.7319547065935422,-0.2019273795154589
1642.447224,-125.935149,313.558384,8.702479,-0.4239297118106077,-0.4933368458527523,0.7324344709152543,-0.20110221725113925
1643.445892,-126.223886,313.954157,8.334808,-0.4204779894372965,-0.4944293450661302,0.7357031597227389,-0.19359427654304345
1644.443904,-126.441703,314.477703,8.154002,-0.4327798943964348,-0.48516918188801494,0.7332940840141459,-0.1989779241578819
1645.450811,-126.534588,315.097474,8.408891,-0.44702090283088547,-0.4718717319637659,0.7334677572497781,-0.19883266854507728
1646.448743,-126.612334,315.82045,8.888695,-0.4256706173426897,-0.49307444132585304,0.7318294211510776,-0.2002693665540739
1647.450968,-126.709956,316.560206,9.268093,-0.43793898887061833,-0.48060199146895155,0.7335992858872245,-0.19764426520598197
1648.44485,-126.939361,317.151875,9.41488,-0.4257592231318435,-0.48873010883994306,0.7380610861252814,-0.1874507876191414
1649.444016,-127.252241,317.539121,9.364704,-0.42978904067288143,-0.4883069655850476,0.7334291914217177,-0.19727977354278536
1650.445219,-127.485376,317.832661,9.317131,-0.4331390472106598,-0.4859796492531973,0.7325453898061399,-0.19897637590164252
1651.445896,-127.700182,318.310849,9.190887,-0.41590691880784747,-0.502508506501626,0.7308781501491223,-0.20080778225921683
1652.450856,-128.077637,318.597905,8.941978,-0.40315367896806564,-0.51356746125807,0.7302737096772671,-0.20103701854548417
1653.448545,-128.574514,318.798899,8.699046,-0.3987341412495839,-0.5172576380772017,0.7305557777692521,-0.19935866176495756
1654.456499,-129.071106,319.171468,8.511619,-0.4104237143150186,-0.5039989127872235,0.735800392454995,-0.19009274867873366
1655.456361,-129.62585,319.638375,8.372194,-0.40403195041152673,-0.5078038103255922,0.7385077392787974,-0.1830294847580234
1656.447264,-130.317228,320.11964,8.360704,-0.4110829482808614,-0.501633628770908,0.738308573156898,-0.1851349856776701
1657.448932,-131.008188,320.582938,8.342944,-0.40260819476171983,-0.5096978760404578,0.7374617479196767,-0.18510777138145865
1658.450743,-131.540836,321.190361,8.447222,-0.4253790643180927,-0.4924609283184451,0.7339390801289599,-0.19459782213338178
1659.454542,-131.871475,322.051887,8.813761,-0.4400055893164813,-0.47911859541453855,0.7340247817213714,-0.1950591518415597
1660.449633,-132.090119,323.020274,9.192999,-0.4231189932952185,-0.4959244468553319,0.7323363347949138,-0.19675556729918953
1661.451216,-132.395791,323.912133,9.43979,-0.4179676207881007,-0.5003411986263188,0.7324586651955067,-0.19612765411825434
1662.447959,-132.709979,324.589824,9.429615,-0.4126636603263015,-0.5052357713966297,0.7319526349551548,-0.19669992102071987
1663.448798,-132.89691,325.147498,9.337189,-0.41959716390467167,-0.4992684901324466,0.7318130849256905,-0.19778474040119237
1664.448722,-132.966552,325.824138,9.321742,-0.42316140648686973,-0.4966461185952793,0.7311152277339384,-0.19936795309138683
1665.447952,-133.051058,326.609377,9.341422,-0.4094794608735555,-0.5086374159435046,0.731269335798649,-0.19712866038610272
1666.446993,-133.320298,327.363677,9.323698,-0.4166332057859831,-0.502497160787837,0.7310003242232193,-0.19887659797524093
1667.453045,-133.65368,328.061483,9.415034,-0.41501884672548095,-0.5043623143471389,0.7302199377847763,-0.20039175429804273
1668.450854,-133.972133,328.777121,9.629643,-0.4008210938939841,-0.5180307907130117,0.7279194440643693,-0.2027802591868884
1669.449982,-134.292835,329.460679,9.793756,-0.4125014062193987,-0.5077438463600297,0.7284378768764406,-0.20351175858481713
1670.449307,-134.546704,330.088872,9.893467,-0.4125379617845131,-0.5093607575016428,0.7256418130761918,-0.20930362614997716
1671.454683,-134.708272,330.675498,9.949186,-0.4030360816134869,-0.5173086323922943,0.7259990891913878,-0.207072495187884
1672.451609,-134.892679,331.188986,9.995762,-0.4037123244978841,-0.516587436682283,0.7258983671149039,-0.20790704637038998
1673.45676,-135.103728,331.665522,10.205529,-0.4012422827943699,-0.51868489178565,0.7258976649884871,-0.20746853615797667
1674.452684,-135.350302,332.272504,10.405578,-0.4010616280118452,-0.5184676495466407,0.7264918058356887,-0.20627778107122968
1675.452994,-135.670908,332.753711,10.532236,-0.39769537818138484,-0.5218806352010835,0.7253633607936837,-0.20815134780580055
1676.452225,-136.222106,333.241602,10.673799,-0.4124176260171125,-0.5059443140705676,0.7304181504406323,-0.2010506859400334
1677.455227,-136.783562,333.408771,10.706024,-0.425436010672714,-0.4916528190036867,0.7340177032405455,-0.19621344938125165
1678.455028,-137.371196,333.271684,10.768561,-0.415746749378317,-0.4997664661130229,0.7348083045895212,-0.19350678343804184
1679.456933,-138.083835,333.199312,10.720311,-0.3543787493296947,-0.5469866899874443,0.7380225545068768,-0.17476833820588025
1680.452876,-138.846343,333.073379,10.533244,-0.3469147456846479,-0.5547424079677602,0.7339245218003955,-0.18238918917728658
1681.451798,-139.515649,332.961092,10.289554,-0.35177880774284154,-0.5491024455571832,0.7375535993521343,-0.17536494173253936
1682.457739,-140.138269,332.846196,10.062942,-0.3606352015781746,-0.544552099293279,0.7341109826014869,-0.18570494813502358
1683.458848,-140.613879,332.925567,10.000777,-0.35230912544707915,-0.5513972283856341,0.7333514484407365,-0.18448585237147272
1684.455936,-141.073467,333.021407,9.93835,-0.27425321138203973,-0.5973847539712911,0.7392703432919311,-0.1462736862813286
1685.456867,-141.749351,333.039439,9.894878,-0.2412628178896974,-0.612157622194669,0.74272645084141,-0.12414796620732158
1686.45589,-142.516794,332.908797,9.883938,-0.24050207317960068,-0.6142352565824866,0.7397565880312502,-0.13279304511804763
1687.448779,-143.369131,332.643653,9.821328,-0.14562544698279858,-0.648623560951885,0.7440670768370817,-0.06667001227146084
1688.44654,-144.457899,332.227704,9.62643,-0.13520171754215057,-0.6499357647452765,0.7454921184971741,-0.05954408901999064
1689.455356,-145.454453,331.893279,9.600999,-0.13694510340395555,-0.6495071593471212,0.7453084143802904,-0.062464838625027407
1690.449347,-146.322723,331.852009,9.60332,-0.12546666024026246,-0.6523153439985809,0.7454235005791295,-0.0555573031790087
1691.451437,-146.945318,331.919145,9.761119,-0.008311416612257738,-0.6733908227473226,0.7382663020599769,0.03792871519401217
1692.451454,-147.352493,331.943614,9.920227,0.131351969932659,-0.672610185865822,0.7100341970132742,0.16184448379870517
1693.457437,-147.73514,331.848969,9.9611,0.1705202922272464,-0.6654891975838804,0.7006179724100364,0.19282482872790743
1694.450867,-148.162424,331.688942,9.914532,0.1748142166656078,-0.6630012382346786,0.702400611445859,0.191056873185333
1695.451647,-148.519956,331.472559,9.833938,0.18259462353312159,-0.6586908194617599,0.7041557170209604,0.19222469664507258
1696.453302,-148.917302,331.26731,9.793222,0.18306526961938008,-0.6559572354240906,0.7078410777428811,0.18753191998634386
1697.452243,-149.349524,331.099797,9.785028,0.1871529780497372,-0.653038430156847,0.709831713949268,0.18615453101453092
1698.449012,-149.851121,330.924463,9.785976,0.18685243923538242,-0.6517751868422124,0.7121505243916644,0.1819804999917965
1699.45304,-150.371251,330.664773,9.75403,0.1937152073811415,-0.6477522703356494,0.7136087816088403,0.18345005182621085
1700.451493,-150.967374,330.350238,9.665074,0.19041739694478188,-0.6449309560973776,0.7191328328987943,0.17508068270100705
1701.451534,-151.495737,330.078729,9.517969,0.1973271622707235,-0.6415065905667655,0.7199983639406783,0.1764472760127918
1702.453784,-151.916807,329.832131,9.463491,-0.2070568672328919,0.6378702557799775,-0.7194604678473376,-0.18062565080236218
1703.454645,-152.373358,329.644571,9.492392,-0.20065850859855763,0.638713312458981,-0.7227560182537908,-0.1714794608476615
1704.450582,-152.851105,329.524008,9.58463,-0.19472050898132998,0.6396556980856435,-0.7254604183844475,-0.16319219542025437
1705.446615,-153.322231,329.459108,9.612804,-0.19901888024528874,0.6379901546492763,-0.7259581865194893,-0.16231068757736913
1706.453968,-153.585002,329.326139,9.518234,-0.20648572756186134,0.6318961259326518,-0.7289079632379871,-0.16359740668117012
1707.459053,-153.741658,329.096239,9.318495,-0.1990163481551577,0.6330723219125092,-0.7319017880806079,-0.154698742721776
1708.460295,-154.010575,328.712279,9.151543,-0.19725059080561302,0.6340181870478494,-0.7321212777226088,-0.15202492435521753
1709.461242,-154.367991,328.327242,8.946574,-0.20974528540840795,0.6312022605783869,-0.7290491707634255,-0.16148661894671482
1710.453908,-154.781143,327.937487,8.702851,-0.2201077375316085,0.627770323960643,-0.727990335868295,-0.16579226494451732
1711.459973,-155.306631,327.501819,8.659945,-0.22816552321708256,0.6251712744400527,-0.7260941126347966,-0.17288351924681175
1712.462743,-156.013681,326.954566,8.774818,-0.25732721090992483,0.6114245965662144,-0.723778714034393,-0.18996589786033075
1713.451596,-156.833958,326.178614,8.678066,-0.24212944558952446,0.622096269684057,-0.7208151247853285,-0.18653449735746472
1714.449554,-157.734974,325.051777,8.568746,-0.24176571650549478,0.6199949802155582,-0.7237912549925186,-0.18243295213981817
1715.459605,-157.613692,324.443854,8.489282,-0.2290604910409862,0.6243616797916299,-0.7278465369325641,-0.16716220543863972
1716.45459,-158.477871,323.738917,8.350799,-0.22314715169037924,0.6259300281983148,-0.7296621606099922,-0.16127640827500359
1717.457464,-159.22565,323.25666,8.262149,-0.2237702963621648,0.6241052185611076,-0.7318320986221875,-0.1576112624688544
1718.453308,-159.786098,322.999449,8.318206,-0.24148732648327356,0.6168904753958966,-0.7298750045314084,-0.1685600494603101
1719.454164,-160.265446,322.819796,8.312379,-0.24177862907260245,0.6160061462071175,-0.7310548834694224,-0.16624764574073664
1720.452957,-160.715571,322.564081,8.173454,-0.24408018819970057,0.6146073199781507,-0.7315167545502472,-0.16602994238976088
1721.45679,-161.19415,322.279803,8.035767,-0.238386981533424,0.6174503742237394,-0.7321733428631974,-0.16077586388160953
1722.452817,-161.697835,321.977733,7.924588,-0.2457026602331287,0.6148892876716382,-0.7306525010716598,-0.16639798477973636
1723.453666,-162.279511,321.636206,7.838907,-0.25397913534257843,0.6109791593973548,-0.7300126018594598,-0.17111594525093185
1724.452492,-162.924139,321.155169,7.838731,-0.25060095378452857,0.6113386857317757,-0.7317823608996812,-0.167208700629239
1725.459615,-163.70446,320.66174,7.838015,-0.24165829333964833,0.6149072292090974,-0.7333245037236377,-0.16039183571815505
1726.44953,-164.48523,320.200646,7.788983,-0.2537326093683193,0.610200844702929,-0.7314835527673323,-0.16794792079051482
1727.455762,-165.252065,319.651048,7.716525,-0.25122950157652457,0.6115081340844986,-0.7316342165986134,-0.1662916491837131
1728.458833,-165.968187,319.085206,7.64055,-0.2660734884913985,0.6054124557801465,-0.72920154181461,-0.1759140941581017
1729.458673,-166.647514,318.429415,7.531521,-0.2632915837665833,0.6060574569147554,-0.7304942188584207,-0.17248216444064407
1730.457667,-167.322925,317.744908,7.443891,-0.25511914042708245,0.6093118975744188,-0.732305173181479,-0.16547618860020805
1731.459692,-167.924172,317.277517,7.296486,-0.2578393275684001,0.6089513255710048,-0.7311340571673708,-0.16775027479670818
1732.459615,-168.490534,316.961513,7.203488,-0.2588047659507581,0.6091108499158856,-0.730641610213421,-0.16782998260340815
1733.456488,-169.044997,316.661767,7.123461,-0.2545173239794507,0.6106601062734839,-0.7317237794152994,-0.16399840559769768
1734.448306,-169.669434,316.250872,7.016845,-0.25437547339532385,0.610403092110837,-0.7320970889231964,-0.16350851985941126
1735.458418,-170.352442,315.809688,6.911806,-0.24192644974935007,0.6135094924636215,-0.7359818565268937,-0.1529980471507124
1736.45449,-170.877044,315.501482,6.810459,-0.25335907746023356,0.6074865251274095,-0.7354837444500316,-0.16072635535868204
1737.461634,-171.025429,315.255458,6.614262,-0.2592851297767426,0.6046536178349615,-0.7350879281395907,-0.1637405319986287
1738.459766,-170.997392,315.106396,6.309341,-0.2647598930514803,0.6033009132352042,-0.7332616069208182,-0.16810003847958138
1739.456652,-170.957289,315.021778,5.956836,-0.2771985365623849,0.5979081432286748,-0.7311110560222267,-0.17647506155424636
1740.456287,-170.94327,314.866602,5.555402,-0.2814387479702014,0.5962374989623898,-0.730070140953136,-0.17969603574010098
1741.458322,-171.101613,314.584725,5.21338,-0.2967215902193804,0.5900885589673802,-0.7260518425313921,-0.19131260395032432
1742.452226,-171.628744,314.292582,4.971517,-0.2832525577897011,0.5970623095242097,-0.7275522307521685,-0.18426160364751054
1743.45832,-172.372517,314.123907,4.971171,-0.28052187547588525,0.5990566983585064,-0.7274578294880967,-0.1823284285232686
1744.454155,-173.023291,314.188206,5.115106,-0.28053769892660896,0.5958594023987948,-0.7308745743332654,-0.17908804719210802
1745.45703,-173.422631,314.492188,5.213325,-0.2717780456937003,0.5980584178055258,-0.7343025299721647,-0.17106319664773662
1746.457222,-173.517106,314.803313,5.090658,-0.2820077544108717,0.5919612359287566,-0.7344415877014209,-0.17506877466999196
1747.45916,-173.465411,314.844736,4.799516,-0.2830987531152988,0.5913830308830034,-0.7344533056915022,-0.1752128663284199
1748.448778,-173.501817,314.683395,4.380934,-0.28701658661727597,0.5915310430342178,-0.7314090864659377,-0.18097859643748135
1749.451856,-173.806646,314.35562,4.071226,-0.28889407044419224,0.5908562808432115,-0.7305636442523389,-0.1835914844077908
1750.452022,-174.282309,313.976688,3.830014,-0.2978992222936717,0.5869191645462547,-0.7285317223168152,-0.18979851744217313
1751.456921,-174.798743,313.583734,3.66865,-0.2949791198928221,0.5886684254411219,-0.7288122502117548,-0.18785501765245702
1752.45164,-175.413109,313.180479,3.47292,-0.29607651496287296,0.5882674466057597,-0.7286601583095201,-0.1879746851140457
1753.454808,-175.895532,312.679899,3.348727,-0.2920341331437652,0.590592481269879,-0.7292464865690734,-0.1847055710397487
1754.452791,-176.418814,312.296486,3.241717,-0.29462781265042093,0.5901092260788243,-0.7279613554861981,-0.18718391551673672
1755.452922,-176.951244,311.873782,3.094192,-0.30002939457799965,0.5874246035151562,-0.727107525813527,-0.1903400732361727
1756.449676,-177.547643,311.291681,2.984328,-0.29894695317302866,0.5881353412619963,-0.7270280668181915,-0.19015185932775322
1757.45237,-178.301899,310.738349,2.991993,-0.2965343916283252,0.5900246271148026,-0.7265860721633589,-0.18976557569243022
1758.458297,-179.107491,310.293556,2.953623,-0.3024142789554176,0.5873647810189382,-0.7254280730135145,-0.19313810806350212
1759.459563,-179.891958,309.86454,2.907057,-0.30391628279371097,0.5864185098576016,-0.7255030930195216,-0.19337395473111305
1760.455416,-180.545957,309.313264,2.90666,-0.30085084996190203,0.5875941663704456,-0.7266610867121183,-0.19022493733205875
1761.454008,-181.133415,308.684448,2.868668,-0.30258144490961003,0.5862958419275498,-0.7271370178429729,-0.18966658170934156
1762.450699,-181.622345,308.155862,2.898327,-0.3061487183284628,0.5850076136680904,-0.7260364703752038,-0.19212000911233032
1763.461502,-181.941251,307.691573,2.922424,-0.3055132206774847,0.5851036643828131,-0.7266989065329617,-0.19032622825263099
1764.460805,-182.241335,307.244159,2.902934,-0.30869379170098915,0.583383208432855,-0.7261616590092441,-0.19251342828176135
1765.460208,-182.664735,306.808351,2.919239,-0.306084673106162,0.58608954550535,-0.7255263817312887,-0.1908472869881332
1766.460045,-183.083283,306.37735,3.005471,-0.30560663483115985,0.5867764468124441,-0.7251836319993685,-0.19080536180501179
1767.460296,-183.501775,306.144695,3.102023,-0.30392747972853673,0.588364493872134,-0.7247284052540711,-0.1903261622434986
1768.456282,-183.930364,306.138494,3.145478,-0.30467594161079997,0.5878090144778894,-0.7249999361912186,-0.18981102608867034
1769.456043,-184.204793,306.055721,3.0951,-0.3109561908457641,0.5843517750323258,-0.7241541511771454,-0.193494226591314
1770.453652,-184.495887,305.918026,3.059959,-0.3173222616313839,0.5809728436967567,-0.7228463639104745,-0.1981672812082085
1771.453326,-184.953842,305.654193,2.976879,-0.3155014495708983,0.5822022981160649,-0.722877262212276,-0.19735192718470984
1772.458434,-185.56626,305.266578,2.944231,-0.3117844704139184,0.5836043651050995,-0.7240654649570892,-0.1947449395888383
1773.459546,-186.52096,306.850351,2.401214,-0.2616571398488881,0.6639397376041741,-0.6708911587590695,-0.20155549879651755
1774.455327,-186.439161,306.889788,2.782855,-0.2667636049723928,0.6606677877863091,-0.6716691298717291,-0.2030168298960259
1775.455116,-186.274029,306.900307,2.843116,-0.2657700521428903,0.6611889426684298,-0.6717605289757478,-0.202319680671933
1776.465206,-186.224774,306.882296,2.79421,-0.2676295073059784,0.6594516421396879,-0.6722340118190588,-0.20395933872240796
1777.458226,-186.252221,306.64011,2.851583,-0.27267149866429546,0.6566120649071535,-0.6713274333809142,-0.20935693736947308
1778.460106,-186.309617,306.243236,2.93388,-0.27498785195955555,0.6544834409165534,-0.6722326348871799,-0.21008662840204193
1779.463092,-186.399843,305.860069,2.956394,-0.27781486768663977,0.653164521293565,-0.6712667509261008,-0.21353209715805976
1780.470077,-186.740696,305.587391,2.884933,-0.263006500866589,0.6609742539943181,-0.6735634211745907,-0.20063133781677467
1781.463939,-187.396416,305.440222,2.901686,-0.24908034648668384,0.6668010174075972,-0.6767113014739295,-0.18814143253341942
1782.473967,-187.931182,305.139656,2.993284,-0.23145658825989102,0.6734902491909259,-0.6819754768276627,-0.16657785267411182
1783.452648,-188.248732,304.820998,2.957155,-0.20038475440116063,0.6857789324016876,-0.6867528444910542,-0.13387956028099998
1784.458882,-188.449592,304.51658,2.86419,-0.25679076717821003,0.659978973167998,-0.6793146699747621,-0.19240019757063975
1785.45889,-188.472777,304.098478,2.860745,-0.36434539010192335,0.5984190110589993,-0.6530649215525792,-0.2874949254372505
1786.459891,-188.444052,303.620182,2.822924,-0.36400501411792896,0.5996482051120051,-0.6515426076829006,-0.2888158759083769
1787.453321,-188.458577,303.024731,2.83144,-0.3675115780896674,0.5973353897293449,-0.649817902888994,-0.2930228066753233
1788.462359,-188.562713,302.387228,2.834797,-0.36562665853296505,0.5993708274682688,-0.6489267701685314,-0.29319925768777
1789.460301,-188.842749,301.795764,2.82971,-0.36041037282339805,0.6028353629767248,-0.6502808380687087,-0.289531897977887
1790.458285,-189.100751,301.205386,2.790576,-0.3529920642392593,0.6083123229437466,-0.6518442323467128,-0.2836402952600607
1791.457085,-189.184555,300.854592,2.727916,-0.34962742752216336,0.6107611922398392,-0.6532295473637264,-0.2793252341428995
1792.456315,-189.030984,300.562925,2.664032,-0.3363738406383847,0.6206968916728755,-0.6546660976169332,-0.2701856928721975
1793.452318,-188.825971,300.194656,2.587842,-0.37086686767202615,0.5982235903298235,-0.6426718715005141,-0.30258745515645924
1794.460372,-188.735596,299.748196,2.495624,-0.4287540637462858,0.55435501237805,-0.625486996918883,-0.34296718466607756
1795.451307,-188.763057,299.26833,2.474515,-0.5074797829539762,0.48079461333413204,-0.6116487429246859,-0.370387128502759
1796.456245,-188.783174,298.748032,2.530783,-0.4959438351972296,-0.4910501823723083,-0.5085815008443557,0.5042363411346793
1797.45316,-188.870757,298.327207,2.569468,0.5067414281059922,-0.48113202897609175,0.3961975240777944,0.595611129554405
1798.458219,-188.863895,298.134393,2.652532,0.5630651433417172,-0.41436960340708867,0.37310031773215463,0.6099603503786035
1799.458328,-188.780524,297.947347,2.687957,0.5575038756896433,-0.4203382027084598,0.37256486390038224,0.6113105970958939
1800.462999,-188.703522,297.627866,2.680641,0.5690213122886689,-0.40832493477717974,0.38170415563729765,0.6031479348963326
1801.456024,-188.658458,297.189686,2.696545,0.5771630844839362,-0.3969122032559269,0.37432862074592704,0.6076360427969745
1802.459952,-188.676993,296.691666,2.76388,0.5867360203830564,-0.38563600616952926,0.37780702727591525,0.6035623938513768
1803.45695,-188.809501,296.346128,2.758159,0.5910958553989378,-0.3802428061114239,0.3803012529970206,0.601158926657173
1804.4579,-188.943331,296.156799,2.742782,0.5958342751200171,-0.37402608481996236,0.38217954906888907,0.599186779510325
1805.45488,-189.114664,296.039454,2.699461,0.5998880488217655,-0.36803385405858424,0.3796901360832637,0.6004338529002778
1806.463009,-189.276146,295.957712,2.717704,0.5988914189666029,-0.36957750427204134,0.3823670029933966,0.5987796018954438
1807.454394,-189.454991,295.91814,2.725282,0.5986491927748168,-0.3705942221397715,0.38654593154030065,0.5957023663846899
1808.45765,-189.564818,295.941111,2.760968,0.6001330550533421,-0.367233514441792,0.38135793043412386,0.5996215398049626
1809.454387,-189.628899,295.999327,2.777439,0.6042561169661912,-0.36309258403612554,0.3880880334544033,0.593654780841866
1810.455841,-189.642145,296.035467,2.780838,0.6083959104360066,-0.356264450942393,0.38324693763845474,0.5967007976785386
1811.455846,-189.575491,295.953181,2.694524,0.6117867773082574,-0.35112129902340766,0.379970699132402,0.5983753339533016
1812.465926,-189.488015,295.712436,2.55056,0.6161636329573075,-0.3456776472242849,0.38201940430540854,0.5957436666591397
1813.456523,-189.354071,295.335159,2.462512,0.6154343692742527,-0.3473758937969331,0.38541804805566543,0.5933156442887255
1814.461614,-189.069669,294.784669,2.468642,0.6131773623324803,-0.3516672948236195,0.3916670675132192,0.5890165908529359
1815.457606,-188.634719,294.131656,2.463985,0.6167645365137877,-0.34611693289009093,0.3886313076455582,0.5905677623976715
1816.458051,-188.131882,293.47737,2.473438,0.6179091360158911,-0.3436810154013918,0.3847554453894783,0.5933252957054062
1817.454911,-187.639312,292.733527,2.481452,0.621191624607011,-0.33915283889320774,0.38487745801641354,0.5924235475566482
1818.460892,-187.24744,291.895663,2.530927,0.6211946652480475,-0.33581329366372803,0.371292088528335,0.6029003273032385
1819.451679,-186.833782,290.968696,2.607886,0.6191351622739791,-0.33788621618992526,0.3692886773832038,0.605087124719567
1820.461504,-186.489967,290.024852,2.61597,0.6168498848778139,-0.34183401439124583,0.3733548032696313,0.602703838553305
1821.456536,-186.229635,289.113765,2.604486,0.6187860667771813,-0.33979760862548425,0.37745091793752183,0.5993097640477337
1822.456672,-185.909362,288.306985,2.537194,0.6173105860843189,-0.34266054254356765,0.38238441783991695,0.5960650550780597
1823.454982,-185.494556,287.637407,2.448831,0.6178825443462317,-0.3433632642336265,0.3887506142062207,0.5909279060269045
1824.468243,-185.099721,286.944415,2.391416,0.6200874133270402,-0.3402992923987558,0.390054310706644,0.5895300044318791
1825.457897,-184.647786,286.11226,2.304083,0.6182405634446576,-0.34566327136735686,0.4010205169951455,0.5809286130740985
1826.458784,-184.239027,285.183004,2.243854,0.6162713106892989,-0.3486904295226718,0.4018643139853413,0.5806287360488451
1827.45852,-183.736153,284.252925,2.157186,0.6111869715892819,-0.35473457222527677,0.4001372527612996,0.5835272469905001
1828.459354,-183.035275,283.352018,2.147252,0.6158725957394995,-0.3465377638004011,0.3930937162428456,0.5882940203059162
1829.456198,-182.218281,282.471968,2.156213,0.6215753016427605,-0.3339624056161978,0.3737425137300071,0.6020214194308448
1830.464312,-181.490461,281.780992,2.144082,0.6333738702079278,-0.3128940751040477,0.3611638513274335,0.6086834241187689
1831.45729,-180.848906,281.287198,2.145769,0.636050027032314,-0.30614153509741965,0.3519943139119914,0.6146687942087304
1832.45687,-180.316061,280.989285,2.051634,0.6312609186830671,-0.3156395019205835,0.3614730044314318,0.6092771327056762
1833.4576,-179.903245,280.735215,1.820635,0.6279016755541753,-0.3255500394063374,0.37839116171303316,0.5971405081019479
1834.460521,-179.49225,280.196555,1.684649,0.6265640217834417,-0.3291230219802538,0.38062237692109124,0.5951656653370413
1835.454402,-178.912197,279.140513,1.803344,0.6296418229782321,-0.32253184866687024,0.3690479434428434,0.6027669506474188
1836.458173,-178.460878,277.975321,1.895205,0.6340336158647734,-0.3129709048356117,0.35701808902693916,0.6104004184036674
1837.456333,-178.0107,276.931311,1.959767,0.6319203260100186,-0.31703988916081854,0.3620038168472193,0.6075488843248192
1838.459239,-177.493278,276.075862,1.908944,0.6339148764388831,-0.31268657612903655,0.3572622367066692,0.6105265995528154
1839.457482,-176.941113,275.334855,1.844025,0.6344300077137962,-0.3112533831107889,0.35542719009751655,0.6117936002883202
1840.457834,-176.471466,274.60844,1.795769,0.6352442494812112,-0.310932016181266,0.35763569343540447,0.6098218884194656
1841.454893,-176.029766,273.861735,1.766396,0.6365707702899178,-0.3082921550533775,0.35426163846418063,0.6117452844589153
1842.46387,-175.524031,272.970337,1.760159,0.6395249564684591,-0.29991577275477055,0.3394327112785041,0.6211632585891151
1843.45987,-175.032156,272.034406,1.745586,0.6368762093900638,-0.3061908130537317,0.34744814728297196,0.616372991673117
1844.455815,-174.509678,271.089001,1.68267,0.6384678166864316,-0.30283844494408746,0.3436479654496648,0.6185093363578388
1845.457588,-173.941582,270.05444,1.71183,0.635948884325372,-0.30947988482495054,0.3533381717644734,0.612326182510751
1846.463872,-173.470703,269.080846,1.779758,0.6364837425405904,-0.3078198700910708,0.35044413448143624,0.6142672721757174
1847.458117,-173.054864,268.199938,1.764311,0.6372433264930779,-0.30541734074406224,0.3462030421023816,0.6170775027919252
1848.46239,-172.676142,267.363758,1.809829,0.6397802133689997,-0.2995195978444468,0.3382205723042964,0.6217524696844978
1849.458447,-172.284615,266.521956,1.917768,0.6386966687080311,-0.301772123969197,0.339648627420767,0.6209983578622186
1850.459373,-171.914229,265.662301,1.945317,0.6423542710088939,-0.29329181596381776,0.3297350720784283,0.626606482129504
1851.458378,-171.49931,264.78985,1.941137,0.6428145392124839,-0.2905835449998384,0.32194427556739,0.6314289785730121
1852.453311,-171.063207,263.924131,1.966613,0.6431210694957143,-0.2887206882416645,0.31742847093625576,0.6342513854860854
1853.457024,-170.599244,263.108135,1.988153,0.6459137198282084,-0.2832502245108672,0.3142539983733119,0.6354598345754171
1854.461978,-170.187771,262.462835,2.017857,0.6475341206382741,-0.27914125893414604,0.3094277851958646,0.6379922929931512
1855.460029,-169.793925,261.766334,1.903609,0.6504921954377446,-0.2717546128403981,0.30084260593475864,0.6422640115473791
1856.463457,-169.385722,260.941362,1.852326,0.6527668179019172,-0.2660629902979344,0.29416205989064004,0.6454259439787202
1857.457237,-168.901139,260.068539,2.015079,0.6486507284218027,-0.27651165662767285,0.3058684188782171,0.6397171614079338
1858.4579,-168.491247,259.305545,2.2223,0.6476615976351339,-0.27853938997506933,0.3082404852956828,0.6387002946654278
1859.459957,-168.159017,258.609624,2.288214,0.6466207942310067,-0.2805146871282503,0.3094848003696795,0.6382885061737691
1860.462968,-167.906086,257.976181,2.369631,0.6435928591941851,-0.2883460395665094,0.31912459309049346,0.6330910575465349
1861.457538,-167.721727,257.325923,2.435078,0.6448241516137341,-0.2863230399199081,0.3186570302004356,0.6329918067483097
1862.462585,-167.584011,256.656452,2.477277,0.6335242032774941,-0.314698760678416,0.3570618575988221,0.6100152487742941
1863.46049,-167.460938,256.03104,2.479987,0.6192448994496415,-0.3356125088177041,0.35850852060269106,0.6126758025954344
1864.463235,-167.336102,255.541096,2.408816,0.6196553746170907,-0.3353691187636384,0.3597003741731955,0.6116947046587183
1865.45842,-167.174818,255.196746,2.317577,0.6188630983594658,-0.3366853005313919,0.3607804654931497,0.6111374064918254
1866.464628,-167.009807,255.01363,2.236416,0.6155628889884583,-0.343928790620337,0.3713680042255499,0.6040539066342897
1867.457308,-166.855311,254.940059,2.131127,0.6019676053368287,-0.3699376394325802,0.4060994630535697,0.5795380670531459
1868.460403,-166.595498,254.84057,2.004142,0.5999855255674881,-0.37148752098605375,0.3998247687363154,0.5849397790936203
1869.463173,-166.246697,254.6759,1.902176,0.6006453944004011,-0.3691445722478925,0.3913794258405787,0.5914216262483188
1870.464205,-165.913823,254.421013,1.899088,0.5978688860125857,-0.374165321706357,0.3959710268871593,0.5880136503826904
1871.459121,-165.604958,253.976952,1.952207,0.6029393819159564,-0.365579122645354,0.38515557980881115,0.595374828291217
1872.471343,-165.172729,253.470118,2.026883,0.6004505531683431,-0.3691746719466369,0.3860418400859405,0.5950973806831829
1873.462266,-164.780604,253.066484,2.022458,0.6020351934360022,-0.36691070471351767,0.38405970097743514,0.5961780830559175
1874.460301,-164.427568,252.670815,2.00497,0.6018738776598357,-0.3677416164707737,0.3866780307092958,0.594133014966309
1875.458167,-164.081623,252.219779,2.007227,0.5930366264612494,-0.3799654201774133,0.38843154572386496,0.594184124183263
1876.457423,-163.700919,251.738157,1.993578,0.6002440487704371,-0.36838396110617244,0.37499945316039207,0.6028065603863365
1877.455665,-163.319935,251.213851,1.957793,0.6032704519750376,-0.3638740557820656,0.3716109731935874,0.604620308875462
1878.461895,-163.067037,250.793298,1.875855,0.6054331834143015,-0.36051310302539413,0.3691768605613987,0.6059615570263973
1879.453877,-162.872696,250.466127,1.742219,0.6090325997223648,-0.3541882267020901,0.3612381326631793,0.6108494119265943
1880.460929,-162.627618,250.019748,1.551534,0.6112003611752814,-0.3506378251128984,0.35846726342518936,0.612363009294126
1881.457671,-162.473645,249.484002,1.550683,0.6109401683712677,-0.3516586117290073,0.3603606054076365,0.6109243533675476
1882.459517,-162.337962,248.786588,1.620621,0.6071167070584185,-0.35821964960571967,0.36631896880961473,0.6073700681933203
1883.45655,-162.08091,248.034617,1.742002,0.6085215649927597,-0.3546026490766634,0.35833752435559185,0.6128235348330554
1884.465898,-161.688861,247.258349,1.960473,0.6070163964940953,-0.35746859628155814,0.36332795659993017,0.6097049229034771
1885.458644,-161.34668,246.456363,2.07063,0.6058236683813708,-0.35995020938580896,0.36598879579226096,0.6078369279227628
1886.461588,-161.13278,245.684282,2.117342,0.6043320976558791,-0.36264451137180387,0.3697812749506299,0.6054200878816605
1887.458795,-160.897782,244.930187,2.040194,0.6047584032260739,-0.3615950262926495,0.36678891500710553,0.6074390525112606
1888.461874,-160.657712,244.319012,2.04072,0.6034003576660263,-0.36353146642653655,0.3679063769366839,0.606957806684786
1889.457691,-160.391875,243.829809,2.111719,0.6053276788746359,-0.3593804776394443,0.3600807748848444,0.6121812713879937
1890.460677,-159.991753,243.226835,2.093129,0.6048186192528308,-0.360322032112503,0.36182646180091294,0.6111007138926023
1891.455534,-159.55289,242.535424,2.148022,0.6045274984943307,-0.35995443085805284,0.35867048556131165,0.6134613223806821
1892.4586,-159.166783,241.779021,2.231361,0.6056630709125207,-0.3586434132420813,0.3589068116315828,0.6129706740418635
1893.456535,-158.875798,241.022331,2.33239,0.608852462680683,-0.35308160959108364,0.35188589048300833,0.6170967312627877
1894.459583,-158.60314,240.249762,2.302955,0.610546482457903,-0.35075022537179396,0.35029610227385216,0.6176567921521339
1895.457454,-158.350295,239.474236,2.26591,0.6132107335040102,-0.34585925763372155,0.3441311408802074,0.6212308170889559
1896.461547,-157.973385,238.637373,2.289977,0.6148216334791509,-0.34279666982272583,0.3391267205007386,0.624081620949449
1897.456367,-157.411569,237.738274,2.357966,0.612701016348523,-0.3468700249721771,0.3437136548214855,0.6214012985426928
1898.46057,-156.798063,236.749063,2.389963,0.6093140009688996,-0.35208356535330226,0.34807535009832036,0.6193683571876355
1899.459587,-156.151828,235.725088,2.459229,0.6035087792430992,-0.36091016610268467,0.35343754965683943,0.6169302260975756
1900.462895,-155.519361,234.656156,2.562101,0.608826700309338,-0.35374520123222414,0.353312597154809,0.6159257993357157
1901.459618,-154.937046,233.655803,2.584188,0.6125507349664603,-0.3484561113899995,0.35218117481747874,0.6158963838432484
1902.463591,-154.314554,232.824685,2.587506,0.6120813711060127,-0.3485603754108711,0.35027141033816056,0.6173912851167663
1903.458179,-153.63903,232.063888,2.496229,0.612436678959944,-0.3473013395273027,0.3467311768026337,0.6197423536116573
1904.45943,-153.019082,231.283139,2.433539,0.6133160465894566,-0.3452644906280718,0.34323437048447775,0.6219533948981564
1905.455365,-152.448431,230.405436,2.383778,0.6124762929814945,-0.3469405972307354,0.3451193106875966,0.6208040543676768
1906.45922,-151.965101,229.429322,2.388919,0.6118158992462681,-0.3481248187354698,0.3449063123095622,0.6209106632510795
1907.461228,-151.464822,228.324531,2.423015,0.6145847824683135,-0.344315719704313,0.3432934942043954,0.6211938563442282
1908.467351,-151.007512,227.239435,2.399497,0.6147932226772417,-0.34411904825588674,0.34401461928272603,0.6206974429602197
1909.457238,-150.591607,226.296245,2.338092,0.6164297302311245,-0.3408779741027403,0.33989445019490616,0.6231278818874156
1910.461452,-150.182711,225.442843,2.250496,0.6166283729142547,-0.34076769652763267,0.3403957922210015,0.6227178585512116
1911.459515,-149.843981,224.639824,2.144538,0.6121237308599594,-0.3475959120665909,0.3448761199117005,0.6209203507273129
1912.659648,-149.760178,223.842309,2.055397,0.6176196404460144,-0.3383863151415062,0.3357264547657292,0.6255624901084814
1913.664845,-149.857481,222.966518,2.023994,0.6256348603373562,-0.32493671832274046,0.3256373891667372,0.6300455867577964
1914.661606,-149.891838,221.968391,2.028882,0.6231062788314513,-0.32981575873477686,0.3287099718596475,0.6284185587417472
1915.666494,-149.706541,220.854195,2.100717,0.6231405984175005,-0.32949163990824243,0.3274955995827343,0.6291881166141029
1916.66441,-149.32323,219.803196,2.058469,0.6193376119347088,-0.3367044365279865,0.3360043264515954,0.6246215954249363
1917.669448,-148.921647,218.961329,1.920564,0.617804256885743,-0.3392963131494384,0.34053091382203743,0.6222817760376574
1918.662581,-148.440194,218.307778,1.787752,0.6162132708931826,-0.34264981808197054,0.3440336703206057,0.6200912357300743
1919.665566,-147.828576,217.550228,1.785996,0.6203306624593562,-0.33484821871696147,0.3359628440124063,0.6246563111647155
1920.694937,-147.165,216.655843,1.899287,0.6265144279717647,-0.32422844250123617,0.32698628333165186,0.6288366712663852
1921.66458,-146.464607,215.731557,2.062652,0.6269825541578705,-0.32326864978684877,0.32641875701869055,0.6291590036811314
1922.660786,-145.80781,214.91178,2.077596,0.6260981868880036,-0.3238350129578256,0.32589354456235015,0.630020112671609
1923.665878,-145.190319,214.168664,2.033656,0.6285288166168121,-0.31841616060075784,0.3180493918971502,0.6343557831882636
1924.660843,-144.650173,213.466363,1.928597,0.6295289159546077,-0.3166658914772296,0.31732300107291367,0.6346039474680468
1925.661876,-144.211877,212.767832,1.766576,0.6302471831448282,-0.3154042316517387,0.31712652041890804,0.6346175453303996
1926.660791,-143.714694,212.023155,1.628999,0.630557899290782,-0.3105436880660508,0.3021919097014752,0.643924998082313
1927.663874,-143.130849,211.138797,1.568059,0.6345663650261865,-0.3043895598035453,0.2996788539416769,0.6441002319206691
1928.660586,-142.595138,210.262304,1.531634,0.6357611935777632,-0.3037544644287052,0.3027209123955212,0.6417951225107835
1929.667487,-142.102003,209.504803,1.537902,0.6382425010514385,-0.30102205455909825,0.30866714617015795,0.6377749018233582
1930.663231,-141.540701,208.790257,1.4979,0.638084756026458,-0.30230257959086015,0.3121028496010457,0.6356514813718871
1931.664961,-140.958454,208.127405,1.453468,0.6369405298454889,-0.30359255481105796,0.31112733755919153,0.63666168561236
1932.660951,-140.321838,207.425279,1.381683,0.6352709187273712,-0.30717137337695716,0.314198164050544,0.6351032364145714
1933.665128,-139.700081,206.653809,1.355978,0.6337854686537939,-0.3102711471982891,0.3167512354524987,0.6338110521116401
1934.660975,-139.053322,205.832973,1.276536,0.6293937902838642,-0.31767094529627077,0.32056596139467364,0.6326026333029239
1935.662894,-138.397036,205.04942,1.249637,0.6325758884552752,-0.31154312483443847,0.31546982086251785,0.6350333997817624
1936.662959,-137.735667,204.233718,1.160972,0.6313287237712083,-0.3129661031170423,0.3141087166952166,0.6362483594770476
1937.665029,-137.097791,203.251616,1.105178,0.6336845168348723,-0.3079294053041149,0.3075104894908157,0.6395785435159059
1938.659932,-136.594753,202.105936,1.03475,0.6393448896502815,-0.2962618624388037,0.29499627169952053,0.6453248954021094
1939.662954,-136.122195,200.904372,1.053767,0.639683019472582,-0.29559713602291615,0.29299273101885553,0.6462067992087384
1940.664959,-135.671687,199.655848,1.047056,0.6356508630622618,-0.3042916110838256,0.30444752146597814,0.6408325072789568
1941.666525,-135.218355,198.49832,0.999326,0.6332893025270673,-0.30624836452030646,0.301628192645255,0.6435658722578249
1942.667603,-134.714918,197.42228,0.911495,0.6336267024578495,-0.30376306389668717,0.29513193560197026,0.6474120353625837
1943.669603,-134.192392,196.396096,0.795999,0.6355888644261092,-0.29971402901198296,0.29128225638916433,0.649117049031814
1944.663379,-133.671921,195.421859,0.621622,0.6359994546052964,-0.29885283862742945,0.2916785718285391,0.6489339606787095
1945.669225,-133.279413,194.496068,0.372971,0.6351113950111416,-0.299897518356672,0.29155183466188034,0.6493785661043971
1946.668089,-132.972459,193.541821,0.150247,0.6343910250285913,-0.30110926340348326,0.29179633830104323,0.6494121463368915
1947.666878,-132.579766,192.52238,0.011594,0.6356305564748007,-0.29732435166595733,0.28449527379262346,0.6531726148359356
1948.665905,-132.102072,191.398766,-0.102921,0.6361835818204536,-0.2968846148567762,0.28561034604978824,0.6523470747330459
1949.666028,-131.57338,190.297076,-0.191755,0.6323406425328294,-0.30424670274679083,0.29191237691097593,0.6498972379346282
1950.661059,-131.037051,189.237168,-0.282905,0.6321891578341148,-0.303121834793978,0.2885314144342311,0.6520764103022797
1951.666107,-130.538313,188.258772,-0.396569,0.6314375106195714,-0.30462151502917423,0.2906137799431416,0.6511804923913558
1952.666131,-130.025142,187.314496,-0.563352,0.6301885844503979,-0.30689224640888824,0.2920389279752392,0.6506863773505505
1953.663052,-129.520007,186.459678,-0.707274,0.6340004417676472,-0.29885528967946207,0.28377242452566526,0.6543715815558151
1954.667126,-129.008191,185.679088,-0.91833,0.6335140347684536,-0.300716841604686,0.28792053251445643,0.6521741453655525
1955.668098,-128.546602,184.966133,-1.078577,0.6340618717889277,-0.2984775620678804,0.284281290636121,0.6542635825718847
1956.66401,-128.114729,184.323222,-1.284533,0.6345074891880931,-0.2966176415397259,0.28057403277029264,0.6562746627949669
1957.666918,-127.635062,183.662649,-1.574244,0.6348302696763294,-0.2955639588393187,0.2783928879576846,0.6573658607445998
1958.665675,-127.275856,182.876161,-1.821354,0.6365831844696871,-0.2942898332859194,0.27963648899521215,0.6557124196607906
1959.67178,-126.893389,181.848193,-2.056253,0.6380386836354753,-0.29257307703660285,0.28034305063064097,0.6547636266173845
1960.664406,-126.497331,180.723649,-2.212225,0.642294663794668,-0.2843711725836427,0.27308080434273846,0.6572803628314339
1961.666336,-125.991339,179.559926,-2.295556,0.6416371599930625,-0.28594078322746214,0.27435497538385595,0.6567107208546442
1962.661877,-125.417838,178.431813,-2.21912,0.6405289812533991,-0.2878043230703609,0.2761340651817654,0.6562326369837809
1963.664969,-124.925985,177.321695,-2.039402,0.638916794258511,-0.2922015134968906,0.28230530210808985,0.6532283842012793
1964.661968,-124.672456,176.283268,-1.882564,0.6414289673692233,-0.28757015381714407,0.27885845995555403,0.6543013417107232
1965.662051,-124.460542,175.203089,-2.00033,0.6398694944515803,-0.2907753560310679,0.28174121149571585,0.6531757896157904
1966.652891,-124.239964,174.188824,-2.248561,0.6440160700956306,-0.28148040011707315,0.271904523842161,0.6573279362104428
1967.655885,-123.885004,173.204416,-2.522364,0.6438118751409986,-0.28242547001747065,0.27390629563651825,0.6562906859947978
1968.66187,-123.410718,172.145074,-2.725937,0.6450537808571258,-0.2799194531320793,0.2707628643522405,0.6574482419536424
1969.668426,-122.819837,171.087126,-2.841937,0.6457077141772819,-0.2789843478733812,0.26975377271195045,0.6576185699942508
1972.066182,-122.145653,170.047141,-2.884023,0.6436088880101362,-0.28338239209493843,0.27351813164969163,0.6562391719363975
1973.068958,-121.472615,168.99813,-2.957059,0.6455085508967965,-0.2789215820901036,0.26942747581598697,0.657974389348778
1974.074183,-120.829168,167.959638,-3.031749,0.6469647346708083,-0.2754124380498636,0.26549969208561175,0.6596169604870741
1975.071096,-120.15447,166.915384,-3.15596,0.6469551321491571,-0.27606219562666057,0.2666477191993257,0.6588912770536969
1976.064049,-119.536975,165.917002,-3.237779,0.6467395538328093,-0.27755986705476204,0.2697870218285708,0.6571936035610451
1977.072282,-118.956893,164.852227,-3.337859,0.6491232433751712,-0.2721201980713651,0.2634942379984962,0.6596668850664639
1978.075114,-118.342177,163.843729,-3.374376,0.6525725904008813,-0.26400753007392325,0.25490395187561765,0.6629276081443154
1979.066702,-117.581825,162.858785,-3.40546,0.6512608575535714,-0.26771797518154056,0.2614488701892949,0.6601748779376749
1980.073582,-116.801124,161.853755,-3.436088,0.6413409825081889,-0.287376904772449,0.2794324928112175,0.6542275909193579
1981.068579,-116.290368,160.879607,-3.530574,0.6503935067409792,-0.27177212606282297,0.2721488064406868,0.6550291787679191
1982.077487,-115.902482,159.965215,-3.689032,0.6565632703943508,-0.2582936012889596,0.25956700790703296,0.659419484022458
1983.073513,-115.477667,158.939712,-3.788778,0.6578700094725662,-0.25470490951896924,0.25474914073892274,0.6613889438116425
1984.079832,-114.866528,157.974928,-3.857415,0.6615989143259131,-0.24301768174179494,0.2419564781149329,0.666848067869912
1985.075627,-114.154232,157.176712,-3.971704,0.6540056441581203,-0.25910893877647595,0.2550258172136151,0.6634010912034879
1986.080842,-113.58273,156.427601,-4.101722,0.6529926715510018,-0.2609511137704624,0.2552420423508725,0.6635936911538537
1987.073619,-113.138276,155.600373,-4.210086,0.6522508568334693,-0.2620232883554465,0.2551248164066876,0.663945738876949
1988.072675,-112.738906,154.643141,-4.39179,0.6550076900971867,-0.2550166622658484,0.24702480172192395,0.6670158732853201
1989.063559,-112.33944,153.542097,-4.498703,0.6527334000792234,-0.26210500822645766,0.2551614317544642,0.6634249896021681
1990.068878,-112.094415,152.297038,-4.626481,0.6564454869721955,-0.25303295072155685,0.2450289057280172,0.6670940592155725
1991.066937,-111.772304,151.08905,-4.69991,0.6609666610988322,-0.240219803561005,0.2298353354314196,0.6727505016572641
1992.067097,-110.884055,150.008095,-4.657353,0.6533092234621302,-0.2574508950549211,0.2464929967643687,0.667942585647037
1993.064979,-110.021898,149.017126,-4.73066,0.6600583803160213,-0.2438273284255669,0.23708565307733798,0.6698220372549217
1994.070019,-109.188046,147.991395,-4.810001,0.6581950663666111,-0.24887455149719173,0.24159853588458569,0.6681847496659504
1995.067026,-108.457601,146.976739,-4.862815,0.6589871162976672,-0.24888740238862564,0.24511774905299213,0.6661143524839572
1996.066964,-107.914921,145.910503,-4.977183,0.6639324191318787,-0.23531531041687576,0.22931020168313276,0.6717419734638753
1997.067791,-107.528569,144.835169,-5.161995,0.6702363191068857,-0.22018158319391737,0.21633412143464004,0.6749095456988109
1998.073492,-107.284945,143.671787,-5.344573,0.6740095941551748,-0.2113985325495128,0.2097474019364909,0.6760382790963699
1999.066219,-106.818193,142.45905,-5.443809,0.665461409018742,-0.23416673330727894,0.23205131862548548,0.66968592611997
2000.068161,-106.310147,141.356428,-5.547953,0.6465545571590581,-0.27784313624650586,0.2757055030062164,0.6547952900484617
2001.062058,-105.976891,140.377767,-5.847898,0.608174019200927,-0.35287112752549815,0.3513846630267689,0.6181708083672653
2002.068928,-105.668719,139.412895,-6.148198,0.5975883961880936,-0.36786876565196414,0.3547803882170124,0.6178119099982038
2003.067965,-105.303028,138.28246,-6.311946,0.5840504708186127,-0.3917619272111286,0.383862936557764,0.5983785472939593
2004.069062,-104.922419,137.030216,-6.465622,0.5748257531188145,-0.40471190843024,0.3906309829004574,0.5942987968390677
2005.060988,-104.491045,135.821919,-6.561656,0.5863159661029742,-0.3875181905238637,0.37298626738376034,0.6057594277012752
2006.062077,-103.973386,134.703724,-6.691281,0.5836412744135319,-0.39121600902350534,0.3744693800543039,0.6050500644462525
2007.064257,-103.42949,133.555592,-6.790324,0.58558428689337,-0.3885064059633466,0.37005893854744537,0.6076266925260647
2008.063345,-102.910148,132.385216,-6.868,0.5817011344949203,-0.39349216196434683,0.3695144206635186,0.6084790888121393
2009.061295,-102.372084,131.141817,-6.921815,0.5828722411460152,-0.3905426951424581,0.3616534889581647,0.6139569265809072
2010.067341,-101.819822,129.779729,-6.946107,0.5949311592995892,-0.3771725900057759,0.36893007219644974,0.6063731152284905
2011.071218,-101.148855,128.379275,-6.94029,0.5926123268884157,-0.3796937563091489,0.36692966834807267,0.6082811027195564
2012.071325,-100.409987,127.08281,-6.95497,0.5914595010629695,-0.38142032179334057,0.36760413358059846,0.6079156172528102
2013.067386,-99.68617,126.01751,-6.993575,0.5818476621315332,-0.3929889884947688,0.36775103478845744,0.609731194384826
2014.06733,-98.985227,125.063261,-7.109776,0.5763757105755719,-0.4002768815812804,0.37112840114066076,0.6081391026704722
2015.068197,-98.286591,124.122971,-7.289071,0.5638167528876461,-0.41770818083935274,0.3836625515378312,0.6003612174104777
2016.073178,-97.699267,123.116377,-7.417943,0.577221874162361,-0.40008878329095926,0.37429401773054477,0.6055145429833854
2017.074137,-97.275275,122.08836,-7.462629,0.5746828216467046,-0.4036856605429961,0.3767674467020717,0.6040064843043893
2018.076145,-96.802989,121.161207,-7.597678,0.574596507253435,-0.40342393834381357,0.37416658869925956,0.6058773338923312
2019.061992,-96.35224,120.341227,-7.784517,0.5726219944106602,-0.4057511753745659,0.37463332742563793,0.605904204624222
2020.067953,-95.834827,119.528864,-7.924991,0.5737944419173886,-0.4019848831170365,0.35876389465180436,0.6168116082438495
2021.067084,-95.239409,118.667167,-7.966885,0.5722516573904112,-0.4045055018186401,0.36217357720286825,0.6146003901629544
2022.067991,-94.669559,117.789121,-7.923976,0.565118898858148,-0.41311359026439193,0.3638515339820202,0.6144834032837252
2023.063912,-94.06153,116.902526,-7.847838,0.5531568979038183,-0.42871778550179246,0.3740553318306773,0.6085237180463106
2024.074227,-93.570093,116.056947,-7.754723,0.5584279661954155,-0.42365307313875267,0.3785221852281929,0.6044809637044133
2025.077324,-93.158396,115.375901,-7.727779,0.571809738965026,-0.4080867633928305,0.37894679711895957,0.6024102762416947
2026.080278,-92.788665,114.820609,-7.85949,0.5708835062420381,-0.4093357965611538,0.378683578318326,0.6026068166445437
2027.074442,-92.498559,114.379796,-7.879363,0.5934609588425769,-0.3802537866576296,0.3675781968695428,0.6067103240001104
2028.078452,-92.166913,113.775615,-7.924027,0.5903844396330318,-0.3837878889187789,0.3679760481898312,0.60724517101172
2029.074337,-91.809889,113.143582,-8.061981,0.5929476828537895,-0.380416290754398,0.3647044502858592,0.6088408290092546
2030.081428,-91.185669,112.413151,-8.10519,0.57976762832772,-0.396067168286539,0.3651919740051823,0.6112569978911746
2031.07617,-90.535688,111.525064,-8.01979,0.5861397829407149,-0.38836690761790965,0.36121046752515273,0.6124853451893965
2032.069984,-89.866597,110.599744,-7.88323,0.5854623833877831,-0.38939447410818,0.36267383318221896,0.6116154281056246
2033.068907,-89.224565,109.636876,-7.771565,0.5853166114591924,-0.39159431498788727,0.3719319572876863,0.6047519954222945
2034.070904,-88.662492,108.532431,-7.731032,0.5873150314604431,-0.3917905921177191,0.3857835419727827,0.5939126572919624
2035.068835,-88.220411,107.59355,-7.779398,0.5932620612056072,-0.38189751413893763,0.37204774212827463,0.6031375407034677
2036.06988,-87.883073,106.951231,-7.970299,0.5986686775568766,-0.37364923247064297,0.365052725934501,0.6072220128373067
2037.067808,-87.541713,106.291722,-8.276035,0.5723845727815203,-0.4099554192710524,0.3909096728849293,0.5928761107491257
2038.0718,-87.27792,105.565334,-8.566971,0.5433832948131476,-0.4511988099627467,0.4472447807948983,0.5487497925812205
2039.071444,-87.097731,104.631634,-8.750525,0.5454608001271908,-0.4491068274527144,0.44814982718526386,0.5476653224860789
2040.076484,-86.970571,103.497614,-8.821944,0.552640630863388,-0.44105360504162955,0.4461029461163878,0.5486822505466875
2041.069436,-86.979175,102.178408,-8.762726,0.5442835342209859,-0.4510886944712018,0.4533731747122724,0.5428878231711365
2042.079604,-86.995713,100.822411,-8.649195,0.5326799525832264,-0.4628110689878958,0.4440867773240611,0.5521276272241253
2043.075577,-87.047404,99.515465,-8.686233,0.5395082504766456,-0.45525289567955546,0.441352065401344,0.5539711210965572
2044.073642,-86.815803,98.323786,-8.719218,0.5476724569481204,-0.4460778903863019,0.44089873827234155,0.553784884407992
2045.075838,-86.32351,97.324395,-8.583331,0.538024115848719,-0.45629056815127267,0.4394342566087554,0.5560813810047084
2046.076016,-85.811904,96.453306,-8.524423,0.549863452852087,-0.44471711195068203,0.45279040736382054,0.5430080299177267
2047.069903,-85.316327,95.622976,-8.390574,0.5418995114241112,-0.4531844822058288,0.44808508555050347,0.5478946073044911
2048.076904,-84.902794,94.604284,-8.348856,0.547728205302512,-0.44686312812528944,0.4488492898632153,0.5466639487175442
2049.068978,-84.581997,93.661159,-8.369924,0.5495770941948279,-0.4448161769450818,0.449438673814203,0.5459930995392355
2050.074564,-84.319348,92.811074,-8.475748,0.5486702315235038,-0.44527196034292255,0.44428522633541057,0.5507308744136364
2051.0744,-84.02336,92.012112,-8.689354,0.5530707055499515,-0.440602459497787,0.4452732201044881,0.5492850141818545
2052.078363,-83.801239,91.081441,-8.86831,0.5488797860600999,-0.44471474725195,0.4390920410479727,0.5551197650233495
2053.071458,-83.545002,90.036204,-8.858823,0.5483407432908838,-0.4447346173809566,0.43278243011345857,0.5605648201013907
2054.075485,-83.303607,88.859545,-8.656734,0.5406816859879422,-0.4531125927592669,0.43254818243962634,0.5614751664930399
2055.076239,-83.011548,87.599014,-8.492812,0.5400491108691516,-0.4539293099538465,0.43343768430194135,0.5607378293295666
2056.080119,-82.731404,86.303143,-8.312342,0.5363162987606658,-0.4567886716149212,0.42319356994787716,0.5697509451705255
2057.074985,-82.521258,84.933928,-8.188051,0.5424542264191694,-0.45028352306503333,0.42411312292689435,0.56843312716389
2058.071893,-82.330899,83.672166,-8.046614,0.5442133666192303,-0.4481391476464082,0.4227848960577526,0.5694348493068802
2059.071017,-82.232166,82.63028,-7.921856,0.5445578918468903,-0.4474601008446238,0.42115631017366134,0.5708445698964794
2060.07385,-82.045785,81.57533,-8.02344,0.5420066009814906,-0.4500635640690714,0.41880321033998413,0.5729533172945763
2061.069886,-81.891812,80.459622,-8.114822,0.5460910665644902,-0.4459112157681409,0.4199577962872382,0.5714745698700885
2062.076889,-81.692356,79.248633,-8.16716,0.5501420360159046,-0.44039757453429745,0.4113327740650725,0.5780995290886468
2063.069921,-81.395646,77.956393,-8.106274,0.551098413781463,-0.43901461810655085,0.4099397079750112,0.5792289178223728
2064.070886,-80.964302,76.627714,-7.933593,0.5473406534336518,-0.4429521045016739,0.40822536804448595,0.5810023159173336
2065.06597,-80.683554,75.386963,-7.771038,0.5619620092421203,-0.427597673268214,0.41586859135174786,0.5730726347604481
2066.071934,-80.54,74.260728,-7.71351,0.5590699796736895,-0.43136034309025584,0.4201284269405919,0.5699658911839732
2067.071109,-80.598709,73.162594,-7.726999,0.5630019673201058,-0.42717124887628066,0.4222291673636851,0.5676936138046106
2068.076105,-80.706203,72.090425,-7.711411,0.560216409416515,-0.4302403820916394,0.4216995628861455,0.5685246405387737
2069.07802,-80.73893,70.97605,-7.727186,0.5590243683088435,-0.4314802200649914,0.42135252378446325,0.5690154883920371
2070.075913,-80.735362,69.83906,-7.724746,0.5633068551208905,-0.4262118354770209,0.4189312515545869,0.5705483894850887
2071.069663,-80.568896,68.584504,-7.661828,0.5656761312300006,-0.42284949338638345,0.41314864170616633,0.5749060969896632
2072.078838,-80.348206,67.20605,-7.516589,0.5612230136667886,-0.42761514705790815,0.4109024720825822,0.5773501306606191
2073.078895,-80.074832,65.760258,-7.350949,0.5634240190115235,-0.42536399570608674,0.4137621089038331,0.5748215055069766
2074.076615,-79.766044,64.332884,-7.162217,0.5641830970612187,-0.4236342429538027,0.408751495161327,0.578924586099735
2075.071285,-79.407467,62.992812,-7.007781,0.5631853906139691,-0.4241094621720582,0.4057114119422846,0.5816800066315813
2076.070118,-79.05249,61.717776,-6.836304,0.5602902552562378,-0.4278486797918553,0.40918272966062136,0.5793011572686086
2077.069197,-78.636938,60.418088,-6.649214,0.5625193432927813,-0.42551416805158215,0.4105366227552489,0.5779008241779401
2078.073203,-78.180883,59.087747,-6.485885,0.5698486275804595,-0.4165988675955904,0.40634367757841333,0.5801747502733888
2079.068168,-77.76672,57.694804,-6.368279,0.5677386434872773,-0.41943298534015466,0.40936727763688024,0.5780719985434697
2080.070108,-77.550756,56.388377,-6.325822,0.5652607317224546,-0.42219028785566853,0.40859577507879213,0.5790381322509804
2081.070886,-77.464848,55.295963,-6.3297,0.5720979534981087,-0.41380859790151214,0.40614948867800066,0.5800939309738201
2082.071606,-77.408968,54.182206,-6.282988,0.5617165288829623,-0.4251526824106551,0.40110761452397437,0.5855189317089478
2083.068578,-77.411663,53.013234,-6.224667,0.5631875619441697,-0.4230760038595272,0.3992718665523184,0.5868632222327985
2084.070529,-77.436775,52.081568,-6.234561,0.5419729196953676,-0.4481690561181074,0.4114813583463366,0.5797352354209091
2085.068304,-77.409293,51.379888,-6.298504,0.5459272261828856,-0.4427021313763347,0.40500331824389413,0.5847654220271117
2086.073243,-77.190192,50.784164,-6.33833,0.5496484648951047,-0.4371767442101812,0.39691597399581346,0.5909490409055552
2087.071228,-76.819668,50.215368,-6.379962,0.5488323555768106,-0.43787867928519364,0.3939363168614569,0.5931774489620233
2088.069958,-76.481239,49.499612,-6.404593,0.5526610236224738,-0.434003718012045,0.3948092834149685,0.5918886681206526
2089.064989,-76.223779,48.560714,-6.376661,0.5645713311044276,-0.41897232938536944,0.38443067054487096,0.5982762395823465
2090.072303,-76.046644,47.450474,-6.379275,0.5651190556849077,-0.4194513322531462,0.38985974498346865,0.5938942767987276
2091.069248,-75.935898,46.260218,-6.400966,0.5632756374272496,-0.42233419679009154,0.3941219111286912,0.5907810945442161
2092.072465,-75.83536,45.08829,-6.395479,0.5725040813223529,-0.41092824212295315,0.3890933485792806,0.5932819083592139
2093.060242,-75.777167,43.981015,-6.396419,0.5673914674635194,-0.41879843779351167,0.401943557688065,0.5840515110710436
2094.066202,-75.823547,42.815391,-6.314585,0.5699287459052507,-0.41534276091220224,0.40022642823849164,0.5852268121746961
2095.066173,-75.962012,41.804835,-6.270055,0.575651480183562,-0.4081139900534302,0.3971953421889691,0.5867744069304066
2096.071201,-76.064064,40.901192,-6.271991,0.5757131181584485,-0.4078504269824747,0.39684007513010067,0.5871374537203581
2097.069143,-76.043957,40.034129,-6.258945,0.5826353470650286,-0.3987199190604241,0.3905628891220297,0.5907783917303642
2098.067988,-75.856446,39.037895,-6.211807,0.5758080766970679,-0.40699237235249747,0.3920628611420097,0.5908375246803902
2099.070074,-75.599418,37.849052,-6.071299,0.580186364833173,-0.4024242651899404,0.394573104251409,0.5880055767162516
2100.07703,-75.285685,36.515667,-5.968624,0.5822395179566404,-0.4004484686394633,0.3968977517350927,0.5857562141040898
2101.070671,-74.962402,35.263692,-5.912033,0.5805875722128124,-0.402546921440721,0.3989331493656963,0.5845736817269465
2102.075535,-74.498387,34.065662,-5.92297,0.5868897012498684,-0.3940498307098517,0.3934660622834706,0.5877666776158016
2103.075244,-74.0774,32.925334,-5.92268,0.588535028062931,-0.39131217113678674,0.38971468864650605,0.590443703426784
2104.077293,-73.640813,31.970464,-5.937927,0.6001747161472775,-0.3760812864105328,0.3860500421471173,0.5910317597790686
2105.071004,-73.162763,31.216171,-5.939836,0.5965933964299065,-0.38242745593574995,0.3993758954849447,0.5816566464748227
2106.078968,-72.624375,30.433213,-5.952057,0.5914955119301231,-0.39004240518507977,0.40723537201316395,0.5763326585447504
2107.070889,-72.027511,29.293489,-5.838755,0.5964870711164115,-0.3844614278329068,0.40845758976657415,0.5740687954084673
2108.070676,-71.520655,27.789553,-5.613839,0.5992149403982642,-0.3810704131954619,0.40592089628311506,0.5752869035109849
2109.071425,-71.248861,26.186198,-5.362788,0.6024724406863888,-0.37571999327881705,0.3979954320602221,0.5809140047572865
2110.06907,-71.101927,24.695612,-5.312647,0.6016927204602126,-0.3759492000112946,0.3949862608942339,0.583621386569108
2111.071031,-71.067329,23.472236,-5.24191,0.6002102026035653,-0.37752720251633903,0.39507028158107826,0.5840722529466897
2112.077138,-71.014357,22.404334,-5.274786,0.6020683899984794,-0.37384620681260167,0.3883137991407247,0.5890374018798512
2113.073938,-70.997376,21.486859,-5.364189,0.6007653798785595,-0.37635513829089645,0.3946490141225835,0.5845424910761264
2114.071617,-71.035716,20.734304,-5.285433,0.5960736152844329,-0.38227214144863686,0.3959905886257714,0.58459875876864
2115.072676,-70.894324,19.975051,-5.177244,0.5958738377033034,-0.3819199464464352,0.391958388380012,0.5877415638064343
2116.078586,-70.645621,19.057259,-5.213251,0.5913399145854232,-0.38962471562634327,0.40436524851831523,0.5787904907493875
2117.074205,-70.482584,18.046429,-5.176614,0.5854114878843774,-0.39762358010990023,0.4091640953716918,0.5759979352847112
2118.075132,-70.426729,17.044437,-5.066639,0.5960394273449715,-0.38360142935556896,0.4014769866399509,0.5800027358945367
2119.069025,-70.383629,16.13279,-4.960859,0.5996840603214234,-0.38005026215047794,0.4090297219112872,0.573267400633369
2120.071899,-70.438793,15.535806,-4.964585,0.6126803868151941,-0.3584222561000897,0.3822110069678156,0.5916679610193156
2121.070626,-70.400115,15.079154,-5.021619,0.612889645022573,-0.35890524073579166,0.38633248586520863,0.5884730423406804
2122.074593,-70.343672,14.577646,-5.044812,0.6181902529898171,-0.34990376995349887,0.37435418535162507,0.5960428732821458
2123.067304,-70.328484,14.036731,-5.169976,0.6147327221823572,-0.35610152052110533,0.3819071328319091,0.5911364726126584
2124.072401,-70.39606,13.412082,-5.165507,0.6117722535761766,-0.36112944911091943,0.3879804782130332,0.5871893896050544
2125.073522,-70.344117,12.7196,-5.176445,0.6079580839854077,-0.3667611223142409,0.3917684527433786,0.5851416296168385
2126.076641,-70.293037,11.999647,-5.191156,0.6029284635533166,-0.3743920363471047,0.4005810982621666,0.5795193307148448
2127.072623,-70.270948,11.421678,-5.231077,0.6059246104666781,-0.369365346318827,0.39370956133125545,0.5843093262013948
2128.08081,-70.274903,11.110393,-5.305268,0.6127865768910106,-0.3569707109823458,0.37570352804618734,0.5965830886780179
2129.077443,-70.255538,10.925182,-5.422604,0.610864595103826,-0.3603711437656155,0.3804809902129453,0.593473926366001
2130.077291,-70.19693,10.588387,-5.500912,0.6068227141076948,-0.36626584486139724,0.38293536080798346,0.5924323032835038
2131.066977,-70.07692,10.006139,-5.489366,0.6016407615844046,-0.37388417800209317,0.38770652608866996,0.5898496970144957
2132.077979,-69.946172,9.24554,-5.464596,0.598350279938645,-0.37782546068403433,0.38475716266755533,0.5926101497040487
2133.071907,-69.964894,8.485831,-5.463501,0.6094813967690463,-0.36034058547358766,0.36779952509152075,0.6028354657744155
2134.077918,-70.047397,7.812771,-5.604555,0.6206810535124601,-0.3418892496940768,0.35056229036209524,0.6123502684986478
2135.07392,-70.160144,7.248836,-5.873223,0.6300880179472245,-0.3250318610017449,0.3326055504130288,0.6218656822880057
2136.072697,-70.20449,6.605233,-5.985466,0.6304249126797393,-0.3233279869988993,0.3279423687992102,0.6248817848540198
2137.069571,-69.970876,5.731137,-5.828262,0.627576314718218,-0.32842480387681944,0.33298236142594184,0.6224209703909215
2138.076681,-69.561544,4.682167,-5.595681,0.6115218777752628,-0.3552389253260627,0.3592748983662413,0.608907091713775
2139.069561,-68.991605,3.753254,-5.387594,0.6046308934391295,-0.36585071345255626,0.3692314250000599,0.603525387169157
2140.079566,-68.500166,2.853653,-5.120067,0.6081499701405737,-0.3619228463100063,0.3708876487254545,0.6013383566344215
2141.077342,-68.001961,1.989913,-4.805229,0.6135172237057065,-0.35203534857141133,0.35883759913527996,0.6090183141905302
2142.079448,-67.529933,1.160385,-4.65294,0.6195072914191759,-0.3405639268637275,0.34308116430471164,0.6184838254125629
2143.070257,-67.142435,0.26685,-4.553005,0.6174222635646084,-0.34746140076219434,0.36070468394137084,0.6065908459727074
2144.072354,-66.704856,-0.723304,-4.335438,0.6010199314944519,-0.37289429282005637,0.3826950982366633,0.5943646608894788
2145.069155,-66.391974,-1.670217,-4.198239,0.5748921085001791,-0.4127150790154574,0.4335980197429016,0.557815457308703
2146.069065,-66.25806,-2.321575,-4.188726,0.5464901354279215,-0.4495830590406196,0.4816356139893715,0.516962996974379
2147.068128,-66.242112,-2.726705,-4.197023,0.5555515029645836,-0.43997277671821894,0.49763382384819443,0.5001470390423969
2148.071903,-66.290247,-3.07727,-4.310537,0.5596062416765867,-0.4354990120506609,0.5020002057893417,0.49515377224349466
2149.068795,-66.403551,-3.552066,-4.401681,0.5632582632381079,-0.4313850375320958,0.5020507690085767,0.49456253762827546
2150.068928,-66.505085,-4.231702,-4.446491,0.5657082089561452,-0.42860785172752075,0.5084027874591873,0.4876434532123635
2151.069894,-66.568141,-5.106185,-4.444385,0.5583982228150598,-0.43713981595952217,0.5071160672747597,0.4898300729555499
2152.07289,-66.62246,-5.972862,-4.479848,0.5550360199036555,-0.44093215498317195,0.49091778645480677,0.5064716954122095
2153.071888,-66.703518,-6.768058,-4.551677,0.5467093335058267,-0.45015603883540567,0.4876294790911434,0.5105741243726828
2154.072686,-66.745843,-7.474975,-4.702062,0.5453630317999842,-0.4512904750560457,0.4771579520918886,0.5208035708643836
2155.070642,-66.765778,-8.151766,-4.811357,0.5521039098300148,-0.4420108425629911,0.4494471106544016,0.5457151111446116
2156.073449,-66.641328,-8.98379,-4.852465,0.5508300296666271,-0.44279312764821943,0.441543764765591,0.5527744823357885
2157.072812,-66.407248,-10.052471,-4.722881,0.5328260871483264,-0.4620529634328055,0.4372013361045117,0.558084591747162
2158.07369,-66.091774,-11.380675,-4.499552,0.5117249007850986,-0.4837547087792381,0.43365802539134596,0.5621918930970763
2159.071784,-65.828374,-12.689395,-4.340975,0.5112994498776593,-0.4845676177200425,0.43663788171156526,0.5595663112325142
2160.077538,-65.758869,-13.858496,-4.293788,0.5075720739078654,-0.488442049740412,0.4372073073847593,0.559146424654242
2161.074474,-65.831187,-14.791991,-4.311398,0.487498359098549,-0.5072326852804238,0.4272266060751706,0.5679240969715263
2162.074382,-65.908721,-15.542249,-4.496136,0.4803712357499724,-0.5138146700368023,0.4243630765936031,0.570222710827119
2163.07034,-65.900998,-16.177621,-4.73304,0.4875235436828386,-0.5072478511508457,0.42739540098815015,0.5677619070278979
2164.07426,-65.715504,-16.914217,-4.880571,0.476561271852684,-0.5168373934109102,0.4190978538183536,0.5745654461131633
2165.072242,-65.345903,-17.709196,-4.884142,0.5040603295576668,-0.4896997155220535,0.4174789389303516,0.576045751944604
2166.075142,-64.81291,-18.522243,-4.756695,0.5208753950627922,-0.4739062160373547,0.4276817750225863,0.5667362883501161
2167.073329,-64.244655,-19.464146,-4.573996,0.5175452107642734,-0.47658663527636574,0.4210772472659085,0.5724561867303744
2168.073136,-63.821189,-20.462108,-4.39564,0.5153227275476154,-0.47893143368511626,0.4216500332559088,0.572082527050509
2169.072969,-63.505154,-21.487412,-4.242181,0.5101410515304583,-0.48382932071907464,0.4182809947235728,0.5750706960096086
2170.074599,-63.263067,-22.550923,-4.079894,0.5120795180944082,-0.4820794594618438,0.41960369942348946,0.5738525048680168
2171.073689,-63.060169,-23.601821,-3.890438,0.5201954071477818,-0.4734642835630617,0.41759166451384705,0.575191717865465
2172.075214,-62.998963,-24.670903,-3.705328,0.5284566313844912,-0.4649873674482084,0.41871550870190305,0.5737574920049825
2173.076256,-63.082549,-25.829608,-3.551988,0.5274037515961496,-0.46685221114853165,0.4242022422046579,0.5691632045877302
2174.079215,-63.237614,-27.006363,-3.472967,0.5285685229453546,-0.4662061102194884,0.4290164006776263,0.5649885904113419
2175.072969,-63.542719,-27.978974,-3.398711,0.536588546555952,-0.4576274867574964,0.4288877359818691,0.5645397461590592
2176.073066,-63.881333,-28.840474,-3.294528,0.5403905751275773,-0.4536238654896783,0.42995504320140027,0.5633312309797589
2177.074943,-64.048776,-29.573609,-3.237592,0.5250798254780467,-0.46921631897167726,0.42460039520119464,0.5690709334358965
2178.077804,-64.14784,-30.167502,-3.211062,0.5299272983476696,-0.46469588724431476,0.4311379712507848,0.5633425606058152
2179.076557,-64.149072,-30.620725,-3.364485,0.5251737709078453,-0.4709992178421608,0.4455521579349862,0.5512127735294091
2180.076692,-63.981332,-30.960339,-3.554099,0.5043049866175029,-0.4906509718794634,0.42847052810032704,0.5668783915584411
2181.072916,-63.696317,-31.362188,-3.696136,0.4961477467645046,-0.4994336855215249,0.43296986367759177,0.5629746924097913
2182.076952,-63.361339,-32.087933,-3.811891,0.5160181611933208,-0.4798793503957032,0.436158958949876,0.5596484869185501
2183.077621,-63.185363,-32.869959,-3.814255,0.5378096451727431,-0.45686112462140666,0.43404882782124,0.5600359929824504
2184.076304,-63.165208,-33.603738,-3.827265,0.5500428173133822,-0.4430199952246146,0.4290137492838957,0.5631459720876236
2185.072217,-62.966749,-34.284481,-4.040573,0.5348808675446988,-0.45954771007637285,0.43021219357244356,0.5635918986285898
2186.079298,-62.743677,-35.080615,-4.140082,0.5440940651514095,-0.44973158268626384,0.4306290434873296,0.5623715664102422
2187.077975,-62.445802,-35.927789,-4.190989,0.5426717755451426,-0.4513260536719058,0.42993344831930125,0.5630003262165141
2188.072896,-62.078079,-36.943984,-4.043427,0.5612491347301719,-0.43044947704163194,0.4248745425247024,0.5649728131455918
2189.072785,-61.825138,-38.086213,-3.890551,0.5620243897858049,-0.42934004661842473,0.42282122651500403,0.5665844333053371
2190.074915,-61.509305,-39.235248,-3.684968,0.558841206106631,-0.4335406770190132,0.4276807320975451,0.5628749231576136
2191.072915,-61.23828,-40.49151,-3.460589,0.5537707783902499,-0.4399265543770516,0.4359395354181905,0.5565602152636893
2192.075456,-60.921619,-41.735212,-3.423525,0.5437156087270176,-0.45163798867904553,0.4444248141196246,0.5503481158351432
2193.071979,-60.729576,-42.827572,-3.537069,0.5244751888416321,-0.47277691367803115,0.45228029032047024,0.5448397059413356
2194.074067,-60.621974,-43.686817,-3.54401,0.5153267137576525,-0.48229801820315304,0.4539101907871436,0.5438681259502423
2195.075245,-60.294024,-44.315745,-3.751444,0.5353508339209495,-0.46081746251754924,0.44810972068870647,0.5479456442780803
2196.079475,-60.05342,-45.063034,-3.952544,0.5477011026087044,-0.4460105506533517,0.43334940658273324,0.5597377803235157
2197.073543,-59.91639,-45.629884,-4.046904,0.5646434602222792,-0.4238362681525344,0.40651231456789944,0.5799037150522434
2198.075664,-59.865108,-45.997874,-4.208154,0.5727322889852335,-0.4144673992308374,0.4073818991640048,0.5781301655873782
2199.079516,-59.741182,-46.413838,-4.326134,0.5642302916517757,-0.42335650493811094,0.39972203731586,0.5853509550630268
2200.081546,-59.659108,-47.192648,-4.501265,0.5566979137824309,-0.4321909035178452,0.4012763465647305,0.5850433739428044
2201.072304,-59.505459,-47.940036,-4.53363,0.5566730833219693,-0.4317753024091369,0.3994351070542484,0.586631708814714
2202.079448,-59.302308,-48.831928,-4.392639,0.5511432744792699,-0.4382695500351083,0.4014926440868308,0.5856317522577285
2203.071789,-59.119997,-49.741832,-4.099844,0.5534959882302626,-0.4349047844337718,0.3970815347829152,0.5889195821366988
2204.074692,-58.97767,-50.648648,-3.830121,0.5559891331760436,-0.43197156272418863,0.39597303722006644,0.5894760441124729
2205.074475,-58.934748,-51.602599,-3.678227,0.5497194837350644,-0.4395399424583609,0.4010189220523375,0.5863420097023035
2206.075536,-58.945658,-52.491491,-3.478651,0.5515511629436413,-0.4380490106513826,0.4058987975064593,0.5823663323936851
2207.06958,-59.019526,-53.440635,-3.379852,0.5519395598301075,-0.43782290176488714,0.4072840620355623,0.5812000703686585
2208.075588,-59.171392,-54.391943,-3.229827,0.5508465583628743,-0.43859819375364384,0.4051968338852397,0.5831082398536273
2209.073618,-59.301456,-55.238947,-3.190481,0.54141115562182,-0.4482024514001019,0.40185171854930396,0.5869443921072556
2210.073566,-59.405944,-56.006082,-3.142288,0.5420956230593929,-0.44657701358561064,0.39654612545056817,0.5911450556225167
2211.071796,-59.466597,-56.715195,-3.165975,0.5404248591787041,-0.4479438325353997,0.3942547860275213,0.5931698392278294
2212.0809,-59.505857,-57.437408,-3.153573,0.5482529434239292,-0.4390594179786437,0.39291955887559865,0.5935147494075084
2213.076695,-59.382902,-58.265216,-3.131004,0.546908444236901,-0.4401188932919988,0.39084908378343414,0.5953347857260224
2214.079439,-59.208184,-59.40597,-3.053598,0.5540049374021297,-0.43283152912423506,0.39371264395109323,0.5922210319830583
2215.075939,-59.121209,-60.620618,-2.962488,0.5475091003825265,-0.44031834167588574,0.39637160647867786,0.5909679285372657
2216.076562,-59.040872,-61.792981,-2.844757,0.549578004352655,-0.43767271245053735,0.3944770541474376,0.5922790454330645
2217.074644,-58.900958,-63.120608,-2.793372,0.5521566416059333,-0.4350250983629515,0.3958172504545488,0.5909356235389456
2218.07785,-58.751765,-64.405281,-2.746293,0.5491371874726683,-0.4381115376628016,0.3952365356757364,0.5918570019594138
2219.072616,-58.551727,-65.565971,-2.766148,0.5569832915375815,-0.4286761944714599,0.3910944410090665,0.5941813455951259
2220.075629,-58.299269,-66.700196,-2.792239,0.555121023754676,-0.43081842889143573,0.3929226140764819,0.5931677247291692
2221.07768,-58.007989,-67.68385,-2.763796,0.5552447995343976,-0.43023724256777135,0.3916383243591274,0.5943219250464029
2222.079906,-57.544251,-68.598039,-2.754209,0.5606763773421287,-0.42519087548467255,0.39798202199102733,0.588612800971078
2223.074684,-56.920494,-69.56717,-2.674166,0.5771660862725653,-0.4037393734640726,0.38475282362004987,0.5965224990627317
2224.079648,-56.280201,-70.473999,-2.610392,0.5799224467668805,-0.4013226383411634,0.38995644815042224,0.5920845076817242
2225.074323,-55.805632,-71.242609,-2.596491,0.5816848848513528,-0.39591533118139094,0.37252098498749814,0.6050800451303464
2226.076546,-55.483272,-71.874569,-2.583275,0.5862196527435939,-0.3922492157210059,0.38383520860612247,0.5959510081690695
2227.075432,-55.165629,-72.470629,-2.644104,0.5817162704927074,-0.3987897904093044,0.3906888960063822,0.5915531001073977
2228.08251,-54.799195,-73.148051,-2.717211,0.5781770414384734,-0.4042352235160034,0.3972291122610306,0.5869533415823903
2229.077605,-54.315099,-73.942763,-2.854373,0.5771166071192829,-0.4059409950368231,0.39892304338708834,0.5856694765739671
2230.083484,-53.798076,-74.837017,-2.917354,0.5774634210289801,-0.4054054577034925,0.3977381213094426,0.5865038781585026
2231.07652,-53.168292,-75.621429,-2.891753,0.5843899951322598,-0.39646647978946,0.39317093812272036,0.5888287335111724
2232.075806,-52.502677,-76.220212,-2.850387,0.6306214971083257,-0.321369252254954,0.3175671505840681,0.631022532054016
2233.070605,-51.817149,-76.781848,-2.772589,0.6315993639954685,-0.3194659089376567,0.3164445026585381,0.631574740758643
2234.076383,-51.012097,-77.349003,-2.705893,0.632118144966135,-0.31575817715030624,0.3067777165849297,0.6376604558652078
2235.075354,-50.20088,-77.899708,-2.663952,0.625594858146036,-0.3251033250566903,0.30898854452012703,0.6383298370385474
2236.075329,-49.409676,-78.357206,-2.611486,0.6278694075054841,-0.3197061166281685,0.3018093118290315,0.6422453934459433
2237.075009,-48.597057,-78.78651,-2.596291,0.6325953072752833,-0.31370524562553287,0.30300070968886633,0.6400021609403811
2238.072906,-47.922556,-79.235666,-2.545142,0.6342358288927034,-0.3130964420241899,0.31284273479169866,0.6339124187367129
2239.072913,-47.309764,-79.754954,-2.489378,0.6335374648132651,-0.3149909563064455,0.3175208488361257,0.6313410240729792
2240.072966,-46.745589,-80.369794,-2.405501,0.6336310058490674,-0.31549236135319547,0.31886297222647925,0.6303195406279101
2241.071932,-46.127399,-81.178571,-2.283554,0.6344696418699782,-0.31479320451986376,0.31946035400457934,0.6295225128244151
2242.074827,-45.493572,-82.200605,-2.127479,0.6353275927730533,-0.31414146613702637,0.3221552931972059,0.627606529745747
2243.075988,-44.768037,-83.290891,-2.00803,0.6369668007899744,-0.3115807746785011,0.3209931650955475,0.6278169347063466
2244.080095,-44.059669,-84.406192,-1.865688,0.6384514449203454,-0.3089679140257814,0.31842662123622956,0.6289062469635354
2245.07089,-43.388172,-85.4301,-1.800451,0.6414066452738526,-0.3031766606005796,0.31343058947958563,0.6312231724549587
2246.072919,-42.659721,-86.425908,-1.76202,0.640511671093356,-0.30499635765194405,0.3149826935927091,0.6304822945565765
2247.073877,-41.921262,-87.442772,-1.717791,0.641295518965527,-0.30443932302011595,0.3180405154855241,0.6284162525456286
2248.073676,-41.249836,-88.450459,-1.710475,0.6415122867645696,-0.3028178043667557,0.3142004493361568,0.6309052551101053
2249.074395,-40.57799,-89.271469,-1.637074,0.6425694502901729,-0.3001506680837631,0.3117822822429356,0.6323020532008751
2250.075566,-39.888855,-89.851202,-1.548937,0.6452790088017508,-0.2945968797074615,0.30699810377064285,0.6344917994329692
2251.07531,-39.276619,-90.317897,-1.528831,0.6473735374559076,-0.29073939631879897,0.30620173377133214,0.6345223437085846
2252.072331,-38.659517,-90.806743,-1.481104,0.6478117326936046,-0.2904687826115748,0.3071747465803578,0.6337282701410379
2253.074309,-38.040778,-91.280918,-1.495648,0.6503171295981162,-0.28578140807552244,0.3034190844427849,0.6351011548923059
2254.076265,-37.570219,-91.787252,-1.487886,0.6523350397371412,-0.2832692453039487,0.3042633005130162,0.6337518241054614
2255.076944,-36.985042,-92.374093,-1.427206,0.6524282247209134,-0.28088804054146327,0.2952645052440436,0.638950852735392
2256.079576,-36.122518,-93.074003,-1.420287,0.65197098443563,-0.28384552027828613,0.302305962168676,0.6348044276068464
2257.082456,-35.089927,-93.86133,-1.348547,0.6510035740675598,-0.28592678732615934,0.30599227019323716,0.6330947396895614
2258.08229,-34.005959,-94.554323,-1.356914,0.6522768081314207,-0.28098681468853315,0.29785975298985246,0.6378565223417425
2259.077323,-32.951273,-95.076858,-1.332798,0.6520995818404267,-0.2815633482441093,0.30054564139827017,0.6365222177784603
2260.083388,-31.907087,-95.510285,-1.195841,0.6504225456729495,-0.28375419405292895,0.29901843767099884,0.637982792378045
2261.083264,-30.960172,-95.936257,-1.120563,0.6554472056397819,-0.27523538133503,0.29402820636334553,0.6388911169699546
2262.085344,-30.131116,-96.576589,-1.017858,0.6552450237433642,-0.2753444158391425,0.2943243842921504,0.6389151495596312
2263.082264,-29.321222,-97.307854,-0.869808,0.655267204763773,-0.27511932505306236,0.2939182282398361,0.6391762843314626
2264.086592,-28.475253,-98.038775,-0.787207,0.6496147766083422,-0.28671160422245645,0.3049615779544605,0.6346617476954197
2265.081452,-27.744017,-98.715012,-0.702301,0.6512694806853496,-0.282396835319081,0.2972217167328451,0.6385603667876542
2266.083043,-27.106222,-99.165685,-0.66382,0.6546645525415995,-0.27474856225155336,0.289708834765675,0.6418694121430982
2267.085096,-26.356202,-99.507613,-0.596453,0.6548779683673677,-0.27466238636430096,0.2903444285115317,0.6414012261416473
2268.084042,-25.507291,-99.990287,-0.55137,0.6564233602815039,-0.2720264592282161,0.2880334810708278,0.6419865195926777
2269.077964,-24.69922,-100.737365,-0.456215,0.6559885658222968,-0.2723772737818069,0.2871684862985575,0.6426693416638077
2270.083893,-23.856493,-101.534892,-0.391992,0.655096825805911,-0.27272928491091564,0.2844673125813013,0.6446279811207181
2271.081947,-23.009437,-102.340588,-0.329291,0.6550625553939109,-0.27214987831018644,0.28268687390061803,0.6456900367675239
2272.080655,-22.119239,-103.102116,-0.253346,0.6519723934223477,-0.2768268328874722,0.28482366354587974,0.6458903803997474
2273.084352,-21.212599,-103.820449,-0.209067,0.6512496007309714,-0.27752156265956723,0.28488419108901064,0.6462946212636326
2274.087476,-20.283044,-104.440071,-0.202541,0.6526762143932812,-0.2732201079236299,0.27928354779723574,0.6491265144186031
2275.078464,-19.277709,-105.108784,-0.178051,0.6512127644389913,-0.27567460761353785,0.2808710795351946,0.6488735491831851
2276.079454,-18.342838,-105.841793,-0.180527,0.6555502267812197,-0.26891287324825086,0.2803111762262225,0.6475842889162254
2277.080257,-17.675002,-106.790884,-0.146521,0.6587801585710135,-0.26254897787992504,0.27613460893628516,0.6487113492416808
2278.08208,-17.11485,-107.700874,-0.064943,0.6547822634220597,-0.2682700177739795,0.27799259349608846,0.6496241244233097
2279.076818,-16.569162,-108.452854,-0.056884,0.653605236805272,-0.2686345562378517,0.27558857915348917,0.6516798329362187
2280.079365,-16.060353,-109.082815,-0.027755,0.6536768630854359,-0.2679018245353334,0.2745919648699719,0.6523299961723913
2281.074563,-15.571466,-109.634561,-0.048567,0.6538701494573557,-0.2664173964871563,0.2734363978680111,0.653229006412443
2282.078319,-15.018995,-110.173841,-0.104312,0.6531795425398532,-0.27098897105052,0.28105682840001145,0.6487900446108394
2283.075059,-14.44843,-110.698675,-0.081634,0.6542935190598677,-0.2631432608386745,0.26325881252708094,0.6582935612766354
2284.07807,-13.814343,-111.28094,-0.058257,0.6526530331317404,-0.2681208702145355,0.27040298369226,0.6550094989461321
2285.073916,-13.155869,-111.853999,-0.07454,0.6585152812980719,-0.25625935167862357,0.26320233510486785,0.6568205993797072
2286.083049,-12.399213,-112.403674,-0.146226,0.6584767919898886,-0.2575455275453163,0.26479541419061464,0.6557148803220272
2287.079935,-11.696774,-112.928934,-0.116879,0.6570944073256456,-0.2618018555775815,0.27182713500463035,0.652531023747276
2288.074595,-11.077976,-113.386389,-0.203753,0.6582941849561377,-0.26347386086745656,0.2790574936580136,0.6475779535514149
2289.074291,-10.639763,-113.804755,-0.187851,0.6556295310200388,-0.26348463485268,0.27429505257162135,0.6522944039202891
2290.082296,-10.085076,-114.068158,-0.320697,0.6632844792763926,-0.2443198345236919,0.24781319086672654,0.6625331240336683
2291.079055,-9.726326,-114.563073,-0.253385,0.6590652225462065,-0.2525874376051094,0.25492466759921667,0.660943290036016
2292.077944,-9.089243,-115.380536,-0.059172,0.6570442575193228,-0.25737207710131005,0.2580008692544155,0.6599151529199836
2293.076957,-8.584709,-116.36908,0.174967,0.6563303832441187,-0.2577496896308975,0.2575416514306663,0.6606571147760155
2294.078895,-8.033228,-117.259343,0.288549,0.6534576588103835,-0.26329178463698605,0.26093439127787393,0.6599877027135951
2295.077882,-7.519721,-118.017545,0.256986,0.6573585205381864,-0.2543166536672682,0.2520333388436264,0.6630852217133658
2296.080306,-7.139094,-118.82669,0.217838,0.6603442406324259,-0.24368443039754306,0.23793491572399006,0.6692909368315304
2297.078137,-6.375741,-119.636286,0.245894,0.653468942287727,-0.25408412678662906,0.23807496063662556,0.6721159952703883
2298.079221,-5.441984,-120.49274,0.369518,0.6536688382095565,-0.25437164450742744,0.2381574293610936,0.6717835628120649
2299.082189,-4.460026,-121.192099,0.460052,0.6514257218659231,-0.2603820300967832,0.24556855065474825,0.6689856607009341
2300.081942,-3.534601,-121.902319,0.566429,0.6534720444167432,-0.2571182710893922,0.24596368618602063,0.6681065385966438
2301.075547,-2.630331,-122.43594,0.654008,0.6552319230984557,-0.25180475612685466,0.23950182005732773,0.6707491110197779
2302.075935,-1.661289,-122.841798,0.729067,0.6550870321448157,-0.2523028936088551,0.2409032893281195,0.6702013394370296
2303.078889,-0.855644,-123.134748,0.793555,0.6577307552296066,-0.24853382714730934,0.23962124233772403,0.6694795371100811
2304.079564,-0.28852,-123.463506,0.739515,0.6571952500985817,-0.25069135089317157,0.24225805819393623,0.6682509132618696
2305.075067,0.415301,-123.714526,0.654028,0.6580320262894461,-0.24644383471563158,0.23590681991602244,0.671272866295942
2306.0799,1.127713,-123.877179,0.466305,0.6562859428982544,-0.25130778439188983,0.24225791206344627,0.6689127467023245
2307.075843,1.953586,-123.844663,0.166495,0.659972573769163,-0.2450699184385944,0.24192640849462546,0.6677189152794005
2308.078918,2.67279,-123.762541,0.06031,0.6610297969175807,-0.24436467955091418,0.24740125967586465,0.6649196400211655
2309.075543,3.253607,-123.644956,0.004951,0.6656707108372787,-0.23437507623755394,0.23841751962144167,0.6671640837976759
2310.077497,3.801683,-123.741005,0.029568,0.6646258706940436,-0.23856903743896757,0.24322515092991642,0.6649802946965786
2311.075398,4.449124,-124.104608,0.07746,0.6640524510943813,-0.23930608112876176,0.24060525371138997,0.6662402371643554
2312.081403,5.209399,-124.704976,0.143926,0.6630564514645831,-0.23953937816405801,0.23521848538266682,0.6690659852467883
2313.079264,5.835441,-125.465554,0.123548,0.6727375731560041,-0.21631176621695844,0.21162984943151367,0.6751638203353795
2314.075302,6.247008,-126.203953,0.112784,0.6680759367647094,-0.22652694633959083,0.22027181961177988,0.673676785100193
2315.076306,6.602616,-127.028704,0.113898,0.6659439114819724,-0.23102057824762134,0.22263016311459002,0.6734864584071432
2316.078169,6.937249,-127.825522,0.09804,0.6331293100417452,-0.30181831314315677,0.2892285372494219,0.6514597730159882
2317.079034,7.196046,-128.57205,0.014818,0.5755220405799313,-0.3983360865524652,0.3693764290009498,0.6112804566279584
2318.078106,7.351704,-129.298984,0.008198,0.523481192089426,-0.4616612443560474,0.3885839609594679,0.6015304167482391
2319.078092,7.616624,-129.85243,-0.046273,0.5296187251451563,-0.45339375261114223,0.3795965111338413,0.6081485014400851
2320.079103,7.97787,-130.309349,-0.090946,0.5390404519097856,-0.44349182341988447,0.38016903370264743,0.6068129032726608
2321.079068,8.442593,-130.921854,-0.070632,0.5196286846513671,-0.46505368329840374,0.3826487449242621,0.6060454106302307
2322.081037,9.149474,-131.375387,-0.079417,0.5395887847181778,-0.4416498864890799,0.3714073114482457,0.6130627457066109
2323.076919,9.796402,-131.910703,-0.161966,0.5602923876265185,-0.41721145958094125,0.36400040979880655,0.6160444302389373
2324.0849,10.363387,-132.566262,-0.229637,0.5526048605240986,-0.428253992059757,0.3741829826244371,0.6092729125148297
2325.085927,11.090187,-133.070168,-0.242227,0.5598437588248065,-0.41865395586974746,0.36746453474645996,0.6134114823208733
2326.084679,11.813173,-133.596402,-0.2811,0.5426460547891658,-0.4405920825952384,0.3802349741110223,0.6056692500358051
2327.079409,12.491206,-134.161125,-0.334349,0.47371106393744955,-0.5135186064127569,0.38897496201056064,0.6004955850795514
2328.083504,13.130394,-134.775047,-0.391295,0.4352515626606585,-0.5470354606984376,0.3751119254184869,0.608768696097901
2329.083459,13.81879,-135.409513,-0.46553,0.45515283412063595,-0.5303868306620815,0.38339368530278395,0.6037673306184553
2330.076154,14.471749,-135.898862,-0.532868,0.434321466793105,-0.5482464296604056,0.3760651411182966,0.6077546589562102
2331.08121,15.071805,-136.619545,-0.636278,0.4886565374621043,-0.5009750076845103,0.3968229288950293,0.5939447728318035
2332.082082,15.558579,-137.375744,-0.693091,0.5060637148854144,-0.4845718233443885,0.40218906405897387,0.5893501686166175
2333.077925,16.045823,-138.29131,-0.747487,0.4893290837134213,-0.5005408146870753,0.397164680509639,0.5935285647888051
2334.082952,16.40051,-139.21919,-0.767386,0.5093143019745756,-0.4818668235911562,0.40446232545076133,0.5872082538736004
2335.081517,16.581214,-140.427566,-0.767846,0.44154998963322206,-0.5437221005425451,0.3844198579862258,0.6013495296600421
2336.080613,16.970009,-141.62544,-0.754286,0.3848278345910781,-0.5835513635720799,0.3390796709391507,0.6296033041153019
2337.081261,17.320256,-142.756464,-0.762252,0.357266335478764,-0.6007493337629141,0.31736455080361325,0.6408905877060537
2338.080195,17.497251,-143.841872,-0.850618,0.3899024354075507,-0.5814351137955558,0.3479367169057242,0.623577854271362
2339.083053,17.568334,-144.8954,-0.95218,0.3974650350234214,-0.5770909626575909,0.35707914288612014,0.6176423337729364
2340.08224,17.608741,-145.884443,-1.043109,0.43270140892118725,-0.5514686653247348,0.38196354341193994,0.6022920001019191
2341.084973,17.679904,-146.898896,-1.152709,0.4699088478545973,-0.5210536375220871,0.4036092497908764,0.58718681440936
2342.08593,17.894134,-147.933219,-1.217016,0.4925730147550841,-0.5003843280024296,0.4120243359193668,0.5807093042433965
2343.084577,18.294677,-149.020815,-1.292215,0.49483661014070557,-0.4984144313902427,0.41364465413364127,0.5793253696784362
2344.084303,18.794379,-150.032544,-1.263608,0.47653125050763606,-0.5162967371781627,0.41397380650316407,0.578775719945207
2345.080422,19.09527,-151.152984,-1.249654,0.45132992824153473,-0.5391784048784396,0.40837569501662546,0.5820800935489212
2346.07528,18.998978,-152.157432,-1.322613,0.4514131585838666,-0.5405831686176523,0.41910271714701836,0.5730173736847969
2347.079495,18.780961,-153.039696,-1.434316,0.4908589865498779,-0.5061138819255456,0.44443743240296324,0.5526133933633377
2348.084398,18.650818,-153.981693,-1.687215,0.4347724010507654,-0.5533790301978143,0.4032111567994521,0.5849490330399107
2349.077365,18.680332,-154.822795,-1.987561,0.41420432290379977,-0.5692185191676672,0.38962000825916254,0.5938192532147328
2350.076306,18.702621,-155.727087,-2.129259,0.45144719382866055,-0.5406133078283409,0.4186868938394913,0.573266052989505
2351.080449,18.46099,-156.514278,-2.276816,0.4951062446873097,-0.5022094407270901,0.44517023034574765,0.5517961128262208
2352.088359,18.184035,-157.137923,-2.498526,0.5093529113860451,-0.4879823565970821,0.44533160109100417,0.5514640481320979
2353.080322,17.945745,-157.823324,-2.727893,0.5340183144292463,-0.46244826653526366,0.44391593325994494,0.5512755071927543
2354.085086,17.757054,-158.781192,-2.716079,0.5321501861450586,-0.46451463343537225,0.44377346826905756,0.551459376174377
2356.084413,17.994491,-159.895454,-2.654125,0.5140839228765193,-0.4819543207010533,0.4309812493296077,0.5636425425070091
2357.084397,18.585915,-161.053877,-2.604888,0.5181480121379468,-0.47870904273178533,0.4417237780450227,0.5542926968975359
2358.081502,19.216164,-161.942327,-2.635177,0.5286655036681912,-0.468538580760831,0.4513357256006211,0.5452343040991138
2359.073146,19.409382,-162.792881,-2.689924,0.5410436419072474,-0.455900304364174,0.4572691911838069,0.5388242541186347
2360.086439,19.236355,-163.677311,-2.630773,0.5330485341028081,-0.46479358579244806,0.4627861981949249,0.5344671343098033
2361.082373,18.875833,-164.429458,-2.503009,0.5370554112720576,-0.46084992561179366,0.4682643843367208,0.5290721100651189
2362.081227,18.285573,-165.204092,-2.399361,0.5420641966988444,-0.455502033530731,0.46819225477131104,0.5286589795688342
2363.077947,17.917836,-165.901752,-2.553034,0.5360876369326497,-0.46117569716577084,0.45715214891734235,0.5393875551140281
2364.085013,17.943555,-166.458471,-2.655903,0.529218889132691,-0.4686949862287309,0.4606713090435174,0.5366882915560411
2365.082124,18.091727,-167.342193,-2.790412,0.5311350487994613,-0.4663753347225456,0.45478720902125963,0.5418101158246129
2366.085103,18.279882,-168.170117,-2.813218,0.5460760563238516,-0.45056645061365125,0.45667491722205406,0.5387381871293663
2367.08192,18.384994,-168.997227,-2.960466,0.5356286216504665,-0.46163349596605086,0.4553078754535972,0.5410094579773216
2368.083639,18.605945,-169.647606,-3.102057,0.5336683104969266,-0.4636253841029578,0.45451680704848124,0.541907842439279
2369.077606,18.779426,-170.44964,-3.142771,0.5347068318141653,-0.4623664388715084,0.45132009220366454,0.5446246914984789
2370.081652,18.844503,-171.319687,-3.181234,0.5394714174254962,-0.4572735308606193,0.4507102090837797,0.5447309566959125
2371.079671,18.831081,-172.231592,-3.16676,0.5456892138769514,-0.45081262752485174,0.4532429685823847,0.5418136839847454
2372.081584,18.730292,-173.077655,-3.129111,0.5422776300124491,-0.45472528299235915,0.45721292709724237,0.5386243851616561
2373.078466,18.421215,-173.838707,-3.156995,0.5538419156372592,-0.44216251723456207,0.4575831939257067,0.5370000572372371
2374.08228,18.120588,-174.556712,-3.185188,0.5504566608148767,-0.4461672409915149,0.4630938881887149,0.5324249321292285
2375.075314,17.804181,-175.175059,-3.197351,0.5434606187323145,-0.4542171191195335,0.47242669946222504,0.524547784497342
2376.077992,17.497704,-175.599269,-3.279072,0.5540025770358683,-0.44202154075531613,0.4592585173862332,0.5355181755590676
2377.081058,17.235948,-176.100868,-3.3537,0.5547846392656098,-0.4411760852628377,0.4581873866416737,0.5363226496704739
2378.086304,17.014762,-176.76221,-3.478552,0.5569932862528816,-0.4386407780500464,0.4555196462722993,0.5383814621259028
2379.082293,16.816564,-177.537416,-3.509335,0.5587604965117777,-0.43658905490955846,0.45304138004908084,0.5403056659283839
2380.082256,16.594439,-178.247102,-3.329443,0.5635732403810079,-0.43150783433669254,0.4588513408904506,0.5344545243475295
2381.079378,16.217173,-178.947285,-3.208511,0.5583507580238531,-0.43728191520725124,0.45917459524092324,0.5349650911341797
2382.086678,15.702022,-179.387512,-3.086509,0.5602289325451385,-0.4352967988230257,0.4605873527549305,0.5334037219179919
2383.082557,15.178169,-179.796146,-2.900998,0.5643920439804684,-0.4294408547113217,0.44317737025053316,0.5483028282748323
2384.085626,14.874812,-180.395427,-2.902509,0.566306188318085,-0.426792890160542,0.4351179092123946,0.554813063169648
2385.0825,14.879912,-181.240839,-2.900764,0.5651663400042662,-0.4284619054243606,0.44167416937795173,0.5494827857454724
2386.085548,15.082162,-182.156653,-2.802436,0.5640752854781819,-0.42959653049580443,0.439902086513592,0.551137049725078
2387.082248,15.265433,-183.109074,-2.688433,0.5699566764804517,-0.423051548859322,0.44424253411637127,0.5466491972233665
2388.078879,15.359062,-183.868102,-2.685683,0.5617885002048951,-0.43188101070548446,0.4405154131528077,0.5511974640764914
2389.077651,15.45087,-184.575257,-2.816513,0.5676716738639831,-0.4249060198739954,0.43760975376667616,0.5529027476650596
2390.083514,15.472046,-185.305963,-2.891312,0.569418754162527,-0.42415035404634227,0.45308207146221996,0.5390504578329026
2391.082336,15.371604,-186.145055,-2.947692,0.5735308914312609,-0.4203313143095054,0.46279225966518267,0.529346037275147
2392.085817,15.236639,-187.138735,-2.935031,0.7321303037825138,-0.15509843218156916,0.5992567159188142,0.28429049059780553
2393.080781,15.048876,-188.142887,-2.99163,0.7416263362912647,-0.12999326228040514,0.6011447544032146,0.2678005103325843
2394.080822,14.864018,-189.050633,-3.126353,0.7440450021806461,-0.11354746198110786,0.6111194570774904,0.24502452487243986
2395.081512,14.790413,-189.855879,-3.297782,-0.47841069873544656,-0.5795855276559769,-0.4141541223755385,0.5134979867405052
2396.086387,14.88545,-190.486585,-3.512411,-0.4259663796092154,-0.6188680042889823,-0.3613682881270859,0.5522390759861979
2397.084216,15.275797,-191.046957,-3.6438,-0.44180516007234866,-0.6070713787529114,-0.3783210765565743,0.5414293164075621
2398.085219,15.774721,-191.720728,-3.613077,-0.38711141601623195,-0.6428156877310555,-0.32315964930706587,0.5766286363479465
2399.08809,16.227714,-192.649441,-3.466187,-0.4043862487220526,-0.6326548538630444,-0.3400499252452704,0.5662028312086775
2400.091108,16.485701,-193.744665,-3.38198,-0.48521342950136914,-0.573155439273861,-0.42196504207207736,0.5079431794319295
2401.07781,16.682396,-194.780889,-3.442133,-0.42731863406304854,-0.6177502611629496,-0.36314881729305704,0.5512770050657401
2402.088913,16.88715,-195.736601,-3.549715,-0.4704040062948573,-0.5850169378749067,-0.40751932953156866,0.5200031243361488
2403.083585,17.119893,-196.757423,-3.472173,0.5485372295870555,0.5118658716503798,0.4863972477048655,-0.4477923119278476
2404.088198,17.366398,-197.881799,-3.396936,-0.5028428144186295,-0.5557726885425819,-0.4419417655981813,0.4929029300761603
2405.085222,17.772413,-198.896135,-3.472782,0.531167817272436,0.5273320802964483,0.47181571553518115,-0.46601669236013576
2406.084892,18.337645,-199.679791,-3.570696,0.5882899020097128,0.45989865959787507,0.5308611395058603,-0.40074264142466787
2407.08181,18.877417,-200.580668,-3.602934,0.6109492814523128,0.4305568030234863,0.5519262160631412,-0.36978272929562334
2408.083394,19.281044,-201.541671,-3.636736,0.5838454355176823,0.4665921244662765,0.525565707740016,-0.4064443180300972
2409.086877,19.484114,-202.475095,-3.65445,0.5523032566082061,0.5047398281596456,0.4933073135884649,-0.44367410671513563
2410.075852,19.532729,-203.244177,-3.69265,0.6224924964544293,0.41533485965668565,0.5618345950689803,-0.35262151663727004
2411.07738,19.547009,-204.043698,-3.72981,0.5557532608808881,0.5003039997445067,0.4973682057146118,-0.43983984449357927
2412.086472,19.506808,-204.845104,-3.803454,0.5500259578834557,0.5062548867044699,0.49205077384570045,-0.4461652959387123
2413.083327,19.375927,-205.637518,-3.933383,0.5297485655427616,0.5270897481666901,0.47225090274948617,-0.4674633028754845
2414.082071,19.250635,-206.295045,-4.092795,0.5428064399213653,0.5131258806183859,0.48578062017695783,-0.45396055828671883
2415.083531,19.096083,-206.873104,-4.219277,0.5290126024359197,0.5269527893880722,0.4724363042104777,-0.4682631340219411
2416.084123,18.819364,-207.498056,-4.25428,0.5424262866891816,0.5130673491189612,0.4858112960333361,-0.45444802059535705
2417.07969,18.371188,-208.273775,-4.241579,0.6043999106444112,0.43819713560903195,0.5469152974589796,-0.3789032538292898
2418.082433,17.831064,-209.177191,-4.274556,0.6190604899093038,0.41695223526022923,0.5613446448378848,-0.3575012350420346
2419.082415,17.214733,-210.126707,-4.377198,0.6557434488257822,0.3569418311132665,0.5960285576367498,-0.29553852034046757
2420.082516,16.568647,-210.950903,-4.522229,0.692272196934391,0.2785622775208454,0.6301109743203892,-0.2147613161978692
2421.08138,16.118839,-211.754433,-4.663312,0.7133928846036821,0.21759573623869455,0.6487095963794532,-0.1513226596805147
2422.084581,15.975448,-212.628209,-4.715238,0.7173640763454291,0.20398635039130855,0.6519523860814386,-0.13688110572983558
2423.080294,16.121429,-213.460878,-4.70292,0.6758463751159519,0.31928969885266256,0.6135618530186531,-0.25461268226370987
2424.083645,16.350787,-213.912957,-4.738236,0.7431382724332609,0.08174908521853638,0.6641254297451284,-9.314874908045168e-05
2425.084288,16.517181,-214.04458,-4.885906,0.7470808725382553,-0.018068991186576094,0.6548075249460357,0.11300790555985696
2426.084508,16.69628,-214.15945,-5.134443,0.7264827819708467,0.16726982274125815,0.6592890667738196,-0.09788513846602832
2427.279994,16.884361,-214.625515,-5.31597,0.7442277425090841,0.04209736739017256,0.6654990839751413,0.038260268777115775
2428.276854,17.153119,-215.347459,-5.370818,0.7335506635304715,0.1360516344380603,0.6628393473333121,-0.0635403527491497
2429.278595,17.571684,-216.189308,-5.327564,0.730131305540034,0.1542087596196347,0.6604965145924057,-0.08289927224206114
2430.27759,18.164316,-217.277895,-5.165854,0.6833993304428139,0.29952769234318266,0.6222686062579278,-0.2367071995856855
2431.278127,18.799408,-218.356455,-4.998847,0.7423793556614777,0.08107045942943124,0.665053038586937,-0.002220081492279952
2432.277067,19.214646,-219.182201,-4.983069,0.7449623275786948,-0.023623149624322548,0.6570930920862915,0.11270202137866267
2433.279876,19.359655,-219.690278,-5.076523,0.7409089123240282,-0.0864024188437709,0.6383203198342247,0.19009412127549954
2434.27965,19.362948,-220.366826,-5.12615,0.7455838656817484,-0.04703338498089621,0.6487172300164094,0.14511552436640376
2435.282498,19.280809,-221.278279,-5.012067,0.7137585693532693,-0.22404187610736198,0.5135221958466282,0.4202962012651615
2436.28048,19.399364,-222.302238,-4.938483,0.7183752626040938,-0.22024888231276032,0.38415625926068986,0.5365178285847665
2437.283346,19.907453,-223.232079,-4.935358,0.718981045052207,-0.21610223301002754,0.3657388434618531,0.5500919742433098
2438.286426,20.637745,-224.05469,-4.94776,0.7238794305209939,-0.2072949406455064,0.37017799762285264,0.544054802136065
2439.288613,21.33913,-224.964913,-5.017825,0.7240524269680111,-0.20835940069218392,0.3854484429246809,0.5326949793191843
2440.285431,21.94622,-226.0758,-5.022478,0.7262423346721752,-0.20432287838452634,0.38395819242137513,0.5323535847264301
2441.285231,22.289133,-226.916848,-4.969845,0.7441213033223386,-0.13807906766277367,0.22388217168810573,0.6140801496673385
2442.284024,22.607072,-227.470073,-4.97125,0.7528981754857871,-0.09151580726388046,0.14159227464692353,0.6361767224060649
2443.282898,23.296013,-228.043861,-4.987349,0.7529207034442836,-0.08821293968199476,0.1352687931518727,0.6379900039944684
2444.286872,24.020325,-228.712751,-4.941509,0.7529099026551878,-0.08626286980291631,0.13511298189252316,0.6383023405105387
2445.28347,24.549463,-229.327559,-4.82931,0.7535275200665482,-0.07348390229030358,0.11318948270927397,0.6434162988381269
2446.281288,24.915274,-229.868171,-4.741253,0.7583643296855034,-0.025798734337920855,0.03395468329459282,0.6504345072715487
2447.280224,25.326707,-230.299415,-4.690007,0.75828159479099,-0.017982834614764538,0.024799358790605748,0.6512070580575933
2448.282012,25.932232,-230.669781,-4.675967,0.7577816978290666,-0.011643515977832053,0.01685305213100983,0.6521865542962694
2449.28107,26.718206,-230.959745,-4.65146,0.7567047597347534,-0.013335417746816647,0.02290517852903218,0.6532192786689935
2450.284348,27.547884,-231.121913,-4.629242,0.7551146951319223,-0.01117879318046676,0.02042122361355636,0.655179216249247
2451.28121,28.370268,-231.243555,-4.578902,0.7551219806021808,-0.009523504488855236,0.022673664273004157,0.6551228909312554
2452.287365,29.076234,-231.449384,-4.520952,0.7539933474076811,-0.01110032958972062,0.027657791475544757,0.6562056547444977
2453.290289,29.805758,-231.633141,-4.465951,0.753217620693435,-0.0068636469909410195,0.02313160030951703,0.657328711752366
2454.287351,30.586015,-231.584108,-4.419166,0.7541739570769558,0.015862486495322452,-0.010735152221895855,0.6563952928653927
2455.285133,31.385718,-231.397816,-4.317784,0.7510795126304868,0.07654140309362005,-0.11167462754188934,0.6461809010506196
2456.278992,32.230299,-231.167703,-4.182951,0.7457024616092655,0.12832414735736133,-0.20749235297391583,0.6200061898176793
2457.278956,33.154462,-230.883746,-4.125502,0.7430946067739145,0.13603215712628783,-0.21543445364982983,0.6187840122301882
2458.275034,34.050338,-230.534692,-4.039884,0.7420068888694634,0.12729921858061718,-0.18900635556321355,0.6304738562190635
2459.279217,34.939983,-230.111013,-3.949402,0.7419611622964845,0.13116581925958096,-0.19309624307871545,0.6284926430838299
2460.280103,35.753835,-229.529901,-3.839922,0.7414144881400296,0.1270055119184681,-0.17751349114871878,0.6345574183465035
2461.281103,36.699154,-228.990584,-3.672735,0.7395860973670899,0.1345717930501681,-0.19081551534973712,0.6312624463710752
2462.275948,37.783815,-228.452051,-3.548157,0.7384712230780208,0.14072898257395877,-0.1986019359575302,0.6288186361609136
2463.272556,38.708116,-228.032138,-3.505373,0.7381612289934625,0.14495832080314286,-0.20066793259849514,0.6275647106613309
2464.27249,39.362746,-227.862491,-3.504646,0.7387702624009096,0.14461207582002403,-0.19327225999525796,0.6292469153165873
2465.278571,39.751782,-227.767468,-3.550231,0.7357601034848693,0.1533546065191936,-0.20512405184174637,0.6269478113330507
2466.277541,40.154598,-227.28339,-3.521922,0.7339075810780469,0.16235558291814253,-0.2202685489437239,0.6216929253881747
2467.284397,40.830514,-226.640678,-3.402689,0.7336719399536313,0.16249288733372438,-0.21841018353038977,0.6225901844880356
2468.283602,41.636556,-225.81267,-3.280327,0.733834043112983,0.16338431924368635,-0.21881700608907773,0.6220227320926
2469.285213,42.524586,-224.940862,-3.116204,0.7344710053333015,0.16026820833540342,-0.21292099598328743,0.6241242610178955
2470.279872,43.404248,-224.21364,-2.928647,0.7355269504926927,0.15661599437614881,-0.20351273592416086,0.6269402696598401
2471.284637,44.280349,-223.620146,-2.761649,0.7334296269376982,0.16316162629692085,-0.21412667807352703,0.6241866962466989
2472.281335,45.194249,-223.077952,-2.642265,0.7322848751417607,0.1623011642057683,-0.2099173899479641,0.6271777125612029
2473.282174,46.037508,-222.437092,-2.547485,0.7281272409162353,0.17162616019544108,-0.2240245378999717,0.6246504531263735
2474.282542,46.923319,-221.827385,-2.437133,0.732204794045548,0.15830262566227563,-0.19763466280154698,0.6322633615388963
2475.281432,47.941915,-221.319394,-2.340845,0.7262425732205198,0.16913337369778972,-0.20852484161128895,0.6328372754307608
2476.279273,48.914539,-220.804143,-2.22961,0.7232378567723907,0.17187049478190147,-0.2055840035428132,0.6364925396593522
2477.285112,49.824491,-220.209566,-2.124548,0.7217060991467895,0.17956965052282484,-0.21704585983877117,0.6322864396713593
2478.283045,50.585512,-219.531806,-2.044343,0.7239419465434509,0.17263913758310892,-0.19957583329653086,0.6373956957600473
2479.284239,51.194209,-218.718236,-1.919879,0.7190795223492535,0.18401543391833655,-0.21820169803479994,0.6336015937421131
2480.283241,51.836802,-217.761288,-1.833617,0.7151555859227439,0.18884530151087622,-0.22412104367902555,0.6345547240396114
2481.280244,52.507827,-216.855436,-1.700918,0.7149545299887612,0.1839257088911544,-0.2113864606497487,0.6405678089877824
2482.280072,53.32916,-216.100314,-1.654034,0.7149491325373158,0.19425578945881009,-0.23010380514724058,0.6310029041158486
2483.28435,54.12835,-215.627119,-1.631887,0.7200538811710119,0.1858999739879353,-0.21627877025330283,0.6326034314004046
2484.282395,54.959366,-215.299972,-1.698397,0.7180470718062885,0.19093194097636565,-0.22564562410321576,0.6301090769926131
2485.284444,55.823048,-214.825749,-1.706625,0.718499698882968,0.19043888293115374,-0.2255071935062714,0.6297918070679736
2486.285215,56.681755,-214.38252,-1.609277,0.7198173976564837,0.18908568416248284,-0.2258443372309886,0.628572870410861
2487.287203,57.479949,-213.940205,-1.431125,0.7189690071928101,0.189938656678949,-0.22689729952465448,0.6289073770147721
2488.281059,58.244201,-213.484742,-1.266049,0.7179608897132927,0.19318457855781118,-0.23257827442136608,0.6269922054672751
2489.279014,58.955152,-213.006561,-1.167804,0.7174747579185802,0.1942327064938025,-0.2338128628624197,0.6267656441109758
2490.282213,59.655156,-212.62121,-1.14948,0.7165934458871622,0.19687610104637804,-0.23952241306581337,0.6247900829778502
2491.281172,60.448715,-212.149242,-1.169312,0.7176811717637177,0.19343829018443431,-0.23288377704424268,0.6271208097137164
2492.278784,61.264765,-211.696269,-1.122428,0.7179464587268667,0.19559232015123051,-0.2400330004130547,0.6234426079537047
2493.280551,62.101964,-211.158052,-1.050726,0.7170917874896273,0.19553742200260085,-0.24079511716596413,0.6241491780500377
2494.278548,62.95968,-210.579102,-0.964259,0.7158088237165057,0.19872045277938286,-0.24418870689531894,0.6232975091892649
2495.283679,63.886649,-210.021781,-0.876653,0.7167370310848369,0.19555406338507508,-0.24250878882381144,0.623887909730977
2496.28145,64.838829,-209.42234,-0.669491,0.7157461000323035,0.19835088883725488,-0.24784087793439782,0.6220444874852004
2497.277378,65.757456,-208.751694,-0.461598,0.7160048554496452,0.19616661922029738,-0.2443672644465174,0.6238111449334145
2498.279475,66.646506,-208.114062,-0.295627,0.7151864663717612,0.19749098093103684,-0.24673177483847425,0.6234012047266407
2499.282442,67.494809,-207.484808,-0.193615,0.7135521440874755,0.20159578166470649,-0.25339454267336126,0.6212838998610224
2500.282466,68.43731,-206.867022,-0.058991,0.7141223611981646,0.1990762429592921,-0.25030325708556267,0.6226926868193732
2501.282429,69.441791,-206.256312,0.110815,0.7136835294645263,0.20049583165621054,-0.2524447378955324,0.6218753054820533
2502.275048,70.441151,-205.617804,0.289392,0.7142544220059323,0.20131898889000682,-0.25397856122414597,0.6203274746420553
2503.278016,71.421186,-204.994584,0.521693,0.7140279667255938,0.20043308947213523,-0.25072428249558587,0.6221960893042023
2504.278241,72.421191,-204.410051,0.694463,0.7133918412500901,0.2010413844919805,-0.24983688106650334,0.6230858491558894
2505.274184,73.373304,-203.918596,0.774292,0.7135918233823371,0.20038850423251964,-0.249509476589307,0.6231983456857496
2506.27332,74.306007,-203.485462,0.829536,0.7122887439588726,0.20391465255754657,-0.25630242470296943,0.6207838809063951
2507.282407,75.209698,-202.913588,0.93281,0.7129749289923248,0.20274007386742265,-0.25400613998883315,0.6213244675083983
2508.283299,76.097952,-202.290643,1.006639,0.7135834287982449,0.20202970600885511,-0.25525933471697393,0.6203429374743971
2509.287064,76.968423,-201.660533,1.103452,0.7130483389294905,0.20312707989985015,-0.2552155235274671,0.6206178311262537
2510.284254,77.790784,-201.160773,1.121178,0.711137806118425,0.2088635386156483,-0.26437264970759217,0.6170625130670391
2511.285228,78.593341,-200.593639,1.174148,0.7088382609439632,0.2125511441476734,-0.270241312448113,0.6159058077253163
2512.285337,79.344954,-199.904884,1.317356,0.7110858963871863,0.20783474918606606,-0.2617384274913704,0.6185907860325284
2513.28738,80.185751,-199.232149,1.465482,0.711131781710557,0.20587782754377612,-0.2587012153339384,0.6204672355183368
2514.286551,81.271434,-198.772573,1.618318,0.7109916560586589,0.2074586905746753,-0.2648958647363733,0.6174803135044679
2515.285608,82.346568,-198.224769,1.876761,0.7103116320522002,0.2091768209775037,-0.26465902673902336,0.617784786558101
2516.281406,83.250018,-197.558996,2.026856,0.7095075605666462,0.21122347840679387,-0.26672420744508657,0.6171238618229667
2517.285327,84.025512,-196.931843,2.074023,0.7086516633623219,0.21375770497932906,-0.2717798437987029,0.6150253491365516
2518.287243,84.828089,-196.276368,2.177675,0.7099705788458527,0.2094962324201539,-0.26469409095097857,0.6180535122387711
2519.284996,85.682229,-195.558373,2.373988,0.7089629028833931,0.21217452765112949,-0.2688818362052887,0.6164869263091027
2520.284892,86.685938,-194.956612,2.708796,0.7055526886281551,0.22674758175671314,-0.29906891544389497,0.6011145660789438
2521.284819,87.483248,-194.392337,2.908299,0.7084741605957854,0.21548591951269472,-0.2714929066231558,0.6147534334293517
2522.283882,87.9366,-193.867725,2.901923,0.706718286788612,0.2201819230263219,-0.2769332284866404,0.6126803170095855
2523.280845,88.14903,-193.569466,2.772109,0.7076284712094787,0.21628155965078247,-0.26773323227886753,0.6170924971365889
2524.280286,88.464254,-193.365328,2.555112,0.7050134869485498,0.22428304844465832,-0.28750052858155706,0.6082734117700226
2525.2842,88.846628,-192.771708,2.498463,0.7042254344568656,0.2295481673585028,-0.30045224630897144,0.6009181508444266
2526.284228,89.321928,-192.059348,2.694786,0.7034899489326191,0.2308313973338883,-0.302476703826982,0.6002721061299032
2527.279423,89.993199,-191.185877,2.862757,0.7005733367523109,0.2347868572854836,-0.3081995479030819,0.5992371568503367
2528.280482,90.699101,-190.392679,3.021147,0.7043811147680072,0.22582599951112742,-0.2908322489897055,0.6068496239189489
2529.2798,91.497052,-189.928935,3.134093,0.707028841316292,0.220011767870753,-0.2819781642659492,0.6100765152196347
2530.279529,92.367045,-189.608676,3.278401,0.7060596802120361,0.22132838633968485,-0.2826219985987975,0.6104246712635146
2531.282429,93.29634,-189.266699,3.372603,0.7055309161208062,0.22344634012276116,-0.2886286352317594,0.6074465988115593
2532.280165,94.145842,-188.833276,3.473323,0.7012844119607581,0.23220769605460373,-0.2997298527895078,0.6036901314255902
2533.279874,94.85189,-188.271015,3.568754,0.702383503615831,0.2294212957442981,-0.29290521970378675,0.6068194255111102
2534.286879,95.450573,-187.680257,3.578968,0.6998796218055042,0.23414730024361038,-0.2975150734045371,0.6056635517076341
2535.290835,95.881532,-187.009704,3.559365,0.6974610627678246,0.23982488847965336,-0.30871694639006714,0.60060464184028
2536.283666,96.417904,-186.277763,3.533466,0.6973586334325758,0.2417159076303918,-0.31228035972077206,0.598118159988586
2537.285819,97.119257,-185.518975,3.696723,0.698432983262109,0.23959740491071801,-0.3099118500687069,0.5989483255161762
2538.28759,98.032231,-184.815024,4.000859,0.6996509876754001,0.23772439516843633,-0.30632564804073137,0.6001168259089762
2539.289676,99.004862,-184.229788,4.333019,0.7004980762616945,0.23675682359601483,-0.3064815133188644,0.5994311750552932
2540.288399,99.943916,-183.836769,4.505128,0.7023965794801486,0.23101362862204564,-0.29202716805841644,0.6066233441281703
2541.289238,100.75943,-183.632444,4.612105,0.7015315017868117,0.23273843565095972,-0.2921185701441912,0.6069210109630397
2542.285301,101.411917,-183.470831,4.577479,0.6974351558317651,0.24304447974130275,-0.3121213143082959,0.5975733172018837
2543.287641,101.948713,-182.941727,4.586897,0.6953257462704108,0.24538252067111893,-0.31345914491589877,0.5983752080352075
2544.287671,102.393456,-182.340636,4.616036,0.6968035649922414,0.2422689786295535,-0.3067803809400548,0.6013786924045208
2545.283403,102.888426,-181.82515,4.605722,0.6963339251066096,0.24403308195017492,-0.3138188314413368,0.5975656120396452
2546.281543,103.318343,-181.338379,4.663635,0.6953016403252765,0.24815176970595368,-0.32215771824821066,0.5926134766657689
2547.287351,103.806716,-180.822914,4.728355,0.6981151099421439,0.2408364117814924,-0.3097898309109645,0.598885111431934
2548.284316,104.424913,-180.404941,4.875702,0.6978425929732218,0.2432560157324718,-0.31855951883048605,0.5936009258793848
2549.287209,105.074028,-179.979561,4.939758,0.6955341806033056,0.24727202978396523,-0.32256866954478247,0.5924847680127439
2550.283969,105.72991,-179.646046,4.958593,0.6959738177644842,0.2458105495646109,-0.3208066841103977,0.5935323833955178
2551.285915,106.33914,-179.264099,4.94348,0.6912880271542919,0.2574705137434142,-0.3457220243353307,0.5799190287922188
2552.282805,106.834411,-178.841618,4.876949,0.6914764547933018,0.2576549086587108,-0.34650301219184243,0.5791458564580585
2553.283607,107.42317,-178.445042,4.849488,0.6940570178442661,0.25168412843360916,-0.3345096068659721,0.5856989656727348
2554.276892,108.083355,-178.074217,4.95041,0.6929018207902691,0.2515340955108011,-0.3306321360375579,0.5893216915745889
2555.279951,108.836195,-177.606353,5.240583,0.6910714681015142,0.2575053085443489,-0.34750680548700036,0.5790943465340667
2556.282615,109.670754,-177.010142,5.452966,0.69119598616071,0.2586924967224568,-0.35162236353521725,0.5759236184744754
2557.28287,110.234582,-176.561866,5.478867,0.6896384732808466,0.26147556061727223,-0.35270889389028554,0.5758695542754778
2558.277641,110.710944,-176.214958,5.246971,0.6891056434897455,0.2632657786414872,-0.35688787714378195,0.5731104475183472
2559.282683,111.199654,-175.835027,5.042716,0.6874461579446253,0.266968234845407,-0.3656620896546203,0.5678353438278718
2560.280675,111.757106,-175.330519,5.021935,0.6860481926297742,0.26911761213151586,-0.36672262704648606,0.567827529309891
2561.284487,112.419643,-174.927539,5.150543,0.6886617473900309,0.2654162135580183,-0.36313842284802267,0.5687088157516854
2562.283652,113.258479,-174.585344,5.290344,0.6912964156804539,0.26042788886574597,-0.35313226527893604,0.5740942288398788
2563.283562,114.163345,-174.460698,5.491754,0.6899142958762243,0.2649518884316488,-0.3667095674574593,0.5651042862138634
2564.281582,115.156833,-174.395597,5.753781,0.6796500504863539,0.28439162782176647,-0.47006681575555653,0.48603950418069336
2565.281586,115.961577,-173.917383,5.90497,0.6852570724359228,0.2723027143592177,-0.5163052239386535,0.43554895495547635
2566.279611,116.664792,-173.368227,6.047699,0.6873284830611054,0.26655588217481435,-0.5315387458587153,0.4171259758177024
2567.283438,117.284315,-172.704196,6.172025,0.6858987582659296,0.2687157476497269,-0.5327181514615049,0.41658865980453835
2568.283253,117.81591,-171.947413,6.280063,0.6844092417007874,0.27157393246523504,-0.5315936797139111,0.4186164697765067
2569.288156,118.355889,-171.164584,6.350997,0.680192325931179,0.2809482935215513,-0.5162831896415598,0.43801612322515965
2570.280781,119.031505,-170.559912,6.353904,0.6809483845085904,0.2782926957122186,-0.5262019235429531,0.42658411691958636
2571.281579,119.676247,-169.963854,6.381422,0.6818124980808491,0.2750259184319316,-0.5367459168034306,0.41400034111854245
2572.27949,120.232689,-169.296729,6.475278,0.682747569202154,0.27128411434057165,-0.5463419135448317,0.4022079058884512
2573.286885,120.598075,-168.469439,6.588817,0.6807289263814899,0.2739040924830213,-0.5494326371416783,0.3996354015250623
2574.286809,120.762708,-167.650799,6.6342,0.7295265954637947,0.05618561234502384,-0.6723015211057234,0.1124490471073456
2575.284658,120.919701,-166.789183,6.420822,0.5255348476553566,-0.5132535253683138,-0.4855244877994642,-0.473972482686418
2576.282163,120.91357,-166.017748,6.187222,-0.46420335301639026,0.5695225248721011,0.4235520358379578,0.5298707518340383
2577.279968,120.606709,-165.148301,6.19709,0.04190206143672535,0.732725385400542,-0.10428165812468913,0.6711803502902522
2578.279796,120.318889,-164.394371,6.323801,0.281014329280483,0.6797188996683546,-0.46686290727047625,0.49097066102532083
2579.28469,120.060277,-163.67525,6.545576,0.27860193735685396,0.6806308348254773,-0.4633926864452793,0.4943580133211239
2580.28066,119.892383,-163.080113,6.708161,0.2779703511309525,0.6805981458974283,-0.46107094934409376,0.49692275794539137
2581.282639,119.909151,-162.589563,6.757252,0.2775729272172498,0.6807600704485145,-0.46909869655567404,0.4893520301876233
2582.287799,119.995893,-162.214431,6.825778,0.2830904100827688,0.677440180428476,-0.4868030592375608,0.47324137940078276
2583.288318,119.964287,-161.770061,6.940254,0.28470039438781625,0.6760895740618914,-0.4952841754832717,0.4653409059991265
2584.28501,119.742129,-161.171743,6.8636,0.2828533339054217,0.676993469026816,-0.5027805686009363,0.45703997005835784
2585.290064,119.468276,-160.571345,6.670977,0.2837932862211026,0.675774648291164,-0.5053397846857666,0.45543572261793874
2586.284885,118.982431,-159.944287,6.402133,0.2852276221560405,0.6748594921601777,-0.5085041851477146,0.4523641929770489
2587.282497,118.382701,-159.473593,6.313102,0.28245623253107566,0.6760703433863847,-0.5110222907880572,0.44944809023456006
2588.280281,117.999749,-158.88752,6.359267,0.2858498795825601,0.6738410572174488,-0.509915296223062,0.451900947806545
2589.281007,117.853066,-158.312379,6.342313,0.2846511225631147,0.6741232645159064,-0.5160826048169037,0.4451857002054039
2590.277987,117.801532,-157.711744,6.356049,0.28421174860059834,0.6744314459319579,-0.5010631083385266,0.461845935521417
2591.284188,117.87286,-157.160414,6.694397,0.28639471586707727,0.6729193269522481,-0.503813536857748,0.4597059562551222
2592.280985,117.906007,-156.52487,7.144908,0.28955196590236454,0.6708026032122655,-0.5008575697686669,0.4640314874781116
2593.280886,117.742279,-155.903363,7.419675,0.29038986024178914,0.6697568318023543,-0.5116408126750244,0.4531260245539508
2594.285981,117.492811,-155.389654,7.592737,0.2857595730208458,0.6725765090969109,-0.5119262001691518,0.45156823561708853
2595.289922,117.185289,-154.979941,7.652076,0.2872111427431345,0.6705884038457598,-0.5288291747169418,0.43377489102065037
2596.287892,116.721758,-154.618831,7.457546,0.2867434951058593,0.6707011291787752,-0.530723840277256,0.4315905104310726
2597.289572,116.215821,-154.205003,7.015659,0.2868402126143093,0.6700625415739271,-0.5369154246116213,0.4248066732302938
2598.29061,115.698072,-153.737619,6.637456,0.28779368648744064,0.6689986897823292,-0.5406026243490304,0.42114647052354204
2599.28742,115.265637,-153.143673,6.503856,0.28457746463033956,0.6708900235947132,-0.5431424088769056,0.4170354499860237
2600.283349,114.942321,-152.424309,6.649306,0.28385970935807975,0.6720894739634775,-0.531885028071313,0.429904316452186
2601.28466,114.682469,-151.538094,6.957745,0.2875644175907111,0.6691916898250128,-0.5374464163479842,0.4250182790887566
2602.282502,114.382368,-150.57556,7.200202,0.28496071155655905,0.6706013535779509,-0.538147573554211,0.42366072100952984
2603.284299,114.138127,-149.68416,7.319572,0.28386868989635333,0.6702732190612912,-0.5456146656293017,0.41527944249139964
2604.286318,113.852624,-148.924291,7.276104,0.2833828082722135,0.6700042086747141,-0.5488879425223312,0.4117166147819712
2605.28729,113.530189,-148.231878,7.16777,0.2854369653305033,0.6693139007332175,-0.5383348157086975,0.4251355869650062
2606.283242,113.385491,-147.474319,7.082171,0.2803151374548404,0.6719547515144024,-0.5468788186893198,0.41330835135509403
2607.287254,113.321084,-146.55559,7.024046,0.2792485050413273,0.6724422269529508,-0.5456050683752748,0.4149178632042152
2608.288229,113.547587,-145.81756,7.064059,0.2802445620995815,0.67336234522733,-0.5240626458893634,0.4397777627700196
2609.288321,114.115413,-145.19359,7.378608,0.2776991103173601,0.6742082728753148,-0.5340509076754261,0.4279205965205287
2610.28615,114.550852,-144.370687,7.691052,0.279863320396495,0.6725072642932232,-0.537556235972017,0.42478676360862627
2611.288063,114.576543,-143.532079,7.833394,0.2854681751941966,0.66862605871183,-0.5395184353069558,0.4246963297777768
2612.282893,114.241081,-142.837976,7.787859,0.28752421962617336,0.6664830503221134,-0.5461720242136389,0.4181223346439026
2613.287611,113.708114,-142.276752,7.654645,0.28250739686763515,0.6683755410823755,-0.5565431798594,0.4046274777494748
2614.283823,113.203033,-141.880131,7.752346,0.2843775883319701,0.668589997359613,-0.5403815023548595,0.42438736385273107
2615.283904,113.041966,-141.541123,8.03842,0.28024282628652214,0.6716233755224787,-0.5335944260832618,0.430886282236518
2616.293964,113.148297,-141.185819,8.133366,0.2806412702121168,0.671652745656234,-0.5306445846386302,0.4342112291268705
2617.290751,113.44172,-140.946473,7.882738,0.27769843427223456,0.6723297108254289,-0.5423360991276738,0.4203901701123879
2618.292574,113.915157,-139.405706,7.251823,0.27838316216398606,0.6773746706228535,-0.5081298853369625,0.4532884183934176
2619.285452,114.025189,-138.851771,7.449211,0.2744307716852967,0.6797866373662468,-0.5097841440413404,0.45021995257267455
2620.285362,114.007149,-138.209258,7.608616,0.28058118340182236,0.6759165263016514,-0.51214368380375,0.44957746399599074
2621.284993,113.838202,-137.512422,7.577884,0.28299687137703405,0.6743580832723223,-0.5160622887871203,0.44590768148562854
2622.287579,113.50301,-136.957528,7.627933,0.28848595919148606,0.6700065644052459,-0.5310325124068338,0.43112820108424055
2623.285452,112.858482,-136.547644,7.905367,0.2915437737150442,0.6680921081226228,-0.531648251925038,0.43128331673890685
2624.290439,112.152275,-136.020405,8.172629,0.2908319846596124,0.6690168411436522,-0.5274542180852162,0.4354598383194867
2625.292088,111.66591,-135.352907,8.396117,0.29308958029200605,0.6675022530430316,-0.5338441546475916,0.42842695836668654
2626.293994,111.417859,-134.557383,8.644593,0.29792730425800074,0.6648929343692054,-0.5233870329580403,0.4418401531491311
2627.286802,111.311458,-133.725659,8.856862,0.29873384868118597,0.664047272994569,-0.5308195931427729,0.43362410728226775
2628.293043,111.15141,-132.99426,9.058302,0.2987675838292817,0.6637229545079582,-0.5363703105851485,0.4272196863849224
2629.293798,111.006793,-132.362282,9.273086,0.2951132002646284,0.6657962780806181,-0.5413954213549581,0.42013630271550334
2630.290854,110.80103,-131.669163,9.3096,0.2964082264635602,0.6650233155712407,-0.5417778839184173,0.4199558042559276
2631.287582,110.561693,-130.984852,9.284441,0.2980195657226921,0.6632870583597862,-0.5480192961044403,0.41341198308234073
2632.289868,110.239744,-130.314154,9.176636,0.2810744342112775,0.6750279531425718,-0.538160219604018,0.4191873124806087
2633.286793,109.841868,-129.578704,9.066831,0.2832293839514137,0.67388917383224,-0.5362792543477659,0.42197044779748255
2634.289776,109.33931,-128.718049,9.04032,0.28899005276955064,0.6692882654044345,-0.5485222685209906,0.4094646359928558
2635.287726,108.82913,-127.817164,9.099114,0.2832373429065587,0.6735226729975634,-0.5469912837801556,0.408588242623288
2636.287649,108.276222,-126.87726,9.228072,0.27748344486711696,0.677475471308428,-0.5371357389528085,0.41894524885684237
2637.287626,107.728972,-125.959839,9.344444,0.29121716657587016,0.6677235755775568,-0.5515888417638369,0.40630965795938634
2638.290774,107.230201,-125.111575,9.388654,0.28639450876792183,0.6706415479193091,-0.5516551082948834,0.40483915453440783
2639.290838,106.819963,-124.316885,9.347594,0.2948871663933276,0.6639855600306926,-0.5658783473877976,0.38980306710555324
2640.289983,106.439816,-123.657309,9.249673,0.2873370783233491,0.6690919632189204,-0.56042587494928,0.39455821733146856
2641.28907,105.935141,-123.02657,9.111068,0.28342219931925355,0.6717530036179842,-0.5561950799682938,0.3988317841926809
2642.295175,105.304569,-122.415778,8.979976,0.2726400730951014,0.6770016639565543,-0.5688674425895249,0.3791120814540315
2643.29279,104.5561,-121.905097,8.789809,0.2724384346415207,0.6765583550499443,-0.5705844362797,0.37746455809462237
2644.28726,103.812554,-121.377753,8.571103,0.2737081133905178,0.6748165216390543,-0.5756720854434487,0.3718980785488977
2645.288135,103.124215,-120.825033,8.270921,0.27032953911341523,0.6770005334144438,-0.574600816579035,0.372056608093437
2646.289202,102.51341,-120.224479,7.982737,0.2696250273832813,0.6774740192382964,-0.5730781407409322,0.3740491177246506
2647.287458,101.997463,-119.641679,7.891281,0.26938439957989324,0.6776462316957182,-0.5725532354372662,0.37471378747237455
2648.289389,101.651917,-118.88995,7.980568,0.26992327349507406,0.6774936529491905,-0.5705930453608795,0.37758092275042543
2649.287157,101.477079,-117.991971,8.146614,0.2689484938148926,0.6781415555972191,-0.5698213249290385,0.3782781990850114
2650.289043,101.409166,-117.284079,8.501866,0.2708826659623093,0.6774834480484261,-0.5634371541367266,0.38752720193539214
2651.289242,101.407137,-116.510321,8.887176,0.26913642086746664,0.6782884989912645,-0.5652437769384827,0.384694387444301
2652.293384,101.400654,-115.655415,9.27943,0.2693014043018565,0.6775625941639344,-0.5686211348217268,0.3808617723859135
2653.285034,101.405799,-114.908409,9.437319,0.2669409375579761,0.6787474065939543,-0.5679505184064011,0.3814140827755973
2654.293051,101.324114,-114.374851,9.338978,0.26761676804145923,0.6772157653257832,-0.5736504270058931,0.37508033839860755
2655.29696,101.072106,-113.925039,9.199039,0.2665638629473401,0.6759618854235179,-0.5848965241318475,0.36043764021499997
2656.293864,100.571216,-113.419407,9.064195,0.26861548929271095,0.6734308548970346,-0.5905083424364447,0.35445239468460243
2657.29478,100.025179,-112.835653,8.918028,0.2698596902385451,0.6721919834203751,-0.594063473447682,0.3498889459886008
2658.293854,99.449757,-112.132957,8.86531,0.2702949051181478,0.672213792977656,-0.5906543538217934,0.3552417699386212
2659.288763,99.039253,-111.367525,8.928316,0.26612219526894765,0.6747586403854814,-0.5902764801217977,0.3541940589922335
2660.289686,98.743309,-110.504721,9.156354,0.26892295452321463,0.673781005091209,-0.5853005841512107,0.36210886194767006
2661.283703,98.451381,-109.64027,9.352156,0.26563280980619935,0.6749028230194413,-0.589402307987337,0.3557391026778651
2662.288549,98.27518,-108.762342,9.437531,0.267384667487288,0.6748712771763743,-0.5836502973803493,0.36387707979875816
2663.286447,98.296761,-107.823256,9.455132,0.2656811040702823,0.675523890120238,-0.5848917914640549,0.3619152070510234
2664.293196,98.197253,-106.886438,9.456441,0.26650812042438393,0.6740868364762252,-0.5891289750202485,0.35708179655217426
2665.289978,97.987995,-105.998597,9.447096,0.2634828178893188,0.6756517562093817,-0.5901457689019356,0.3546822246115887
2666.295112,97.630106,-105.112684,9.370303,0.2583459167217295,0.6777181448759401,-0.5945535707582046,0.34707571928585323
2667.291255,97.36572,-104.342453,9.209506,0.2575894312371318,0.6766691955285675,-0.6010832954415224,0.3383272922464453
2668.292158,97.119968,-103.580428,9.131625,0.252509800951668,0.6783065053226977,-0.6070898371082034,0.3279954495723884
2669.285025,96.761048,-102.735979,9.043937,0.2506541771126496,0.680583525289127,-0.6005207089902005,0.3366800063486274
2670.292167,96.651415,-101.948461,8.966897,0.25182379421021855,0.679909958779589,-0.5995372362755061,0.3389134505165513
2671.288891,96.238902,-101.051719,8.931631,0.2472084350359244,0.6806054274569752,-0.6086117156284322,0.3244318439410867
2672.28873,95.691243,-100.130166,8.959391,0.24678865425508456,0.6803269803990257,-0.6111710381035133,0.32050042442340393
2673.285837,95.207404,-99.222871,9.087285,0.2503216498986295,0.6798836518504786,-0.6033930197321307,0.33318786784189125
2674.288703,94.87952,-98.325563,9.094358,0.24942003498983334,0.6798347844881488,-0.6054807392049414,0.33016266657128346
2675.285539,94.789285,-97.540225,9.093395,0.25156435147431544,0.6787744164865048,-0.6036106380510196,0.3341180423478398
2676.289617,94.801575,-96.774724,9.153919,0.24955496191849222,0.6805059302154687,-0.6022015572939181,0.33464501238808175
2677.286423,94.748032,-95.997973,9.241877,0.25019371758707654,0.6797477204408765,-0.6040867752096807,0.33230303677841844
2678.291449,94.569553,-95.216073,9.362819,0.25003077367955207,0.6794944238255763,-0.6055050975730326,0.3303566512365459
2679.290467,94.36388,-94.319815,9.568648,0.24917877069503852,0.680195090005206,-0.604828948186337,0.330796800473536
2680.291634,94.259066,-93.554099,9.755597,0.24967103237711935,0.6800095226477962,-0.6042228202254935,0.3319129527734802
2681.291872,94.148576,-92.859178,9.842575,0.24927405157986304,0.6796293966870056,-0.6067130456572782,0.32842900389138313
2682.291986,93.991098,-92.258564,9.690245,0.2411856203072735,0.6820238348263133,-0.6163950570714982,0.3110146602712324
2683.290852,93.472136,-91.667071,9.436622,0.2389168043030772,0.6819421454938124,-0.6220950687149527,0.30144882866158146
2684.291741,92.747662,-90.936799,9.17422,0.23966568368480332,0.682078977236355,-0.621439163379581,0.30189732541741754
2685.286493,92.130691,-90.124515,9.116138,0.23639441924872867,0.6838260510321832,-0.6218407263466387,0.29968937507771476
2686.292471,91.602385,-89.185532,9.212395,0.24336608555823253,0.6812381818034827,-0.6160223220800874,0.31177553905366784
2687.289548,91.411643,-88.318997,9.360907,0.2543561864126671,0.6773145601991617,-0.6056600921877169,0.33124578443655245
2688.288474,91.298894,-87.479131,9.604457,0.24882794247389464,0.6793698058853809,-0.6103392705702404,0.3225326288846682
2689.290458,91.010039,-86.500781,9.683767,0.24357963177284642,0.6808032759799187,-0.6181924467420615,0.3082433473596448
2690.291398,90.534566,-85.609046,9.538931,0.24216399062995292,0.6815644457817825,-0.6176354390476056,0.30879276597876965
2691.288142,90.03938,-84.815317,9.34893,0.24589201108878314,0.6798628147995979,-0.6155800881341097,0.31366355706119753
2692.290264,89.829916,-84.191788,9.250774,0.24501535180717704,0.6801620941038937,-0.615829688775343,0.31321046844873385
2693.28822,89.842748,-83.508012,9.296273,0.24072338847237867,0.6817026016241972,-0.6205329994185566,0.3037640693264876
2694.289545,89.793556,-82.644096,9.441457,0.24288763646212075,0.6801028767389353,-0.6213425728285178,0.30397217026581086
2695.292457,89.782557,-81.903794,9.668184,0.24101038807620498,0.6829108239354538,-0.6161224407458473,0.30974172692831753
2696.29546,89.454729,-81.037222,9.746923,0.23436621086842455,0.6856534849172227,-0.6212030189650835,0.29842685377276523
2697.290209,89.081439,-80.19811,9.816617,0.2375950610812863,0.6834424567679821,-0.6225118579033744,0.2982180108685826
2698.289932,88.743761,-79.395691,9.944176,0.23716048814710827,0.6835048185063272,-0.6226981813337069,0.298031946113419
2699.293126,88.331713,-78.678273,9.993473,0.24180980444553277,0.6819594321705352,-0.6187951377662143,0.3058625979497102
2700.295764,88.039792,-78.007448,10.0095,0.23815622285657434,0.6837650762919704,-0.6210938913142794,0.29998218635480967
2701.292625,87.653821,-77.250478,10.01072,0.2288742046176655,0.6879686156906932,-0.6255301341153602,0.28814550768471453
2702.291657,87.338857,-76.423362,10.020686,0.2258389661837988,0.6897622647807088,-0.6262072948884704,0.2847616604567491
2703.289453,87.012589,-75.484286,10.051166,0.22823385700641544,0.6903135655832684,-0.619613585748265,0.2957287474086129
2704.29255,86.760644,-74.539973,10.161244,0.23341534696179822,0.6886337722057532,-0.6154819246833425,0.30410985509921634
2705.289423,86.516813,-73.550849,10.219328,0.2278286624142507,0.6901138896890734,-0.6219891056099089,0.29149008961427203
2706.290172,86.143225,-72.6808,10.240981,0.2287369827167564,0.6887779008978564,-0.6256204884957451,0.2861178085102749
2707.290081,85.503651,-71.82708,10.110776,0.227239820125751,0.6897940002453011,-0.6255637112110037,0.2849848146668832
2708.293216,84.922215,-71.019187,9.862743,0.23427080005267775,0.6874170945751704,-0.6190991022823945,0.29881638489487633
2710.096028,84.547063,-70.296903,9.771643,0.23404850651068432,0.6877641047260992,-0.6189940953483637,0.29840935436793237
2711.105261,84.152295,-69.553743,10.017367,0.23649285328864844,0.6871948863365122,-0.6154898985064583,0.3049696761529768
2712.10041,83.741943,-68.670817,10.377084,0.2361075032569074,0.6879933376124344,-0.6145641733409262,0.3053347198608051
2713.101482,83.479589,-67.713942,10.815509,0.235942746554521,0.6881906851894044,-0.6147881232547846,0.30456553428073047
2714.102122,83.319299,-66.914422,11.19307,0.23789901085033455,0.6872129465345154,-0.6137758952408398,0.3072809417667931
2715.101211,83.013865,-66.184303,11.178217,0.2357117147063062,0.6868774972928684,-0.6206725607878003,0.29564313546573867
2716.095101,82.520205,-65.656998,10.796044,0.2237831293897372,0.6911695056064823,-0.6282389113987504,0.2784271820866997
2717.100104,81.855618,-65.453501,10.385812,0.2277546304855643,0.6900442394774349,-0.6237838453058294,0.2878549811830007
2718.102018,81.075859,-65.175655,10.123005,0.2225695614576866,0.6930587139611945,-0.6248083308807891,0.2823950406380231
2719.096849,80.287506,-64.732144,9.938869,0.22124629752513872,0.6935972774550391,-0.6267626996723065,0.2777434262729861
2720.094776,79.492074,-64.142485,9.76335,0.22224120238016523,0.693849616353129,-0.6245417443723315,0.28129907107489605
2706.033333,79.014434,-63.444465,9.766086,0.22751070890645306,0.692751319695925,-0.6168550612483402,0.29635168264199874
2707.033333,78.627861,-62.569551,9.676537,0.2275013308326554,0.6927450959438,-0.6172448887531383,0.2955606939755561
